2026-01-07 15:20:55 DEBUG IntegratorServiceImpl:49 - Adding Integrator [org.hibernate.boot.beanvalidation.BeanValidationIntegrator].
2026-01-07 15:20:55 DEBUG IntegratorServiceImpl:49 - Adding Integrator [org.hibernate.cache.internal.CollectionCacheInvalidator].
2026-01-07 15:20:55 INFO  Version:45 - HHH000412: Hibernate ORM core version 7.0.0.Final
2026-01-07 15:20:55 DEBUG Environment:162 - HHH000206: 'hibernate.properties' not found
2026-01-07 15:20:55 DEBUG LocalXmlResourceResolver:87 - Checking public/system identifiers `-//Hibernate/Hibernate Configuration DTD 3.0//EN`/`http://www.hibernate.org/dtd/hibernate-configuration-3.0.dtd` as DTD references
2026-01-07 15:20:55 DEBUG JaxbCfgProcessor:113 - cfg.xml document did not define namespaces; wrapping in custom event reader to introduce namespace information
2026-01-07 15:20:55 DEBUG Configuration:1104 - Building session factory using internal StandardServiceRegistryBuilder
2026-01-07 15:20:55 DEBUG Configuration:1005 - Building session factory using provided StandardServiceRegistry
2026-01-07 15:20:55 DEBUG RegionFactoryInitiator:117 - Cannot default RegionFactory based on registered strategies as `[]` RegionFactory strategies were registered
2026-01-07 15:20:55 DEBUG RegionFactoryInitiator:47 - HHH000026: Second-level cache disabled
2026-01-07 15:20:56 DEBUG BasicTypeRegistry:423 - Adding type registration boolean -> org.hibernate.type.BasicTypeReference@16afbd92
2026-01-07 15:20:56 DEBUG BasicTypeRegistry:423 - Adding type registration boolean -> org.hibernate.type.BasicTypeReference@16afbd92
2026-01-07 15:20:56 DEBUG BasicTypeRegistry:423 - Adding type registration java.lang.Boolean -> org.hibernate.type.BasicTypeReference@16afbd92
2026-01-07 15:20:56 DEBUG BasicTypeRegistry:423 - Adding type registration numeric_boolean -> org.hibernate.type.BasicTypeReference@2c5d601e
2026-01-07 15:20:56 DEBUG BasicTypeRegistry:423 - Adding type registration org.hibernate.type.NumericBooleanConverter -> org.hibernate.type.BasicTypeReference@2c5d601e
2026-01-07 15:20:56 DEBUG BasicTypeRegistry:423 - Adding type registration true_false -> org.hibernate.type.BasicTypeReference@7fe083b1
2026-01-07 15:20:56 DEBUG BasicTypeRegistry:423 - Adding type registration org.hibernate.type.TrueFalseConverter -> org.hibernate.type.BasicTypeReference@7fe083b1
2026-01-07 15:20:56 DEBUG BasicTypeRegistry:423 - Adding type registration yes_no -> org.hibernate.type.BasicTypeReference@23c388c2
2026-01-07 15:20:56 DEBUG BasicTypeRegistry:423 - Adding type registration org.hibernate.type.YesNoConverter -> org.hibernate.type.BasicTypeReference@23c388c2
2026-01-07 15:20:56 DEBUG BasicTypeRegistry:423 - Adding type registration byte -> org.hibernate.type.BasicTypeReference@486be205
2026-01-07 15:20:56 DEBUG BasicTypeRegistry:423 - Adding type registration byte -> org.hibernate.type.BasicTypeReference@486be205
2026-01-07 15:20:56 DEBUG BasicTypeRegistry:423 - Adding type registration java.lang.Byte -> org.hibernate.type.BasicTypeReference@486be205
2026-01-07 15:20:56 DEBUG BasicTypeRegistry:423 - Adding type registration binary -> org.hibernate.type.BasicTypeReference@f713686
2026-01-07 15:20:56 DEBUG BasicTypeRegistry:423 - Adding type registration byte[] -> org.hibernate.type.BasicTypeReference@f713686
2026-01-07 15:20:56 DEBUG BasicTypeRegistry:423 - Adding type registration [B -> org.hibernate.type.BasicTypeReference@f713686
2026-01-07 15:20:56 DEBUG BasicTypeRegistry:423 - Adding type registration binary_wrapper -> org.hibernate.type.BasicTypeReference@74f7d1d2
2026-01-07 15:20:56 DEBUG BasicTypeRegistry:423 - Adding type registration wrapper-binary -> org.hibernate.type.BasicTypeReference@74f7d1d2
2026-01-07 15:20:56 DEBUG BasicTypeRegistry:423 - Adding type registration image -> org.hibernate.type.BasicTypeReference@4b4dd216
2026-01-07 15:20:56 DEBUG BasicTypeRegistry:423 - Adding type registration blob -> org.hibernate.type.BasicTypeReference@5ca17ab0
2026-01-07 15:20:56 DEBUG BasicTypeRegistry:423 - Adding type registration java.sql.Blob -> org.hibernate.type.BasicTypeReference@5ca17ab0
2026-01-07 15:20:56 DEBUG BasicTypeRegistry:423 - Adding type registration materialized_blob -> org.hibernate.type.BasicTypeReference@5a62b2a4
2026-01-07 15:20:56 DEBUG BasicTypeRegistry:423 - Adding type registration materialized_blob_wrapper -> org.hibernate.type.BasicTypeReference@1051817b
2026-01-07 15:20:56 DEBUG BasicTypeRegistry:423 - Adding type registration short -> org.hibernate.type.BasicTypeReference@35293c05
2026-01-07 15:20:56 DEBUG BasicTypeRegistry:423 - Adding type registration short -> org.hibernate.type.BasicTypeReference@35293c05
2026-01-07 15:20:56 DEBUG BasicTypeRegistry:423 - Adding type registration java.lang.Short -> org.hibernate.type.BasicTypeReference@35293c05
2026-01-07 15:20:56 DEBUG BasicTypeRegistry:423 - Adding type registration integer -> org.hibernate.type.BasicTypeReference@620aa4ea
2026-01-07 15:20:56 DEBUG BasicTypeRegistry:423 - Adding type registration int -> org.hibernate.type.BasicTypeReference@620aa4ea
2026-01-07 15:20:56 DEBUG BasicTypeRegistry:423 - Adding type registration java.lang.Integer -> org.hibernate.type.BasicTypeReference@620aa4ea
2026-01-07 15:20:56 DEBUG BasicTypeRegistry:423 - Adding type registration long -> org.hibernate.type.BasicTypeReference@2db2dd9d
2026-01-07 15:20:56 DEBUG BasicTypeRegistry:423 - Adding type registration long -> org.hibernate.type.BasicTypeReference@2db2dd9d
2026-01-07 15:20:56 DEBUG BasicTypeRegistry:423 - Adding type registration java.lang.Long -> org.hibernate.type.BasicTypeReference@2db2dd9d
2026-01-07 15:20:56 DEBUG BasicTypeRegistry:423 - Adding type registration float -> org.hibernate.type.BasicTypeReference@3174cb09
2026-01-07 15:20:56 DEBUG BasicTypeRegistry:423 - Adding type registration float -> org.hibernate.type.BasicTypeReference@3174cb09
2026-01-07 15:20:56 DEBUG BasicTypeRegistry:423 - Adding type registration java.lang.Float -> org.hibernate.type.BasicTypeReference@3174cb09
2026-01-07 15:20:56 DEBUG BasicTypeRegistry:423 - Adding type registration double -> org.hibernate.type.BasicTypeReference@4d411036
2026-01-07 15:20:56 DEBUG BasicTypeRegistry:423 - Adding type registration double -> org.hibernate.type.BasicTypeReference@4d411036
2026-01-07 15:20:56 DEBUG BasicTypeRegistry:423 - Adding type registration java.lang.Double -> org.hibernate.type.BasicTypeReference@4d411036
2026-01-07 15:20:56 DEBUG BasicTypeRegistry:423 - Adding type registration big_integer -> org.hibernate.type.BasicTypeReference@7adbd080
2026-01-07 15:20:56 DEBUG BasicTypeRegistry:423 - Adding type registration java.math.BigInteger -> org.hibernate.type.BasicTypeReference@7adbd080
2026-01-07 15:20:56 DEBUG BasicTypeRegistry:423 - Adding type registration big_decimal -> org.hibernate.type.BasicTypeReference@41beb473
2026-01-07 15:20:56 DEBUG BasicTypeRegistry:423 - Adding type registration java.math.BigDecimal -> org.hibernate.type.BasicTypeReference@41beb473
2026-01-07 15:20:56 DEBUG BasicTypeRegistry:423 - Adding type registration character -> org.hibernate.type.BasicTypeReference@560513ce
2026-01-07 15:20:56 DEBUG BasicTypeRegistry:423 - Adding type registration char -> org.hibernate.type.BasicTypeReference@560513ce
2026-01-07 15:20:56 DEBUG BasicTypeRegistry:423 - Adding type registration java.lang.Character -> org.hibernate.type.BasicTypeReference@560513ce
2026-01-07 15:20:56 DEBUG BasicTypeRegistry:423 - Adding type registration character_nchar -> org.hibernate.type.BasicTypeReference@13006998
2026-01-07 15:20:56 DEBUG BasicTypeRegistry:423 - Adding type registration string -> org.hibernate.type.BasicTypeReference@37fbe4a8
2026-01-07 15:20:56 DEBUG BasicTypeRegistry:423 - Adding type registration java.lang.String -> org.hibernate.type.BasicTypeReference@37fbe4a8
2026-01-07 15:20:56 DEBUG BasicTypeRegistry:423 - Adding type registration nstring -> org.hibernate.type.BasicTypeReference@352c308
2026-01-07 15:20:56 DEBUG BasicTypeRegistry:423 - Adding type registration characters -> org.hibernate.type.BasicTypeReference@7d373bcf
2026-01-07 15:20:56 DEBUG BasicTypeRegistry:423 - Adding type registration char[] -> org.hibernate.type.BasicTypeReference@7d373bcf
2026-01-07 15:20:56 DEBUG BasicTypeRegistry:423 - Adding type registration [C -> org.hibernate.type.BasicTypeReference@7d373bcf
2026-01-07 15:20:56 DEBUG BasicTypeRegistry:423 - Adding type registration wrapper-characters -> org.hibernate.type.BasicTypeReference@6d6bc158
2026-01-07 15:20:56 DEBUG BasicTypeRegistry:423 - Adding type registration text -> org.hibernate.type.BasicTypeReference@5dda6f9
2026-01-07 15:20:56 DEBUG BasicTypeRegistry:423 - Adding type registration ntext -> org.hibernate.type.BasicTypeReference@10027fc9
2026-01-07 15:20:56 DEBUG BasicTypeRegistry:423 - Adding type registration clob -> org.hibernate.type.BasicTypeReference@54afd745
2026-01-07 15:20:56 DEBUG BasicTypeRegistry:423 - Adding type registration java.sql.Clob -> org.hibernate.type.BasicTypeReference@54afd745
2026-01-07 15:20:56 DEBUG BasicTypeRegistry:423 - Adding type registration nclob -> org.hibernate.type.BasicTypeReference@677dbd89
2026-01-07 15:20:56 DEBUG BasicTypeRegistry:423 - Adding type registration java.sql.NClob -> org.hibernate.type.BasicTypeReference@677dbd89
2026-01-07 15:20:56 DEBUG BasicTypeRegistry:423 - Adding type registration materialized_clob -> org.hibernate.type.BasicTypeReference@fff25f1
2026-01-07 15:20:56 DEBUG BasicTypeRegistry:423 - Adding type registration materialized_clob_char_array -> org.hibernate.type.BasicTypeReference@c00fff0
2026-01-07 15:20:56 DEBUG BasicTypeRegistry:423 - Adding type registration materialized_clob_character_array -> org.hibernate.type.BasicTypeReference@263f04ca
2026-01-07 15:20:56 DEBUG BasicTypeRegistry:423 - Adding type registration materialized_nclob -> org.hibernate.type.BasicTypeReference@2ca47471
2026-01-07 15:20:56 DEBUG BasicTypeRegistry:423 - Adding type registration materialized_nclob_character_array -> org.hibernate.type.BasicTypeReference@5a021cb9
2026-01-07 15:20:56 DEBUG BasicTypeRegistry:423 - Adding type registration materialized_nclob_char_array -> org.hibernate.type.BasicTypeReference@51768776
2026-01-07 15:20:56 DEBUG BasicTypeRegistry:423 - Adding type registration Duration -> org.hibernate.type.BasicTypeReference@f31c0c6
2026-01-07 15:20:56 DEBUG BasicTypeRegistry:423 - Adding type registration java.time.Duration -> org.hibernate.type.BasicTypeReference@f31c0c6
2026-01-07 15:20:56 DEBUG BasicTypeRegistry:423 - Adding type registration LocalDateTime -> org.hibernate.type.BasicTypeReference@b93aad
2026-01-07 15:20:56 DEBUG BasicTypeRegistry:423 - Adding type registration java.time.LocalDateTime -> org.hibernate.type.BasicTypeReference@b93aad
2026-01-07 15:20:56 DEBUG BasicTypeRegistry:423 - Adding type registration LocalDate -> org.hibernate.type.BasicTypeReference@4a9419d7
2026-01-07 15:20:56 DEBUG BasicTypeRegistry:423 - Adding type registration java.time.LocalDate -> org.hibernate.type.BasicTypeReference@4a9419d7
2026-01-07 15:20:56 DEBUG BasicTypeRegistry:423 - Adding type registration LocalTime -> org.hibernate.type.BasicTypeReference@2f3c6ac4
2026-01-07 15:20:56 DEBUG BasicTypeRegistry:423 - Adding type registration java.time.LocalTime -> org.hibernate.type.BasicTypeReference@2f3c6ac4
2026-01-07 15:20:56 DEBUG BasicTypeRegistry:423 - Adding type registration OffsetDateTime -> org.hibernate.type.BasicTypeReference@2e8ab815
2026-01-07 15:20:56 DEBUG BasicTypeRegistry:423 - Adding type registration java.time.OffsetDateTime -> org.hibernate.type.BasicTypeReference@2e8ab815
2026-01-07 15:20:56 DEBUG BasicTypeRegistry:423 - Adding type registration OffsetDateTimeWithTimezone -> org.hibernate.type.BasicTypeReference@67af833b
2026-01-07 15:20:56 DEBUG BasicTypeRegistry:423 - Adding type registration OffsetDateTimeWithoutTimezone -> org.hibernate.type.BasicTypeReference@d1f74b8
2026-01-07 15:20:56 DEBUG BasicTypeRegistry:423 - Adding type registration OffsetTime -> org.hibernate.type.BasicTypeReference@41394595
2026-01-07 15:20:56 DEBUG BasicTypeRegistry:423 - Adding type registration java.time.OffsetTime -> org.hibernate.type.BasicTypeReference@41394595
2026-01-07 15:20:56 DEBUG BasicTypeRegistry:423 - Adding type registration OffsetTimeUtc -> org.hibernate.type.BasicTypeReference@3a0807b7
2026-01-07 15:20:56 DEBUG BasicTypeRegistry:423 - Adding type registration OffsetTimeWithTimezone -> org.hibernate.type.BasicTypeReference@21a5fd96
2026-01-07 15:20:56 DEBUG BasicTypeRegistry:423 - Adding type registration OffsetTimeWithoutTimezone -> org.hibernate.type.BasicTypeReference@5769e7ae
2026-01-07 15:20:56 DEBUG BasicTypeRegistry:423 - Adding type registration ZonedDateTime -> org.hibernate.type.BasicTypeReference@5c77053b
2026-01-07 15:20:56 DEBUG BasicTypeRegistry:423 - Adding type registration java.time.ZonedDateTime -> org.hibernate.type.BasicTypeReference@5c77053b
2026-01-07 15:20:56 DEBUG BasicTypeRegistry:423 - Adding type registration ZonedDateTimeWithTimezone -> org.hibernate.type.BasicTypeReference@26b894bd
2026-01-07 15:20:56 DEBUG BasicTypeRegistry:423 - Adding type registration ZonedDateTimeWithoutTimezone -> org.hibernate.type.BasicTypeReference@287f94b1
2026-01-07 15:20:56 DEBUG BasicTypeRegistry:423 - Adding type registration date -> org.hibernate.type.BasicTypeReference@30b34287
2026-01-07 15:20:56 DEBUG BasicTypeRegistry:423 - Adding type registration java.sql.Date -> org.hibernate.type.BasicTypeReference@30b34287
2026-01-07 15:20:56 DEBUG BasicTypeRegistry:423 - Adding type registration time -> org.hibernate.type.BasicTypeReference@5489c777
2026-01-07 15:20:56 DEBUG BasicTypeRegistry:423 - Adding type registration java.sql.Time -> org.hibernate.type.BasicTypeReference@5489c777
2026-01-07 15:20:56 DEBUG BasicTypeRegistry:423 - Adding type registration timestamp -> org.hibernate.type.BasicTypeReference@3676ac27
2026-01-07 15:20:56 DEBUG BasicTypeRegistry:423 - Adding type registration java.sql.Timestamp -> org.hibernate.type.BasicTypeReference@3676ac27
2026-01-07 15:20:56 DEBUG BasicTypeRegistry:423 - Adding type registration java.util.Date -> org.hibernate.type.BasicTypeReference@3676ac27
2026-01-07 15:20:56 DEBUG BasicTypeRegistry:423 - Adding type registration calendar -> org.hibernate.type.BasicTypeReference@62f87c44
2026-01-07 15:20:56 DEBUG BasicTypeRegistry:423 - Adding type registration java.util.Calendar -> org.hibernate.type.BasicTypeReference@62f87c44
2026-01-07 15:20:56 DEBUG BasicTypeRegistry:423 - Adding type registration java.util.GregorianCalendar -> org.hibernate.type.BasicTypeReference@62f87c44
2026-01-07 15:20:56 DEBUG BasicTypeRegistry:423 - Adding type registration calendar_date -> org.hibernate.type.BasicTypeReference@48f5bde6
2026-01-07 15:20:56 DEBUG BasicTypeRegistry:423 - Adding type registration calendar_time -> org.hibernate.type.BasicTypeReference@525d79f0
2026-01-07 15:20:56 DEBUG BasicTypeRegistry:423 - Adding type registration instant -> org.hibernate.type.BasicTypeReference@5149f008
2026-01-07 15:20:56 DEBUG BasicTypeRegistry:423 - Adding type registration java.time.Instant -> org.hibernate.type.BasicTypeReference@5149f008
2026-01-07 15:20:56 DEBUG BasicTypeRegistry:423 - Adding type registration uuid -> org.hibernate.type.BasicTypeReference@7072bc39
2026-01-07 15:20:56 DEBUG BasicTypeRegistry:423 - Adding type registration java.util.UUID -> org.hibernate.type.BasicTypeReference@7072bc39
2026-01-07 15:20:56 DEBUG BasicTypeRegistry:423 - Adding type registration pg-uuid -> org.hibernate.type.BasicTypeReference@7072bc39
2026-01-07 15:20:56 DEBUG BasicTypeRegistry:423 - Adding type registration uuid-binary -> org.hibernate.type.BasicTypeReference@158d255c
2026-01-07 15:20:56 DEBUG BasicTypeRegistry:423 - Adding type registration uuid-char -> org.hibernate.type.BasicTypeReference@2ca65ce4
2026-01-07 15:20:56 DEBUG BasicTypeRegistry:423 - Adding type registration class -> org.hibernate.type.BasicTypeReference@327120c8
2026-01-07 15:20:56 DEBUG BasicTypeRegistry:423 - Adding type registration java.lang.Class -> org.hibernate.type.BasicTypeReference@327120c8
2026-01-07 15:20:56 DEBUG BasicTypeRegistry:423 - Adding type registration currency -> org.hibernate.type.BasicTypeReference@5707c1cb
2026-01-07 15:20:56 DEBUG BasicTypeRegistry:423 - Adding type registration Currency -> org.hibernate.type.BasicTypeReference@5707c1cb
2026-01-07 15:20:56 DEBUG BasicTypeRegistry:423 - Adding type registration java.util.Currency -> org.hibernate.type.BasicTypeReference@5707c1cb
2026-01-07 15:20:56 DEBUG BasicTypeRegistry:423 - Adding type registration locale -> org.hibernate.type.BasicTypeReference@2b5cb9b2
2026-01-07 15:20:56 DEBUG BasicTypeRegistry:423 - Adding type registration java.util.Locale -> org.hibernate.type.BasicTypeReference@2b5cb9b2
2026-01-07 15:20:56 DEBUG BasicTypeRegistry:423 - Adding type registration serializable -> org.hibernate.type.BasicTypeReference@35038141
2026-01-07 15:20:56 DEBUG BasicTypeRegistry:423 - Adding type registration java.io.Serializable -> org.hibernate.type.BasicTypeReference@35038141
2026-01-07 15:20:56 DEBUG BasicTypeRegistry:423 - Adding type registration timezone -> org.hibernate.type.BasicTypeReference@ecf9049
2026-01-07 15:20:56 DEBUG BasicTypeRegistry:423 - Adding type registration java.util.TimeZone -> org.hibernate.type.BasicTypeReference@ecf9049
2026-01-07 15:20:56 DEBUG BasicTypeRegistry:423 - Adding type registration ZoneOffset -> org.hibernate.type.BasicTypeReference@672f11c2
2026-01-07 15:20:56 DEBUG BasicTypeRegistry:423 - Adding type registration java.time.ZoneOffset -> org.hibernate.type.BasicTypeReference@672f11c2
2026-01-07 15:20:56 DEBUG BasicTypeRegistry:423 - Adding type registration url -> org.hibernate.type.BasicTypeReference@2970a5bc
2026-01-07 15:20:56 DEBUG BasicTypeRegistry:423 - Adding type registration java.net.URL -> org.hibernate.type.BasicTypeReference@2970a5bc
2026-01-07 15:20:56 DEBUG BasicTypeRegistry:423 - Adding type registration vector -> org.hibernate.type.BasicTypeReference@50305a
2026-01-07 15:20:56 DEBUG BasicTypeRegistry:423 - Adding type registration float_vector -> org.hibernate.type.BasicTypeReference@72efb5c1
2026-01-07 15:20:56 DEBUG BasicTypeRegistry:423 - Adding type registration double_vector -> org.hibernate.type.BasicTypeReference@6d511b5f
2026-01-07 15:20:56 DEBUG BasicTypeRegistry:423 - Adding type registration byte_vector -> org.hibernate.type.BasicTypeReference@41200e0c
2026-01-07 15:20:56 DEBUG BasicTypeRegistry:423 - Adding type registration row_version -> org.hibernate.type.BasicTypeReference@40f33492
2026-01-07 15:20:56 DEBUG BasicTypeRegistry:398 - Adding type registration object -> org.hibernate.type.JavaObjectType@f8908f6
2026-01-07 15:20:56 DEBUG BasicTypeRegistry:398 - Adding type registration java.lang.Object -> org.hibernate.type.JavaObjectType@f8908f6
2026-01-07 15:20:56 DEBUG BasicTypeRegistry:398 - Adding type registration null -> org.hibernate.type.NullType@4fdfa676
2026-01-07 15:20:56 DEBUG BasicTypeRegistry:423 - Adding type registration imm_date -> org.hibernate.type.BasicTypeReference@82c57b3
2026-01-07 15:20:56 DEBUG BasicTypeRegistry:423 - Adding type registration imm_time -> org.hibernate.type.BasicTypeReference@5be82d43
2026-01-07 15:20:56 DEBUG BasicTypeRegistry:423 - Adding type registration imm_timestamp -> org.hibernate.type.BasicTypeReference@600b0b7
2026-01-07 15:20:56 DEBUG BasicTypeRegistry:423 - Adding type registration imm_calendar -> org.hibernate.type.BasicTypeReference@345e5a17
2026-01-07 15:20:56 DEBUG BasicTypeRegistry:423 - Adding type registration imm_calendar_date -> org.hibernate.type.BasicTypeReference@5ea502e0
2026-01-07 15:20:56 DEBUG BasicTypeRegistry:423 - Adding type registration imm_calendar_time -> org.hibernate.type.BasicTypeReference@443dbe42
2026-01-07 15:20:56 DEBUG BasicTypeRegistry:423 - Adding type registration imm_binary -> org.hibernate.type.BasicTypeReference@473b3b7a
2026-01-07 15:20:56 DEBUG BasicTypeRegistry:423 - Adding type registration imm_serializable -> org.hibernate.type.BasicTypeReference@1734f68
2026-01-07 15:20:56 WARN  pooling:84 - HHH10001002: Using built-in connection pool (not intended for production use)
2026-01-07 15:20:56 DEBUG pooling:383 - Initializing Connection pool with 1 Connections
2026-01-07 15:20:56 DEBUG JdbcEnvironmentInitiator:432 - Database ->
	   name : MySQL
	version : 8.0.42
	  major : 8
	  minor : 0
2026-01-07 15:20:56 DEBUG JdbcEnvironmentInitiator:443 - Driver ->
	   name : MySQL Connector/J
	version : mysql-connector-j-8.0.33 (Revision: 7d6b0800528b6b25c68b52dc10d6c1c8429c100c)
	  major : 8
	  minor : 0
2026-01-07 15:20:56 DEBUG JdbcEnvironmentInitiator:388 - JDBC version : 4.2
2026-01-07 15:20:56 WARN  deprecation:152 - HHH90000025: MySQLDialect does not need to be specified explicitly using 'hibernate.dialect' (remove the property setting and it will be selected by default)
2026-01-07 15:20:56 DEBUG dialect:93 - HHH035001: Using dialect: org.hibernate.dialect.MySQLDialect, version: 8.0.42
2026-01-07 15:20:56 DEBUG IdentifierHelperBuilder:115 - JDBC driver metadata reported database stores quoted identifiers in more than one case
2026-01-07 15:20:56 DEBUG IdentifierHelperBuilder:208 - IdentifierCaseStrategy for both quoted and unquoted identifiers was set to the same strategy [LOWER]; that will likely lead to problems in schema update and validation if using quoted identifiers
2026-01-07 15:20:56 INFO  pooling:182 - HHH10001005: Database info:
	Database JDBC URL [jdbc:mysql://localhost:3306/mladec]
	Database driver: com.mysql.jdbc.Driver
	Database version: 8.0.42
	Autocommit mode: false
	Isolation level: undefined/unknown
	Pool: DriverManagerConnectionProviderImpl
	Minimum pool size: 1
	Maximum pool size: 20
2026-01-07 15:20:56 DEBUG DdlTypeRegistry:62 - addDescriptor(12, org.hibernate.type.descriptor.sql.internal.CapacityDependentDdlType@a50d709) replaced previous registration(org.hibernate.type.descriptor.sql.internal.CapacityDependentDdlType@5ed4bc)
2026-01-07 15:20:56 DEBUG DdlTypeRegistry:62 - addDescriptor(-9, org.hibernate.type.descriptor.sql.internal.CapacityDependentDdlType@6920b0bc) replaced previous registration(org.hibernate.type.descriptor.sql.internal.CapacityDependentDdlType@65f651eb)
2026-01-07 15:20:56 DEBUG DdlTypeRegistry:62 - addDescriptor(-3, org.hibernate.type.descriptor.sql.internal.CapacityDependentDdlType@69923ac3) replaced previous registration(org.hibernate.type.descriptor.sql.internal.CapacityDependentDdlType@1f1ff879)
2026-01-07 15:20:56 DEBUG DdlTypeRegistry:62 - addDescriptor(4003, org.hibernate.type.descriptor.sql.internal.DdlTypeImpl@73d60e76) replaced previous registration(org.hibernate.type.descriptor.sql.internal.DdlTypeImpl@24f870ee)
2026-01-07 15:20:56 DEBUG DdlTypeRegistry:62 - addDescriptor(4001, org.hibernate.type.descriptor.sql.internal.DdlTypeImpl@5c441290) replaced previous registration(org.hibernate.type.descriptor.sql.internal.DdlTypeImpl@3c78e551)
2026-01-07 15:20:56 DEBUG DdlTypeRegistry:62 - addDescriptor(4002, org.hibernate.type.descriptor.sql.internal.DdlTypeImpl@7f1ef916) replaced previous registration(org.hibernate.type.descriptor.sql.internal.DdlTypeImpl@1886991b)
2026-01-07 15:20:56 DEBUG DdlTypeRegistry:62 - addDescriptor(2004, org.hibernate.type.descriptor.sql.internal.CapacityDependentDdlType@64aad809) replaced previous registration(org.hibernate.type.descriptor.sql.internal.DdlTypeImpl@1f03fba0)
2026-01-07 15:20:56 DEBUG DdlTypeRegistry:62 - addDescriptor(2005, org.hibernate.type.descriptor.sql.internal.CapacityDependentDdlType@17dd671f) replaced previous registration(org.hibernate.type.descriptor.sql.internal.DdlTypeImpl@3bbf6abe)
2026-01-07 15:20:56 DEBUG DdlTypeRegistry:62 - addDescriptor(2011, org.hibernate.type.descriptor.sql.internal.CapacityDependentDdlType@9679750) replaced previous registration(org.hibernate.type.descriptor.sql.internal.DdlTypeImpl@9b9a327)
2026-01-07 15:20:56 DEBUG JdbcTypeRegistry:73 - addDescriptor(NCharTypeDescriptor) replaced previous registration(CharTypeDescriptor)
2026-01-07 15:20:56 DEBUG JdbcTypeRegistry:73 - addDescriptor(NVarcharTypeDescriptor) replaced previous registration(VarcharTypeDescriptor)
2026-01-07 15:20:56 DEBUG JdbcTypeRegistry:73 - addDescriptor(LongNVarcharTypeDescriptor) replaced previous registration(LongVarcharTypeDescriptor)
2026-01-07 15:20:56 DEBUG JdbcTypeRegistry:73 - addDescriptor(NClobTypeDescriptor(DEFAULT)) replaced previous registration(ClobTypeDescriptor(DEFAULT))
2026-01-07 15:20:56 DEBUG BasicTypeRegistry:398 - Adding type registration null -> org.hibernate.type.NullType@514de325
2026-01-07 15:20:56 DEBUG BasicTypeRegistry:402 - Type registration key [null] overrode previous entry : `org.hibernate.type.NullType@4fdfa676`
2026-01-07 15:20:56 DEBUG BasicTypeRegistry:398 - Adding type registration org.hibernate.type.DurationType -> basicType@1(java.time.Duration,3015)
2026-01-07 15:20:56 DEBUG BasicTypeRegistry:398 - Adding type registration Duration -> basicType@1(java.time.Duration,3015)
2026-01-07 15:20:56 DEBUG BasicTypeRegistry:398 - Adding type registration java.time.Duration -> basicType@1(java.time.Duration,3015)
2026-01-07 15:20:56 DEBUG BasicTypeRegistry:398 - Adding type registration org.hibernate.type.OffsetDateTimeType -> basicType@2(java.time.OffsetDateTime,3003)
2026-01-07 15:20:56 DEBUG BasicTypeRegistry:398 - Adding type registration OffsetDateTime -> basicType@2(java.time.OffsetDateTime,3003)
2026-01-07 15:20:56 DEBUG BasicTypeRegistry:398 - Adding type registration java.time.OffsetDateTime -> basicType@2(java.time.OffsetDateTime,3003)
2026-01-07 15:20:56 DEBUG BasicTypeRegistry:398 - Adding type registration org.hibernate.type.ZonedDateTimeType -> basicType@3(java.time.ZonedDateTime,3003)
2026-01-07 15:20:56 DEBUG BasicTypeRegistry:398 - Adding type registration ZonedDateTime -> basicType@3(java.time.ZonedDateTime,3003)
2026-01-07 15:20:56 DEBUG BasicTypeRegistry:398 - Adding type registration java.time.ZonedDateTime -> basicType@3(java.time.ZonedDateTime,3003)
2026-01-07 15:20:56 DEBUG BasicTypeRegistry:398 - Adding type registration org.hibernate.type.OffsetTimeType -> basicType@4(java.time.OffsetTime,3007)
2026-01-07 15:20:56 DEBUG BasicTypeRegistry:398 - Adding type registration OffsetTime -> basicType@4(java.time.OffsetTime,3007)
2026-01-07 15:20:56 DEBUG BasicTypeRegistry:398 - Adding type registration java.time.OffsetTime -> basicType@4(java.time.OffsetTime,3007)
2026-01-07 15:20:56 DEBUG pooling:606 - HHH10001008: Cleaning up connection pool [jdbc:mysql://localhost:3306/mladec]
2026-01-07 15:20:56 DEBUG BootstrapServiceRegistryImpl:295 - Implicitly destroying Boot-strap registry on de-registration of all child ServiceRegistries
2026-01-07 15:21:21 DEBUG IntegratorServiceImpl:49 - Adding Integrator [org.hibernate.boot.beanvalidation.BeanValidationIntegrator].
2026-01-07 15:21:21 DEBUG IntegratorServiceImpl:49 - Adding Integrator [org.hibernate.cache.internal.CollectionCacheInvalidator].
2026-01-07 15:21:21 INFO  Version:45 - HHH000412: Hibernate ORM core version 7.0.0.Final
2026-01-07 15:21:21 DEBUG Environment:162 - HHH000206: 'hibernate.properties' not found
2026-01-07 15:21:21 DEBUG LocalXmlResourceResolver:87 - Checking public/system identifiers `-//Hibernate/Hibernate Configuration DTD 3.0//EN`/`http://www.hibernate.org/dtd/hibernate-configuration-3.0.dtd` as DTD references
2026-01-07 15:21:21 DEBUG JaxbCfgProcessor:113 - cfg.xml document did not define namespaces; wrapping in custom event reader to introduce namespace information
2026-01-07 15:21:21 DEBUG Configuration:1104 - Building session factory using internal StandardServiceRegistryBuilder
2026-01-07 15:21:21 DEBUG Configuration:1005 - Building session factory using provided StandardServiceRegistry
2026-01-07 15:21:21 DEBUG RegionFactoryInitiator:117 - Cannot default RegionFactory based on registered strategies as `[]` RegionFactory strategies were registered
2026-01-07 15:21:21 DEBUG RegionFactoryInitiator:47 - HHH000026: Second-level cache disabled
2026-01-07 15:21:21 DEBUG BasicTypeRegistry:423 - Adding type registration boolean -> org.hibernate.type.BasicTypeReference@16afbd92
2026-01-07 15:21:21 DEBUG BasicTypeRegistry:423 - Adding type registration boolean -> org.hibernate.type.BasicTypeReference@16afbd92
2026-01-07 15:21:21 DEBUG BasicTypeRegistry:423 - Adding type registration java.lang.Boolean -> org.hibernate.type.BasicTypeReference@16afbd92
2026-01-07 15:21:21 DEBUG BasicTypeRegistry:423 - Adding type registration numeric_boolean -> org.hibernate.type.BasicTypeReference@2c5d601e
2026-01-07 15:21:21 DEBUG BasicTypeRegistry:423 - Adding type registration org.hibernate.type.NumericBooleanConverter -> org.hibernate.type.BasicTypeReference@2c5d601e
2026-01-07 15:21:21 DEBUG BasicTypeRegistry:423 - Adding type registration true_false -> org.hibernate.type.BasicTypeReference@7fe083b1
2026-01-07 15:21:21 DEBUG BasicTypeRegistry:423 - Adding type registration org.hibernate.type.TrueFalseConverter -> org.hibernate.type.BasicTypeReference@7fe083b1
2026-01-07 15:21:21 DEBUG BasicTypeRegistry:423 - Adding type registration yes_no -> org.hibernate.type.BasicTypeReference@23c388c2
2026-01-07 15:21:21 DEBUG BasicTypeRegistry:423 - Adding type registration org.hibernate.type.YesNoConverter -> org.hibernate.type.BasicTypeReference@23c388c2
2026-01-07 15:21:21 DEBUG BasicTypeRegistry:423 - Adding type registration byte -> org.hibernate.type.BasicTypeReference@486be205
2026-01-07 15:21:21 DEBUG BasicTypeRegistry:423 - Adding type registration byte -> org.hibernate.type.BasicTypeReference@486be205
2026-01-07 15:21:21 DEBUG BasicTypeRegistry:423 - Adding type registration java.lang.Byte -> org.hibernate.type.BasicTypeReference@486be205
2026-01-07 15:21:21 DEBUG BasicTypeRegistry:423 - Adding type registration binary -> org.hibernate.type.BasicTypeReference@f713686
2026-01-07 15:21:21 DEBUG BasicTypeRegistry:423 - Adding type registration byte[] -> org.hibernate.type.BasicTypeReference@f713686
2026-01-07 15:21:21 DEBUG BasicTypeRegistry:423 - Adding type registration [B -> org.hibernate.type.BasicTypeReference@f713686
2026-01-07 15:21:21 DEBUG BasicTypeRegistry:423 - Adding type registration binary_wrapper -> org.hibernate.type.BasicTypeReference@74f7d1d2
2026-01-07 15:21:21 DEBUG BasicTypeRegistry:423 - Adding type registration wrapper-binary -> org.hibernate.type.BasicTypeReference@74f7d1d2
2026-01-07 15:21:21 DEBUG BasicTypeRegistry:423 - Adding type registration image -> org.hibernate.type.BasicTypeReference@4b4dd216
2026-01-07 15:21:21 DEBUG BasicTypeRegistry:423 - Adding type registration blob -> org.hibernate.type.BasicTypeReference@5ca17ab0
2026-01-07 15:21:21 DEBUG BasicTypeRegistry:423 - Adding type registration java.sql.Blob -> org.hibernate.type.BasicTypeReference@5ca17ab0
2026-01-07 15:21:21 DEBUG BasicTypeRegistry:423 - Adding type registration materialized_blob -> org.hibernate.type.BasicTypeReference@5a62b2a4
2026-01-07 15:21:21 DEBUG BasicTypeRegistry:423 - Adding type registration materialized_blob_wrapper -> org.hibernate.type.BasicTypeReference@1051817b
2026-01-07 15:21:21 DEBUG BasicTypeRegistry:423 - Adding type registration short -> org.hibernate.type.BasicTypeReference@35293c05
2026-01-07 15:21:21 DEBUG BasicTypeRegistry:423 - Adding type registration short -> org.hibernate.type.BasicTypeReference@35293c05
2026-01-07 15:21:21 DEBUG BasicTypeRegistry:423 - Adding type registration java.lang.Short -> org.hibernate.type.BasicTypeReference@35293c05
2026-01-07 15:21:21 DEBUG BasicTypeRegistry:423 - Adding type registration integer -> org.hibernate.type.BasicTypeReference@620aa4ea
2026-01-07 15:21:21 DEBUG BasicTypeRegistry:423 - Adding type registration int -> org.hibernate.type.BasicTypeReference@620aa4ea
2026-01-07 15:21:21 DEBUG BasicTypeRegistry:423 - Adding type registration java.lang.Integer -> org.hibernate.type.BasicTypeReference@620aa4ea
2026-01-07 15:21:21 DEBUG BasicTypeRegistry:423 - Adding type registration long -> org.hibernate.type.BasicTypeReference@2db2dd9d
2026-01-07 15:21:21 DEBUG BasicTypeRegistry:423 - Adding type registration long -> org.hibernate.type.BasicTypeReference@2db2dd9d
2026-01-07 15:21:21 DEBUG BasicTypeRegistry:423 - Adding type registration java.lang.Long -> org.hibernate.type.BasicTypeReference@2db2dd9d
2026-01-07 15:21:21 DEBUG BasicTypeRegistry:423 - Adding type registration float -> org.hibernate.type.BasicTypeReference@3174cb09
2026-01-07 15:21:21 DEBUG BasicTypeRegistry:423 - Adding type registration float -> org.hibernate.type.BasicTypeReference@3174cb09
2026-01-07 15:21:21 DEBUG BasicTypeRegistry:423 - Adding type registration java.lang.Float -> org.hibernate.type.BasicTypeReference@3174cb09
2026-01-07 15:21:21 DEBUG BasicTypeRegistry:423 - Adding type registration double -> org.hibernate.type.BasicTypeReference@4d411036
2026-01-07 15:21:21 DEBUG BasicTypeRegistry:423 - Adding type registration double -> org.hibernate.type.BasicTypeReference@4d411036
2026-01-07 15:21:21 DEBUG BasicTypeRegistry:423 - Adding type registration java.lang.Double -> org.hibernate.type.BasicTypeReference@4d411036
2026-01-07 15:21:21 DEBUG BasicTypeRegistry:423 - Adding type registration big_integer -> org.hibernate.type.BasicTypeReference@7adbd080
2026-01-07 15:21:21 DEBUG BasicTypeRegistry:423 - Adding type registration java.math.BigInteger -> org.hibernate.type.BasicTypeReference@7adbd080
2026-01-07 15:21:21 DEBUG BasicTypeRegistry:423 - Adding type registration big_decimal -> org.hibernate.type.BasicTypeReference@41beb473
2026-01-07 15:21:21 DEBUG BasicTypeRegistry:423 - Adding type registration java.math.BigDecimal -> org.hibernate.type.BasicTypeReference@41beb473
2026-01-07 15:21:21 DEBUG BasicTypeRegistry:423 - Adding type registration character -> org.hibernate.type.BasicTypeReference@560513ce
2026-01-07 15:21:21 DEBUG BasicTypeRegistry:423 - Adding type registration char -> org.hibernate.type.BasicTypeReference@560513ce
2026-01-07 15:21:21 DEBUG BasicTypeRegistry:423 - Adding type registration java.lang.Character -> org.hibernate.type.BasicTypeReference@560513ce
2026-01-07 15:21:21 DEBUG BasicTypeRegistry:423 - Adding type registration character_nchar -> org.hibernate.type.BasicTypeReference@13006998
2026-01-07 15:21:21 DEBUG BasicTypeRegistry:423 - Adding type registration string -> org.hibernate.type.BasicTypeReference@37fbe4a8
2026-01-07 15:21:21 DEBUG BasicTypeRegistry:423 - Adding type registration java.lang.String -> org.hibernate.type.BasicTypeReference@37fbe4a8
2026-01-07 15:21:21 DEBUG BasicTypeRegistry:423 - Adding type registration nstring -> org.hibernate.type.BasicTypeReference@352c308
2026-01-07 15:21:21 DEBUG BasicTypeRegistry:423 - Adding type registration characters -> org.hibernate.type.BasicTypeReference@7d373bcf
2026-01-07 15:21:21 DEBUG BasicTypeRegistry:423 - Adding type registration char[] -> org.hibernate.type.BasicTypeReference@7d373bcf
2026-01-07 15:21:21 DEBUG BasicTypeRegistry:423 - Adding type registration [C -> org.hibernate.type.BasicTypeReference@7d373bcf
2026-01-07 15:21:21 DEBUG BasicTypeRegistry:423 - Adding type registration wrapper-characters -> org.hibernate.type.BasicTypeReference@6d6bc158
2026-01-07 15:21:21 DEBUG BasicTypeRegistry:423 - Adding type registration text -> org.hibernate.type.BasicTypeReference@5dda6f9
2026-01-07 15:21:21 DEBUG BasicTypeRegistry:423 - Adding type registration ntext -> org.hibernate.type.BasicTypeReference@10027fc9
2026-01-07 15:21:21 DEBUG BasicTypeRegistry:423 - Adding type registration clob -> org.hibernate.type.BasicTypeReference@54afd745
2026-01-07 15:21:21 DEBUG BasicTypeRegistry:423 - Adding type registration java.sql.Clob -> org.hibernate.type.BasicTypeReference@54afd745
2026-01-07 15:21:21 DEBUG BasicTypeRegistry:423 - Adding type registration nclob -> org.hibernate.type.BasicTypeReference@677dbd89
2026-01-07 15:21:21 DEBUG BasicTypeRegistry:423 - Adding type registration java.sql.NClob -> org.hibernate.type.BasicTypeReference@677dbd89
2026-01-07 15:21:21 DEBUG BasicTypeRegistry:423 - Adding type registration materialized_clob -> org.hibernate.type.BasicTypeReference@fff25f1
2026-01-07 15:21:21 DEBUG BasicTypeRegistry:423 - Adding type registration materialized_clob_char_array -> org.hibernate.type.BasicTypeReference@c00fff0
2026-01-07 15:21:21 DEBUG BasicTypeRegistry:423 - Adding type registration materialized_clob_character_array -> org.hibernate.type.BasicTypeReference@263f04ca
2026-01-07 15:21:21 DEBUG BasicTypeRegistry:423 - Adding type registration materialized_nclob -> org.hibernate.type.BasicTypeReference@2ca47471
2026-01-07 15:21:21 DEBUG BasicTypeRegistry:423 - Adding type registration materialized_nclob_character_array -> org.hibernate.type.BasicTypeReference@5a021cb9
2026-01-07 15:21:21 DEBUG BasicTypeRegistry:423 - Adding type registration materialized_nclob_char_array -> org.hibernate.type.BasicTypeReference@51768776
2026-01-07 15:21:21 DEBUG BasicTypeRegistry:423 - Adding type registration Duration -> org.hibernate.type.BasicTypeReference@f31c0c6
2026-01-07 15:21:21 DEBUG BasicTypeRegistry:423 - Adding type registration java.time.Duration -> org.hibernate.type.BasicTypeReference@f31c0c6
2026-01-07 15:21:21 DEBUG BasicTypeRegistry:423 - Adding type registration LocalDateTime -> org.hibernate.type.BasicTypeReference@b93aad
2026-01-07 15:21:21 DEBUG BasicTypeRegistry:423 - Adding type registration java.time.LocalDateTime -> org.hibernate.type.BasicTypeReference@b93aad
2026-01-07 15:21:21 DEBUG BasicTypeRegistry:423 - Adding type registration LocalDate -> org.hibernate.type.BasicTypeReference@4a9419d7
2026-01-07 15:21:21 DEBUG BasicTypeRegistry:423 - Adding type registration java.time.LocalDate -> org.hibernate.type.BasicTypeReference@4a9419d7
2026-01-07 15:21:21 DEBUG BasicTypeRegistry:423 - Adding type registration LocalTime -> org.hibernate.type.BasicTypeReference@2f3c6ac4
2026-01-07 15:21:21 DEBUG BasicTypeRegistry:423 - Adding type registration java.time.LocalTime -> org.hibernate.type.BasicTypeReference@2f3c6ac4
2026-01-07 15:21:21 DEBUG BasicTypeRegistry:423 - Adding type registration OffsetDateTime -> org.hibernate.type.BasicTypeReference@2e8ab815
2026-01-07 15:21:21 DEBUG BasicTypeRegistry:423 - Adding type registration java.time.OffsetDateTime -> org.hibernate.type.BasicTypeReference@2e8ab815
2026-01-07 15:21:21 DEBUG BasicTypeRegistry:423 - Adding type registration OffsetDateTimeWithTimezone -> org.hibernate.type.BasicTypeReference@67af833b
2026-01-07 15:21:21 DEBUG BasicTypeRegistry:423 - Adding type registration OffsetDateTimeWithoutTimezone -> org.hibernate.type.BasicTypeReference@d1f74b8
2026-01-07 15:21:21 DEBUG BasicTypeRegistry:423 - Adding type registration OffsetTime -> org.hibernate.type.BasicTypeReference@41394595
2026-01-07 15:21:21 DEBUG BasicTypeRegistry:423 - Adding type registration java.time.OffsetTime -> org.hibernate.type.BasicTypeReference@41394595
2026-01-07 15:21:21 DEBUG BasicTypeRegistry:423 - Adding type registration OffsetTimeUtc -> org.hibernate.type.BasicTypeReference@3a0807b7
2026-01-07 15:21:21 DEBUG BasicTypeRegistry:423 - Adding type registration OffsetTimeWithTimezone -> org.hibernate.type.BasicTypeReference@21a5fd96
2026-01-07 15:21:21 DEBUG BasicTypeRegistry:423 - Adding type registration OffsetTimeWithoutTimezone -> org.hibernate.type.BasicTypeReference@5769e7ae
2026-01-07 15:21:21 DEBUG BasicTypeRegistry:423 - Adding type registration ZonedDateTime -> org.hibernate.type.BasicTypeReference@5c77053b
2026-01-07 15:21:21 DEBUG BasicTypeRegistry:423 - Adding type registration java.time.ZonedDateTime -> org.hibernate.type.BasicTypeReference@5c77053b
2026-01-07 15:21:21 DEBUG BasicTypeRegistry:423 - Adding type registration ZonedDateTimeWithTimezone -> org.hibernate.type.BasicTypeReference@26b894bd
2026-01-07 15:21:21 DEBUG BasicTypeRegistry:423 - Adding type registration ZonedDateTimeWithoutTimezone -> org.hibernate.type.BasicTypeReference@287f94b1
2026-01-07 15:21:21 DEBUG BasicTypeRegistry:423 - Adding type registration date -> org.hibernate.type.BasicTypeReference@30b34287
2026-01-07 15:21:21 DEBUG BasicTypeRegistry:423 - Adding type registration java.sql.Date -> org.hibernate.type.BasicTypeReference@30b34287
2026-01-07 15:21:21 DEBUG BasicTypeRegistry:423 - Adding type registration time -> org.hibernate.type.BasicTypeReference@5489c777
2026-01-07 15:21:21 DEBUG BasicTypeRegistry:423 - Adding type registration java.sql.Time -> org.hibernate.type.BasicTypeReference@5489c777
2026-01-07 15:21:21 DEBUG BasicTypeRegistry:423 - Adding type registration timestamp -> org.hibernate.type.BasicTypeReference@3676ac27
2026-01-07 15:21:21 DEBUG BasicTypeRegistry:423 - Adding type registration java.sql.Timestamp -> org.hibernate.type.BasicTypeReference@3676ac27
2026-01-07 15:21:21 DEBUG BasicTypeRegistry:423 - Adding type registration java.util.Date -> org.hibernate.type.BasicTypeReference@3676ac27
2026-01-07 15:21:21 DEBUG BasicTypeRegistry:423 - Adding type registration calendar -> org.hibernate.type.BasicTypeReference@62f87c44
2026-01-07 15:21:21 DEBUG BasicTypeRegistry:423 - Adding type registration java.util.Calendar -> org.hibernate.type.BasicTypeReference@62f87c44
2026-01-07 15:21:21 DEBUG BasicTypeRegistry:423 - Adding type registration java.util.GregorianCalendar -> org.hibernate.type.BasicTypeReference@62f87c44
2026-01-07 15:21:21 DEBUG BasicTypeRegistry:423 - Adding type registration calendar_date -> org.hibernate.type.BasicTypeReference@48f5bde6
2026-01-07 15:21:21 DEBUG BasicTypeRegistry:423 - Adding type registration calendar_time -> org.hibernate.type.BasicTypeReference@525d79f0
2026-01-07 15:21:21 DEBUG BasicTypeRegistry:423 - Adding type registration instant -> org.hibernate.type.BasicTypeReference@5149f008
2026-01-07 15:21:21 DEBUG BasicTypeRegistry:423 - Adding type registration java.time.Instant -> org.hibernate.type.BasicTypeReference@5149f008
2026-01-07 15:21:21 DEBUG BasicTypeRegistry:423 - Adding type registration uuid -> org.hibernate.type.BasicTypeReference@7072bc39
2026-01-07 15:21:21 DEBUG BasicTypeRegistry:423 - Adding type registration java.util.UUID -> org.hibernate.type.BasicTypeReference@7072bc39
2026-01-07 15:21:21 DEBUG BasicTypeRegistry:423 - Adding type registration pg-uuid -> org.hibernate.type.BasicTypeReference@7072bc39
2026-01-07 15:21:21 DEBUG BasicTypeRegistry:423 - Adding type registration uuid-binary -> org.hibernate.type.BasicTypeReference@158d255c
2026-01-07 15:21:21 DEBUG BasicTypeRegistry:423 - Adding type registration uuid-char -> org.hibernate.type.BasicTypeReference@2ca65ce4
2026-01-07 15:21:21 DEBUG BasicTypeRegistry:423 - Adding type registration class -> org.hibernate.type.BasicTypeReference@327120c8
2026-01-07 15:21:21 DEBUG BasicTypeRegistry:423 - Adding type registration java.lang.Class -> org.hibernate.type.BasicTypeReference@327120c8
2026-01-07 15:21:21 DEBUG BasicTypeRegistry:423 - Adding type registration currency -> org.hibernate.type.BasicTypeReference@5707c1cb
2026-01-07 15:21:21 DEBUG BasicTypeRegistry:423 - Adding type registration Currency -> org.hibernate.type.BasicTypeReference@5707c1cb
2026-01-07 15:21:21 DEBUG BasicTypeRegistry:423 - Adding type registration java.util.Currency -> org.hibernate.type.BasicTypeReference@5707c1cb
2026-01-07 15:21:21 DEBUG BasicTypeRegistry:423 - Adding type registration locale -> org.hibernate.type.BasicTypeReference@2b5cb9b2
2026-01-07 15:21:21 DEBUG BasicTypeRegistry:423 - Adding type registration java.util.Locale -> org.hibernate.type.BasicTypeReference@2b5cb9b2
2026-01-07 15:21:21 DEBUG BasicTypeRegistry:423 - Adding type registration serializable -> org.hibernate.type.BasicTypeReference@35038141
2026-01-07 15:21:21 DEBUG BasicTypeRegistry:423 - Adding type registration java.io.Serializable -> org.hibernate.type.BasicTypeReference@35038141
2026-01-07 15:21:21 DEBUG BasicTypeRegistry:423 - Adding type registration timezone -> org.hibernate.type.BasicTypeReference@ecf9049
2026-01-07 15:21:21 DEBUG BasicTypeRegistry:423 - Adding type registration java.util.TimeZone -> org.hibernate.type.BasicTypeReference@ecf9049
2026-01-07 15:21:21 DEBUG BasicTypeRegistry:423 - Adding type registration ZoneOffset -> org.hibernate.type.BasicTypeReference@672f11c2
2026-01-07 15:21:21 DEBUG BasicTypeRegistry:423 - Adding type registration java.time.ZoneOffset -> org.hibernate.type.BasicTypeReference@672f11c2
2026-01-07 15:21:21 DEBUG BasicTypeRegistry:423 - Adding type registration url -> org.hibernate.type.BasicTypeReference@2970a5bc
2026-01-07 15:21:21 DEBUG BasicTypeRegistry:423 - Adding type registration java.net.URL -> org.hibernate.type.BasicTypeReference@2970a5bc
2026-01-07 15:21:21 DEBUG BasicTypeRegistry:423 - Adding type registration vector -> org.hibernate.type.BasicTypeReference@50305a
2026-01-07 15:21:21 DEBUG BasicTypeRegistry:423 - Adding type registration float_vector -> org.hibernate.type.BasicTypeReference@72efb5c1
2026-01-07 15:21:21 DEBUG BasicTypeRegistry:423 - Adding type registration double_vector -> org.hibernate.type.BasicTypeReference@6d511b5f
2026-01-07 15:21:21 DEBUG BasicTypeRegistry:423 - Adding type registration byte_vector -> org.hibernate.type.BasicTypeReference@41200e0c
2026-01-07 15:21:21 DEBUG BasicTypeRegistry:423 - Adding type registration row_version -> org.hibernate.type.BasicTypeReference@40f33492
2026-01-07 15:21:21 DEBUG BasicTypeRegistry:398 - Adding type registration object -> org.hibernate.type.JavaObjectType@f8908f6
2026-01-07 15:21:21 DEBUG BasicTypeRegistry:398 - Adding type registration java.lang.Object -> org.hibernate.type.JavaObjectType@f8908f6
2026-01-07 15:21:21 DEBUG BasicTypeRegistry:398 - Adding type registration null -> org.hibernate.type.NullType@4fdfa676
2026-01-07 15:21:21 DEBUG BasicTypeRegistry:423 - Adding type registration imm_date -> org.hibernate.type.BasicTypeReference@82c57b3
2026-01-07 15:21:21 DEBUG BasicTypeRegistry:423 - Adding type registration imm_time -> org.hibernate.type.BasicTypeReference@5be82d43
2026-01-07 15:21:21 DEBUG BasicTypeRegistry:423 - Adding type registration imm_timestamp -> org.hibernate.type.BasicTypeReference@600b0b7
2026-01-07 15:21:21 DEBUG BasicTypeRegistry:423 - Adding type registration imm_calendar -> org.hibernate.type.BasicTypeReference@345e5a17
2026-01-07 15:21:21 DEBUG BasicTypeRegistry:423 - Adding type registration imm_calendar_date -> org.hibernate.type.BasicTypeReference@5ea502e0
2026-01-07 15:21:21 DEBUG BasicTypeRegistry:423 - Adding type registration imm_calendar_time -> org.hibernate.type.BasicTypeReference@443dbe42
2026-01-07 15:21:21 DEBUG BasicTypeRegistry:423 - Adding type registration imm_binary -> org.hibernate.type.BasicTypeReference@473b3b7a
2026-01-07 15:21:21 DEBUG BasicTypeRegistry:423 - Adding type registration imm_serializable -> org.hibernate.type.BasicTypeReference@1734f68
2026-01-07 15:21:22 WARN  pooling:84 - HHH10001002: Using built-in connection pool (not intended for production use)
2026-01-07 15:21:22 DEBUG pooling:383 - Initializing Connection pool with 1 Connections
2026-01-07 15:21:22 DEBUG JdbcEnvironmentInitiator:432 - Database ->
	   name : MySQL
	version : 8.0.42
	  major : 8
	  minor : 0
2026-01-07 15:21:22 DEBUG JdbcEnvironmentInitiator:443 - Driver ->
	   name : MySQL Connector/J
	version : mysql-connector-j-8.0.33 (Revision: 7d6b0800528b6b25c68b52dc10d6c1c8429c100c)
	  major : 8
	  minor : 0
2026-01-07 15:21:22 DEBUG JdbcEnvironmentInitiator:388 - JDBC version : 4.2
2026-01-07 15:21:22 WARN  deprecation:152 - HHH90000025: MySQLDialect does not need to be specified explicitly using 'hibernate.dialect' (remove the property setting and it will be selected by default)
2026-01-07 15:21:22 DEBUG dialect:93 - HHH035001: Using dialect: org.hibernate.dialect.MySQLDialect, version: 8.0.42
2026-01-07 15:21:22 DEBUG IdentifierHelperBuilder:115 - JDBC driver metadata reported database stores quoted identifiers in more than one case
2026-01-07 15:21:22 DEBUG IdentifierHelperBuilder:208 - IdentifierCaseStrategy for both quoted and unquoted identifiers was set to the same strategy [LOWER]; that will likely lead to problems in schema update and validation if using quoted identifiers
2026-01-07 15:21:22 INFO  pooling:182 - HHH10001005: Database info:
	Database JDBC URL [jdbc:mysql://localhost:3306/mladec]
	Database driver: com.mysql.jdbc.Driver
	Database version: 8.0.42
	Autocommit mode: false
	Isolation level: undefined/unknown
	Pool: DriverManagerConnectionProviderImpl
	Minimum pool size: 1
	Maximum pool size: 20
2026-01-07 15:21:22 DEBUG DdlTypeRegistry:62 - addDescriptor(12, org.hibernate.type.descriptor.sql.internal.CapacityDependentDdlType@a50d709) replaced previous registration(org.hibernate.type.descriptor.sql.internal.CapacityDependentDdlType@5ed4bc)
2026-01-07 15:21:22 DEBUG DdlTypeRegistry:62 - addDescriptor(-9, org.hibernate.type.descriptor.sql.internal.CapacityDependentDdlType@6920b0bc) replaced previous registration(org.hibernate.type.descriptor.sql.internal.CapacityDependentDdlType@65f651eb)
2026-01-07 15:21:22 DEBUG DdlTypeRegistry:62 - addDescriptor(-3, org.hibernate.type.descriptor.sql.internal.CapacityDependentDdlType@69923ac3) replaced previous registration(org.hibernate.type.descriptor.sql.internal.CapacityDependentDdlType@1f1ff879)
2026-01-07 15:21:22 DEBUG DdlTypeRegistry:62 - addDescriptor(4003, org.hibernate.type.descriptor.sql.internal.DdlTypeImpl@73d60e76) replaced previous registration(org.hibernate.type.descriptor.sql.internal.DdlTypeImpl@24f870ee)
2026-01-07 15:21:22 DEBUG DdlTypeRegistry:62 - addDescriptor(4001, org.hibernate.type.descriptor.sql.internal.DdlTypeImpl@5c441290) replaced previous registration(org.hibernate.type.descriptor.sql.internal.DdlTypeImpl@3c78e551)
2026-01-07 15:21:22 DEBUG DdlTypeRegistry:62 - addDescriptor(4002, org.hibernate.type.descriptor.sql.internal.DdlTypeImpl@7f1ef916) replaced previous registration(org.hibernate.type.descriptor.sql.internal.DdlTypeImpl@1886991b)
2026-01-07 15:21:22 DEBUG DdlTypeRegistry:62 - addDescriptor(2004, org.hibernate.type.descriptor.sql.internal.CapacityDependentDdlType@64aad809) replaced previous registration(org.hibernate.type.descriptor.sql.internal.DdlTypeImpl@1f03fba0)
2026-01-07 15:21:22 DEBUG DdlTypeRegistry:62 - addDescriptor(2005, org.hibernate.type.descriptor.sql.internal.CapacityDependentDdlType@17dd671f) replaced previous registration(org.hibernate.type.descriptor.sql.internal.DdlTypeImpl@3bbf6abe)
2026-01-07 15:21:22 DEBUG DdlTypeRegistry:62 - addDescriptor(2011, org.hibernate.type.descriptor.sql.internal.CapacityDependentDdlType@9679750) replaced previous registration(org.hibernate.type.descriptor.sql.internal.DdlTypeImpl@9b9a327)
2026-01-07 15:21:22 DEBUG JdbcTypeRegistry:73 - addDescriptor(NCharTypeDescriptor) replaced previous registration(CharTypeDescriptor)
2026-01-07 15:21:22 DEBUG JdbcTypeRegistry:73 - addDescriptor(NVarcharTypeDescriptor) replaced previous registration(VarcharTypeDescriptor)
2026-01-07 15:21:22 DEBUG JdbcTypeRegistry:73 - addDescriptor(LongNVarcharTypeDescriptor) replaced previous registration(LongVarcharTypeDescriptor)
2026-01-07 15:21:22 DEBUG JdbcTypeRegistry:73 - addDescriptor(NClobTypeDescriptor(DEFAULT)) replaced previous registration(ClobTypeDescriptor(DEFAULT))
2026-01-07 15:21:22 DEBUG BasicTypeRegistry:398 - Adding type registration null -> org.hibernate.type.NullType@514de325
2026-01-07 15:21:22 DEBUG BasicTypeRegistry:402 - Type registration key [null] overrode previous entry : `org.hibernate.type.NullType@4fdfa676`
2026-01-07 15:21:22 DEBUG BasicTypeRegistry:398 - Adding type registration org.hibernate.type.DurationType -> basicType@1(java.time.Duration,3015)
2026-01-07 15:21:22 DEBUG BasicTypeRegistry:398 - Adding type registration Duration -> basicType@1(java.time.Duration,3015)
2026-01-07 15:21:22 DEBUG BasicTypeRegistry:398 - Adding type registration java.time.Duration -> basicType@1(java.time.Duration,3015)
2026-01-07 15:21:22 DEBUG BasicTypeRegistry:398 - Adding type registration org.hibernate.type.OffsetDateTimeType -> basicType@2(java.time.OffsetDateTime,3003)
2026-01-07 15:21:22 DEBUG BasicTypeRegistry:398 - Adding type registration OffsetDateTime -> basicType@2(java.time.OffsetDateTime,3003)
2026-01-07 15:21:22 DEBUG BasicTypeRegistry:398 - Adding type registration java.time.OffsetDateTime -> basicType@2(java.time.OffsetDateTime,3003)
2026-01-07 15:21:22 DEBUG BasicTypeRegistry:398 - Adding type registration org.hibernate.type.ZonedDateTimeType -> basicType@3(java.time.ZonedDateTime,3003)
2026-01-07 15:21:22 DEBUG BasicTypeRegistry:398 - Adding type registration ZonedDateTime -> basicType@3(java.time.ZonedDateTime,3003)
2026-01-07 15:21:22 DEBUG BasicTypeRegistry:398 - Adding type registration java.time.ZonedDateTime -> basicType@3(java.time.ZonedDateTime,3003)
2026-01-07 15:21:22 DEBUG BasicTypeRegistry:398 - Adding type registration org.hibernate.type.OffsetTimeType -> basicType@4(java.time.OffsetTime,3007)
2026-01-07 15:21:22 DEBUG BasicTypeRegistry:398 - Adding type registration OffsetTime -> basicType@4(java.time.OffsetTime,3007)
2026-01-07 15:21:22 DEBUG BasicTypeRegistry:398 - Adding type registration java.time.OffsetTime -> basicType@4(java.time.OffsetTime,3007)
2026-01-07 15:21:22 DEBUG TypeConfiguration$Scope:197 - Scoping TypeConfiguration [org.hibernate.type.spi.TypeConfiguration@5f2de715] to MetadataBuildingContext [org.hibernate.boot.internal.MetadataBuildingContextRootImpl@5922d3e9]
2026-01-07 15:21:22 DEBUG Namespace:62 - Created database namespace [logicalName=Name[catalog=null, schema=null], physicalName=Name[catalog=null, schema=null]]
2026-01-07 15:21:22 DEBUG EntityBinder:183 - Binding entity from annotated class: com.test.Address
2026-01-07 15:21:22 DEBUG AnnotatedColumn:278 - Binding column: DTYPE
2026-01-07 15:21:22 DEBUG AnnotatedColumn:278 - Binding column: null
2026-01-07 15:21:22 DEBUG BasicValue:292 - Skipping column re-registration: address.id
2026-01-07 15:21:22 DEBUG AnnotatedColumn:278 - Binding column: null
2026-01-07 15:21:22 DEBUG BasicValue:292 - Skipping column re-registration: address.city
2026-01-07 15:21:22 DEBUG AnnotatedColumn:278 - Binding column: null
2026-01-07 15:21:22 DEBUG BasicValue:292 - Skipping column re-registration: address.country
2026-01-07 15:21:22 DEBUG AnnotatedColumn:278 - Binding column: null
2026-01-07 15:21:22 DEBUG BasicValue:292 - Skipping column re-registration: address.state
2026-01-07 15:21:22 DEBUG EntityBinder:183 - Binding entity from annotated class: com.test.Employee
2026-01-07 15:21:22 DEBUG AnnotatedColumn:278 - Binding column: DTYPE
2026-01-07 15:21:22 DEBUG AnnotatedColumn:278 - Binding column: null
2026-01-07 15:21:22 DEBUG BasicValue:292 - Skipping column re-registration: employee.id
2026-01-07 15:21:22 DEBUG AnnotatedColumn:278 - Binding column: address
2026-01-07 15:21:22 DEBUG AnnotatedColumn:278 - Binding column: null
2026-01-07 15:21:22 DEBUG AnnotatedColumn:278 - Binding column: null
2026-01-07 15:21:22 DEBUG BasicValue:292 - Skipping column re-registration: employee.e_company
2026-01-07 15:21:22 DEBUG AnnotatedColumn:278 - Binding column: null
2026-01-07 15:21:22 DEBUG BasicValue:292 - Skipping column re-registration: employee.e_name
2026-01-07 15:21:22 DEBUG SessionFactoryImpl:230 - Building session factory
2026-01-07 15:21:22 DEBUG ClassLoaderAccessImpl:58 - Not known whether passed class name [com.test.Address] is safe
2026-01-07 15:21:22 DEBUG ClassLoaderAccessImpl:60 - No temp ClassLoader provided; using live ClassLoader for loading potentially unsafe class : com.test.Address
2026-01-07 15:21:22 DEBUG ClassLoaderAccessImpl:58 - Not known whether passed class name [com.test.Employee] is safe
2026-01-07 15:21:22 DEBUG ClassLoaderAccessImpl:60 - No temp ClassLoader provided; using live ClassLoader for loading potentially unsafe class : com.test.Employee
2026-01-07 15:21:23 DEBUG SessionFactoryServiceRegistryImpl:103 - EventListenerRegistry access via ServiceRegistry is deprecated.  Use `sessionFactory.getEventEngine().getListenerRegistry()` instead
2026-01-07 15:21:23 DEBUG SessionFactoryImpl:249 - HHH000030: Instantiating factory with settings: {hibernate.format_sql=true, java.specification.version=21, sun.cpu.isalist=amd64, sun.jnu.encoding=Cp1252, hibernate.dialect=org.hibernate.dialect.MySQLDialect, java.class.path=C:\Users\shubham.varma1\Desktop\mla256\HibernateMappings\target\classes;C:\Users\shubham.varma1\.m2\repository\org\hibernate\orm\hibernate-core\7.0.0.Final\hibernate-core-7.0.0.Final.jar;C:\Users\shubham.varma1\.m2\repository\jakarta\persistence\jakarta.persistence-api\3.2.0\jakarta.persistence-api-3.2.0.jar;C:\Users\shubham.varma1\.m2\repository\jakarta\transaction\jakarta.transaction-api\2.0.1\jakarta.transaction-api-2.0.1.jar;C:\Users\shubham.varma1\.m2\repository\org\jboss\logging\jboss-logging\3.6.1.Final\jboss-logging-3.6.1.Final.jar;C:\Users\shubham.varma1\.m2\repository\org\hibernate\models\hibernate-models\1.0.0.CR3\hibernate-models-1.0.0.CR3.jar;C:\Users\shubham.varma1\.m2\repository\com\fasterxml\classmate\1.7.0\classmate-1.7.0.jar;C:\Users\shubham.varma1\.m2\repository\net\bytebuddy\byte-buddy\1.15.11\byte-buddy-1.15.11.jar;C:\Users\shubham.varma1\.m2\repository\jakarta\xml\bind\jakarta.xml.bind-api\4.0.2\jakarta.xml.bind-api-4.0.2.jar;C:\Users\shubham.varma1\.m2\repository\jakarta\activation\jakarta.activation-api\2.1.3\jakarta.activation-api-2.1.3.jar;C:\Users\shubham.varma1\.m2\repository\org\glassfish\jaxb\jaxb-runtime\4.0.5\jaxb-runtime-4.0.5.jar;C:\Users\shubham.varma1\.m2\repository\org\glassfish\jaxb\jaxb-core\4.0.5\jaxb-core-4.0.5.jar;C:\Users\shubham.varma1\.m2\repository\org\eclipse\angus\angus-activation\2.0.2\angus-activation-2.0.2.jar;C:\Users\shubham.varma1\.m2\repository\org\glassfish\jaxb\txw2\4.0.5\txw2-4.0.5.jar;C:\Users\shubham.varma1\.m2\repository\com\sun\istack\istack-commons-runtime\4.1.2\istack-commons-runtime-4.1.2.jar;C:\Users\shubham.varma1\.m2\repository\jakarta\inject\jakarta.inject-api\2.0.1\jakarta.inject-api-2.0.1.jar;C:\Users\shubham.varma1\.m2\repository\org\antlr\antlr4-runtime\4.13.2\antlr4-runtime-4.13.2.jar;C:\Users\shubham.varma1\.m2\repository\com\mysql\mysql-connector-j\8.0.33\mysql-connector-j-8.0.33.jar;C:\Users\shubham.varma1\.m2\repository\com\google\protobuf\protobuf-java\3.21.9\protobuf-java-3.21.9.jar;C:\Users\shubham.varma1\.m2\repository\org\apache\logging\log4j\log4j-core\2.17.1\log4j-core-2.17.1.jar;C:\Users\shubham.varma1\.m2\repository\org\apache\logging\log4j\log4j-api\2.17.1\log4j-api-2.17.1.jar;C:\Users\shubham.varma1\.m2\repository\org\apache\logging\log4j\log4j-slf4j-impl\2.17.1\log4j-slf4j-impl-2.17.1.jar;C:\Users\shubham.varma1\.m2\repository\org\slf4j\slf4j-api\1.7.25\slf4j-api-1.7.25.jar, java.vm.vendor=Microsoft, sun.arch.data.model=64, hbm2ddl.auto=create, user.variant=, java.vendor.url=https://www.microsoft.com, user.timezone=Asia/Calcutta, java.vm.specification.version=21, os.name=Windows 11, sun.java.launcher=SUN_STANDARD, user.country=US, sun.boot.library.path=C:\Program Files\Microsoft\jdk-21.0.7.6-hotspot\bin, sun.java.command=com.test.TestMappings, jdk.debug=release, sun.cpu.endian=little, user.home=C:\Users\shubham.varma1, user.language=en, java.specification.vendor=Oracle Corporation, java.version.date=2025-04-15, java.home=C:\Program Files\Microsoft\jdk-21.0.7.6-hotspot, file.separator=\, java.vm.compressedOopsMode=Zero based, line.separator=
, java.vm.specification.vendor=Oracle Corporation, java.specification.name=Java Platform API Specification, hibernate.hbm2ddl.auto=create, user.script=, sun.management.compiler=HotSpot 64-Bit Tiered Compilers, java.runtime.version=21.0.7+6-LTS, user.name=shubham.varma1, stdout.encoding=UTF-8, path.separator=;, hibernate.connection.username=****, os.version=10.0, java.runtime.name=OpenJDK Runtime Environment, hibernate.connection.url=jdbc:mysql://localhost:3306/mladec, file.encoding=UTF-8, format_sql=true, java.vm.name=OpenJDK 64-Bit Server VM, hibernate.show_sql=true, java.vendor.version=Microsoft-11369940, show_sql=true, hibernate.connection.driver_class=com.mysql.jdbc.Driver, java.vendor.url.bug=https://github.com/microsoft/openjdk/issues, java.io.tmpdir=C:\Users\SHUBHA~1.VAR\AppData\Local\Temp\, java.version=21.0.7, user.dir=C:\Users\shubham.varma1\Desktop\mla256\HibernateMappings, os.arch=amd64, java.vm.specification.name=Java Virtual Machine Specification, hibernate.connection.password=****, sun.os.patch.level=, hibernate.boot.CfgXmlAccessService.key=org.hibernate.boot.cfgxml.spi.LoadedConfig@707865bd, native.encoding=Cp1252, java.library.path=C:\Program Files\Microsoft\jdk-21.0.7.6-hotspot\bin;C:\WINDOWS\Sun\Java\bin;C:\WINDOWS\system32;C:\WINDOWS;C:/Users/shubham.varma1/Downloads/sts-5.0.1.RELEASE//plugins/org.eclipse.justj.openjdk.hotspot.jre.full.win32.x86_64_25.0.1.v20251108-1451/jre/bin/server;C:/Users/shubham.varma1/Downloads/sts-5.0.1.RELEASE//plugins/org.eclipse.justj.openjdk.hotspot.jre.full.win32.x86_64_25.0.1.v20251108-1451/jre/bin;C:\Program Files\Microsoft\jdk-21.0.7.6-hotspot\bin;C:\Program Files\Microsoft\jdk-17.0.15.6-hotspot\bin;C:\Program Files\Python313\Scripts\;C:\Program Files\Python313\;C:\Program Files\Microsoft\jdk-11.0.23.9-hotspot\bin;C:\WINDOWS\system32;C:\WINDOWS;C:\WINDOWS\System32\Wbem;C:\WINDOWS\System32\WindowsPowerShell\v1.0\;C:\WINDOWS\System32\OpenSSH\;C:\Program Files (x86)\Microsoft SQL Server\160\Tools\Binn\;C:\Program Files\Microsoft SQL Server\160\Tools\Binn\;C:\Program Files\Microsoft SQL Server\Client SDK\ODBC\170\Tools\Binn\;C:\Program Files\Microsoft SQL Server\160\DTS\Binn\;C:\Program Files (x86)\Microsoft SQL Server\160\DTS\Binn\;C:\Program Files\PuTTY\;C:\Program Files\apache-maven-3.9.10\bin;C:\Program Files\nodejs\;C:\Program Files\dotnet\;C:\Program Files\Microsoft VS Code\bin;C:\Program Files\Git\cmd;C:\Users\shubham.varma1\AppData\Local\Microsoft\WindowsApps;C:\Users\shubham.varma1\AppData\Local\GitHubDesktop\bin;C:\Users\shubham.varma1\Downloads\sts-5.0.1.RELEASE;;., stderr.encoding=UTF-8, java.vendor=Microsoft, java.vm.info=mixed mode, sharing, java.vm.version=21.0.7+6-LTS, sun.io.unicode.encoding=UnicodeLittle, java.class.version=65.0}
2026-01-07 15:21:23 DEBUG SqmFunctionRegistry:128 - Registered SqmFunctionTemplate [NamedSqmFunctionTemplate(max)] under max; prior registration was null
2026-01-07 15:21:23 DEBUG SqmFunctionRegistry:128 - Registered SqmFunctionTemplate [NamedSqmFunctionTemplate(min)] under min; prior registration was null
2026-01-07 15:21:23 DEBUG SqmFunctionRegistry:128 - Registered SqmFunctionTemplate [NamedSqmFunctionTemplate(sum)] under sum; prior registration was null
2026-01-07 15:21:23 DEBUG SqmFunctionRegistry:128 - Registered SqmFunctionTemplate [NamedSqmFunctionTemplate(avg)] under avg; prior registration was null
2026-01-07 15:21:23 DEBUG SqmFunctionRegistry:128 - Registered SqmFunctionTemplate [org.hibernate.dialect.function.CountFunction@7a04f730] under count; prior registration was null
2026-01-07 15:21:23 DEBUG SqmFunctionRegistry:128 - Registered SqmFunctionTemplate [org.hibernate.dialect.function.EveryAnyEmulation@7971c2a9] under every; prior registration was null
2026-01-07 15:21:23 DEBUG SqmFunctionRegistry:128 - Registered SqmFunctionTemplate [org.hibernate.dialect.function.EveryAnyEmulation@2fd39436] under any; prior registration was null
2026-01-07 15:21:23 DEBUG SqmFunctionRegistry:128 - Registered SqmFunctionTemplate [NamedSqmFunctionTemplate(floor)] under floor; prior registration was null
2026-01-07 15:21:23 DEBUG SqmFunctionRegistry:128 - Registered SqmFunctionTemplate [NamedSqmFunctionTemplate(ceiling)] under ceiling; prior registration was null
2026-01-07 15:21:23 DEBUG SqmFunctionRegistry:128 - Registered SqmFunctionTemplate [NamedSqmFunctionTemplate(mod)] under mod; prior registration was null
2026-01-07 15:21:23 DEBUG SqmFunctionRegistry:128 - Registered SqmFunctionTemplate [NamedSqmFunctionTemplate(abs)] under abs; prior registration was null
2026-01-07 15:21:23 DEBUG SqmFunctionRegistry:128 - Registered SqmFunctionTemplate [NamedSqmFunctionTemplate(sign)] under sign; prior registration was null
2026-01-07 15:21:23 DEBUG SqmFunctionRegistry:128 - Registered SqmFunctionTemplate [NamedSqmFunctionTemplate(sqrt)] under sqrt; prior registration was null
2026-01-07 15:21:23 DEBUG SqmFunctionRegistry:128 - Registered SqmFunctionTemplate [NamedSqmFunctionTemplate(ln)] under ln; prior registration was null
2026-01-07 15:21:23 DEBUG SqmFunctionRegistry:128 - Registered SqmFunctionTemplate [NamedSqmFunctionTemplate(exp)] under exp; prior registration was null
2026-01-07 15:21:23 DEBUG SqmFunctionRegistry:128 - Registered SqmFunctionTemplate [NamedSqmFunctionTemplate(power)] under power; prior registration was null
2026-01-07 15:21:23 DEBUG SqmFunctionRegistry:128 - Registered SqmFunctionTemplate [NamedSqmFunctionTemplate(round)] under round; prior registration was null
2026-01-07 15:21:23 DEBUG SqmFunctionRegistry:128 - Registered SqmFunctionTemplate [NamedSqmFunctionTemplate(sin)] under sin; prior registration was null
2026-01-07 15:21:23 DEBUG SqmFunctionRegistry:128 - Registered SqmFunctionTemplate [NamedSqmFunctionTemplate(cos)] under cos; prior registration was null
2026-01-07 15:21:23 DEBUG SqmFunctionRegistry:128 - Registered SqmFunctionTemplate [NamedSqmFunctionTemplate(tan)] under tan; prior registration was null
2026-01-07 15:21:23 DEBUG SqmFunctionRegistry:128 - Registered SqmFunctionTemplate [NamedSqmFunctionTemplate(asin)] under asin; prior registration was null
2026-01-07 15:21:23 DEBUG SqmFunctionRegistry:128 - Registered SqmFunctionTemplate [NamedSqmFunctionTemplate(acos)] under acos; prior registration was null
2026-01-07 15:21:23 DEBUG SqmFunctionRegistry:128 - Registered SqmFunctionTemplate [NamedSqmFunctionTemplate(atan)] under atan; prior registration was null
2026-01-07 15:21:23 DEBUG SqmFunctionRegistry:128 - Registered SqmFunctionTemplate [NamedSqmFunctionTemplate(atan2)] under atan2; prior registration was null
2026-01-07 15:21:23 DEBUG SqmFunctionRegistry:128 - Registered SqmFunctionTemplate [org.hibernate.query.sqm.function.PatternBasedSqmFunctionDescriptor@b5aa65b] under sinh; prior registration was null
2026-01-07 15:21:23 DEBUG SqmFunctionRegistry:128 - Registered SqmFunctionTemplate [org.hibernate.query.sqm.function.PatternBasedSqmFunctionDescriptor@76cdafa3] under cosh; prior registration was null
2026-01-07 15:21:23 DEBUG SqmFunctionRegistry:128 - Registered SqmFunctionTemplate [org.hibernate.query.sqm.function.PatternBasedSqmFunctionDescriptor@6b27b2d0] under tanh; prior registration was null
2026-01-07 15:21:23 DEBUG SqmFunctionRegistry:128 - Registered SqmFunctionTemplate [org.hibernate.query.sqm.function.PatternBasedSqmFunctionDescriptor@4fb64e14] under pi; prior registration was null
2026-01-07 15:21:23 DEBUG SqmFunctionRegistry:128 - Registered SqmFunctionTemplate [org.hibernate.query.sqm.function.PatternBasedSqmFunctionDescriptor@118041c7] under log; prior registration was null
2026-01-07 15:21:23 DEBUG SqmFunctionRegistry:128 - Registered SqmFunctionTemplate [NamedSqmFunctionTemplate(coalesce)] under coalesce; prior registration was null
2026-01-07 15:21:23 DEBUG SqmFunctionRegistry:128 - Registered SqmFunctionTemplate [NamedSqmFunctionTemplate(nullif)] under nullif; prior registration was null
2026-01-07 15:21:23 DEBUG SqmFunctionRegistry:128 - Registered SqmFunctionTemplate [NamedSqmFunctionTemplate(left)] under left; prior registration was null
2026-01-07 15:21:23 DEBUG SqmFunctionRegistry:128 - Registered SqmFunctionTemplate [NamedSqmFunctionTemplate(right)] under right; prior registration was null
2026-01-07 15:21:23 DEBUG SqmFunctionRegistry:128 - Registered SqmFunctionTemplate [NamedSqmFunctionTemplate(replace)] under replace; prior registration was null
2026-01-07 15:21:23 DEBUG SqmFunctionRegistry:128 - Registered SqmFunctionTemplate [NamedSqmFunctionTemplate(concat)] under concat; prior registration was null
2026-01-07 15:21:23 DEBUG SqmFunctionRegistry:128 - Registered SqmFunctionTemplate [NamedSqmFunctionTemplate(lower)] under lower; prior registration was null
2026-01-07 15:21:23 DEBUG SqmFunctionRegistry:128 - Registered SqmFunctionTemplate [NamedSqmFunctionTemplate(upper)] under upper; prior registration was null
2026-01-07 15:21:23 DEBUG SqmFunctionRegistry:128 - Registered SqmFunctionTemplate [NamedSqmFunctionTemplate(substring)] under substring; prior registration was null
2026-01-07 15:21:23 DEBUG SqmFunctionRegistry:128 - Registered SqmFunctionTemplate [NamedSqmFunctionTemplate(locate)] under locate; prior registration was null
2026-01-07 15:21:23 DEBUG SqmFunctionRegistry:128 - Registered SqmFunctionTemplate [NamedSqmFunctionTemplate(character_length)] under character_length; prior registration was null
2026-01-07 15:21:23 DEBUG SqmFunctionRegistry:392 - Registering alternate key : length -> character_length
2026-01-07 15:21:23 DEBUG SqmFunctionRegistry:128 - Registered SqmFunctionTemplate [org.hibernate.dialect.function.LocatePositionEmulation@3c81cd82] under position; prior registration was null
2026-01-07 15:21:23 DEBUG SqmFunctionRegistry:128 - Registered SqmFunctionTemplate [org.hibernate.dialect.function.InsertSubstringOverlayEmulation@6af310c7] under overlay; prior registration was null
2026-01-07 15:21:23 DEBUG SqmFunctionRegistry:128 - Registered SqmFunctionTemplate [org.hibernate.dialect.function.TrimFunction@f5bf288] under trim; prior registration was null
2026-01-07 15:21:23 DEBUG SqmFunctionRegistry:128 - Registered SqmFunctionTemplate [org.hibernate.dialect.function.CastFunction@20440c6c] under cast; prior registration was null
2026-01-07 15:21:23 DEBUG SqmFunctionRegistry:128 - Registered SqmFunctionTemplate [org.hibernate.query.sqm.function.PatternBasedSqmFunctionDescriptor@1e3f86d5] under collate; prior registration was null
2026-01-07 15:21:23 DEBUG SqmFunctionRegistry:128 - Registered SqmFunctionTemplate [org.hibernate.dialect.function.ExtractFunction@66f5b8fe] under extract; prior registration was null
2026-01-07 15:21:23 DEBUG SqmFunctionRegistry:128 - Registered SqmFunctionTemplate [NamedSqmFunctionTemplate(least)] under least; prior registration was null
2026-01-07 15:21:23 DEBUG SqmFunctionRegistry:128 - Registered SqmFunctionTemplate [NamedSqmFunctionTemplate(greatest)] under greatest; prior registration was null
2026-01-07 15:21:23 DEBUG SqmFunctionRegistry:128 - Registered SqmFunctionTemplate [org.hibernate.dialect.function.CoalesceIfnullEmulation@5287ba5f] under ifnull; prior registration was null
2026-01-07 15:21:23 DEBUG SqmFunctionRegistry:128 - Registered SqmFunctionTemplate [NamedSqmFunctionTemplate(lpad)] under lpad; prior registration was null
2026-01-07 15:21:23 DEBUG SqmFunctionRegistry:128 - Registered SqmFunctionTemplate [NamedSqmFunctionTemplate(rpad)] under rpad; prior registration was null
2026-01-07 15:21:23 DEBUG SqmFunctionRegistry:128 - Registered SqmFunctionTemplate [org.hibernate.dialect.function.LpadRpadPadEmulation@6bce313] under pad; prior registration was null
2026-01-07 15:21:23 DEBUG SqmFunctionRegistry:128 - Registered SqmFunctionTemplate [org.hibernate.dialect.function.CastStrEmulation@4be490da] under str; prior registration was null
2026-01-07 15:21:23 DEBUG SqmFunctionRegistry:128 - Registered SqmFunctionTemplate [org.hibernate.dialect.function.OrdinalFunction@7a65c995] under ordinal; prior registration was null
2026-01-07 15:21:23 DEBUG SqmFunctionRegistry:128 - Registered SqmFunctionTemplate [org.hibernate.dialect.function.FormatFunction@6424e613] under format; prior registration was null
2026-01-07 15:21:23 DEBUG SqmFunctionRegistry:128 - Registered SqmFunctionTemplate [org.hibernate.dialect.function.TimestampaddFunction@4d354a3e] under timestampadd; prior registration was null
2026-01-07 15:21:23 DEBUG SqmFunctionRegistry:128 - Registered SqmFunctionTemplate [org.hibernate.dialect.function.TimestampdiffFunction@2c2c3947] under timestampdiff; prior registration was null
2026-01-07 15:21:23 DEBUG SqmFunctionRegistry:392 - Registering alternate key : dateadd -> timestampadd
2026-01-07 15:21:23 DEBUG SqmFunctionRegistry:392 - Registering alternate key : datediff -> timestampdiff
2026-01-07 15:21:23 DEBUG SqmFunctionRegistry:128 - Registered SqmFunctionTemplate [org.hibernate.dialect.function.CurrentFunction@1e76afeb] under current_date; prior registration was null
2026-01-07 15:21:23 DEBUG SqmFunctionRegistry:128 - Registered SqmFunctionTemplate [org.hibernate.dialect.function.CurrentFunction@447fa959] under current_time; prior registration was null
2026-01-07 15:21:23 DEBUG SqmFunctionRegistry:128 - Registered SqmFunctionTemplate [org.hibernate.dialect.function.CurrentFunction@3e4d40ea] under current_timestamp; prior registration was null
2026-01-07 15:21:23 DEBUG SqmFunctionRegistry:392 - Registering alternate key : current date -> current_date
2026-01-07 15:21:23 DEBUG SqmFunctionRegistry:392 - Registering alternate key : current time -> current_time
2026-01-07 15:21:23 DEBUG SqmFunctionRegistry:392 - Registering alternate key : current timestamp -> current_timestamp
2026-01-07 15:21:23 DEBUG SqmFunctionRegistry:128 - Registered SqmFunctionTemplate [org.hibernate.dialect.function.CurrentFunction@73f6e07] under local_date; prior registration was null
2026-01-07 15:21:23 DEBUG SqmFunctionRegistry:128 - Registered SqmFunctionTemplate [org.hibernate.dialect.function.CurrentFunction@2c9d90fc] under local_time; prior registration was null
2026-01-07 15:21:23 DEBUG SqmFunctionRegistry:128 - Registered SqmFunctionTemplate [org.hibernate.dialect.function.CurrentFunction@1511d157] under local_datetime; prior registration was null
2026-01-07 15:21:23 DEBUG SqmFunctionRegistry:128 - Registered SqmFunctionTemplate [org.hibernate.dialect.function.CurrentFunction@418f890f] under offset_datetime; prior registration was null
2026-01-07 15:21:23 DEBUG SqmFunctionRegistry:392 - Registering alternate key : local date -> local_date
2026-01-07 15:21:23 DEBUG SqmFunctionRegistry:392 - Registering alternate key : local time -> local_time
2026-01-07 15:21:23 DEBUG SqmFunctionRegistry:392 - Registering alternate key : local datetime -> local_datetime
2026-01-07 15:21:23 DEBUG SqmFunctionRegistry:392 - Registering alternate key : offset datetime -> offset_datetime
2026-01-07 15:21:23 DEBUG SqmFunctionRegistry:128 - Registered SqmFunctionTemplate [org.hibernate.dialect.function.CurrentFunction@3d3c886f] under instant; prior registration was null
2026-01-07 15:21:23 DEBUG SqmFunctionRegistry:392 - Registering alternate key : current_instant -> instant
2026-01-07 15:21:23 DEBUG SqmFunctionRegistry:128 - Registered SqmFunctionTemplate [org.hibernate.dialect.function.SqlFunction@2bab618] under sql; prior registration was null
2026-01-07 15:21:23 DEBUG SqmFunctionRegistry:128 - Registered SqmFunctionTemplate [NamedSqmFunctionTemplate(soundex)] under soundex; prior registration was null
2026-01-07 15:21:23 DEBUG SqmFunctionRegistry:128 - Registered SqmFunctionTemplate [NamedSqmFunctionTemplate(radians)] under radians; prior registration was null
2026-01-07 15:21:23 DEBUG SqmFunctionRegistry:128 - Registered SqmFunctionTemplate [NamedSqmFunctionTemplate(degrees)] under degrees; prior registration was null
2026-01-07 15:21:23 DEBUG SqmFunctionRegistry:128 - Registered SqmFunctionTemplate [NamedSqmFunctionTemplate(cot)] under cot; prior registration was null
2026-01-07 15:21:23 DEBUG SqmFunctionRegistry:128 - Registered SqmFunctionTemplate [NamedSqmFunctionTemplate(log)] under log; prior registration was org.hibernate.query.sqm.function.PatternBasedSqmFunctionDescriptor@118041c7
2026-01-07 15:21:23 DEBUG SqmFunctionRegistry:128 - Registered SqmFunctionTemplate [NamedSqmFunctionTemplate(log2)] under log2; prior registration was null
2026-01-07 15:21:23 DEBUG SqmFunctionRegistry:128 - Registered SqmFunctionTemplate [NamedSqmFunctionTemplate(log10)] under log10; prior registration was null
2026-01-07 15:21:23 DEBUG SqmFunctionRegistry:128 - Registered SqmFunctionTemplate [NamedSqmFunctionTemplate(ltrim)] under ltrim; prior registration was null
2026-01-07 15:21:23 DEBUG SqmFunctionRegistry:128 - Registered SqmFunctionTemplate [NamedSqmFunctionTemplate(rtrim)] under rtrim; prior registration was null
2026-01-07 15:21:23 DEBUG SqmFunctionRegistry:128 - Registered SqmFunctionTemplate [NamedSqmFunctionTemplate(octet_length)] under octet_length; prior registration was null
2026-01-07 15:21:23 DEBUG SqmFunctionRegistry:128 - Registered SqmFunctionTemplate [NamedSqmFunctionTemplate(reverse)] under reverse; prior registration was null
2026-01-07 15:21:23 DEBUG SqmFunctionRegistry:128 - Registered SqmFunctionTemplate [NamedSqmFunctionTemplate(space)] under space; prior registration was null
2026-01-07 15:21:23 DEBUG SqmFunctionRegistry:128 - Registered SqmFunctionTemplate [NamedSqmFunctionTemplate(repeat)] under repeat; prior registration was null
2026-01-07 15:21:23 DEBUG SqmFunctionRegistry:128 - Registered SqmFunctionTemplate [org.hibernate.query.sqm.function.MultipatternSqmFunctionDescriptor@73a6cc79] under lpad; prior registration was NamedSqmFunctionTemplate(lpad)
2026-01-07 15:21:23 DEBUG SqmFunctionRegistry:128 - Registered SqmFunctionTemplate [org.hibernate.query.sqm.function.MultipatternSqmFunctionDescriptor@5a4d4f9c] under rpad; prior registration was NamedSqmFunctionTemplate(rpad)
2026-01-07 15:21:23 DEBUG SqmFunctionRegistry:128 - Registered SqmFunctionTemplate [NamedSqmFunctionTemplate(day)] under day; prior registration was null
2026-01-07 15:21:23 DEBUG SqmFunctionRegistry:128 - Registered SqmFunctionTemplate [NamedSqmFunctionTemplate(month)] under month; prior registration was null
2026-01-07 15:21:23 DEBUG SqmFunctionRegistry:128 - Registered SqmFunctionTemplate [NamedSqmFunctionTemplate(year)] under year; prior registration was null
2026-01-07 15:21:23 DEBUG SqmFunctionRegistry:128 - Registered SqmFunctionTemplate [NamedSqmFunctionTemplate(hour)] under hour; prior registration was null
2026-01-07 15:21:23 DEBUG SqmFunctionRegistry:128 - Registered SqmFunctionTemplate [NamedSqmFunctionTemplate(minute)] under minute; prior registration was null
2026-01-07 15:21:23 DEBUG SqmFunctionRegistry:128 - Registered SqmFunctionTemplate [NamedSqmFunctionTemplate(second)] under second; prior registration was null
2026-01-07 15:21:23 DEBUG SqmFunctionRegistry:128 - Registered SqmFunctionTemplate [NamedSqmFunctionTemplate(microsecond)] under microsecond; prior registration was null
2026-01-07 15:21:23 DEBUG SqmFunctionRegistry:128 - Registered SqmFunctionTemplate [NamedSqmFunctionTemplate(dayofweek)] under dayofweek; prior registration was null
2026-01-07 15:21:23 DEBUG SqmFunctionRegistry:128 - Registered SqmFunctionTemplate [NamedSqmFunctionTemplate(dayofmonth)] under dayofmonth; prior registration was null
2026-01-07 15:21:23 DEBUG SqmFunctionRegistry:392 - Registering alternate key : day -> dayofmonth
2026-01-07 15:21:23 DEBUG SqmFunctionRegistry:128 - Registered SqmFunctionTemplate [NamedSqmFunctionTemplate(dayofyear)] under dayofyear; prior registration was null
2026-01-07 15:21:23 DEBUG SqmFunctionRegistry:128 - Registered SqmFunctionTemplate [NamedSqmFunctionTemplate(week)] under week; prior registration was null
2026-01-07 15:21:23 DEBUG SqmFunctionRegistry:128 - Registered SqmFunctionTemplate [NamedSqmFunctionTemplate(quarter)] under quarter; prior registration was null
2026-01-07 15:21:23 DEBUG SqmFunctionRegistry:128 - Registered SqmFunctionTemplate [NamedSqmFunctionTemplate(monthname)] under monthname; prior registration was null
2026-01-07 15:21:23 DEBUG SqmFunctionRegistry:128 - Registered SqmFunctionTemplate [NamedSqmFunctionTemplate(dayname)] under dayname; prior registration was null
2026-01-07 15:21:23 DEBUG SqmFunctionRegistry:128 - Registered SqmFunctionTemplate [NamedSqmFunctionTemplate(last_day)] under last_day; prior registration was null
2026-01-07 15:21:23 DEBUG SqmFunctionRegistry:128 - Registered SqmFunctionTemplate [NamedSqmFunctionTemplate(date)] under date; prior registration was null
2026-01-07 15:21:23 DEBUG SqmFunctionRegistry:128 - Registered SqmFunctionTemplate [NamedSqmFunctionTemplate(timestamp)] under timestamp; prior registration was null
2026-01-07 15:21:23 DEBUG SqmFunctionRegistry:128 - Registered SqmFunctionTemplate [NamedSqmFunctionTemplate(time)] under time; prior registration was null
2026-01-07 15:21:23 DEBUG SqmFunctionRegistry:128 - Registered SqmFunctionTemplate [NamedSqmFunctionTemplate(utc_date)] under utc_date; prior registration was null
2026-01-07 15:21:23 DEBUG SqmFunctionRegistry:128 - Registered SqmFunctionTemplate [NamedSqmFunctionTemplate(utc_time)] under utc_time; prior registration was null
2026-01-07 15:21:23 DEBUG SqmFunctionRegistry:128 - Registered SqmFunctionTemplate [NamedSqmFunctionTemplate(utc_timestamp)] under utc_timestamp; prior registration was null
2026-01-07 15:21:23 DEBUG SqmFunctionRegistry:128 - Registered SqmFunctionTemplate [NamedSqmFunctionTemplate(rand)] under rand; prior registration was null
2026-01-07 15:21:23 DEBUG SqmFunctionRegistry:128 - Registered SqmFunctionTemplate [NamedSqmFunctionTemplate(crc32)] under crc32; prior registration was null
2026-01-07 15:21:23 DEBUG SqmFunctionRegistry:128 - Registered SqmFunctionTemplate [NamedSqmFunctionTemplate(sha1)] under sha1; prior registration was null
2026-01-07 15:21:23 DEBUG SqmFunctionRegistry:128 - Registered SqmFunctionTemplate [NamedSqmFunctionTemplate(sha2)] under sha2; prior registration was null
2026-01-07 15:21:23 DEBUG SqmFunctionRegistry:128 - Registered SqmFunctionTemplate [NamedSqmFunctionTemplate(bit_length)] under bit_length; prior registration was null
2026-01-07 15:21:23 DEBUG SqmFunctionRegistry:128 - Registered SqmFunctionTemplate [NamedSqmFunctionTemplate(octet_length)] under octet_length; prior registration was NamedSqmFunctionTemplate(octet_length)
2026-01-07 15:21:23 DEBUG SqmFunctionRegistry:128 - Registered SqmFunctionTemplate [NamedSqmFunctionTemplate(ascii)] under ascii; prior registration was null
2026-01-07 15:21:23 DEBUG SqmFunctionRegistry:128 - Registered SqmFunctionTemplate [NamedSqmFunctionTemplate(instr)] under instr; prior registration was null
2026-01-07 15:21:23 DEBUG SqmFunctionRegistry:128 - Registered SqmFunctionTemplate [NamedSqmFunctionTemplate(substr)] under substr; prior registration was null
2026-01-07 15:21:23 DEBUG SqmFunctionRegistry:128 - Registered SqmFunctionTemplate [org.hibernate.query.sqm.function.PatternBasedSqmFunctionDescriptor@153d6d74] under position; prior registration was org.hibernate.dialect.function.LocatePositionEmulation@3c81cd82
2026-01-07 15:21:23 DEBUG SqmFunctionRegistry:128 - Registered SqmFunctionTemplate [NamedSqmFunctionTemplate(curtime)] under curtime; prior registration was null
2026-01-07 15:21:23 DEBUG SqmFunctionRegistry:128 - Registered SqmFunctionTemplate [NamedSqmFunctionTemplate(curdate)] under curdate; prior registration was null
2026-01-07 15:21:23 DEBUG SqmFunctionRegistry:128 - Registered SqmFunctionTemplate [NamedSqmFunctionTemplate(now)] under now; prior registration was null
2026-01-07 15:21:23 DEBUG SqmFunctionRegistry:128 - Registered SqmFunctionTemplate [org.hibernate.dialect.function.TruncFunction@261f359f] under trunc; prior registration was null
2026-01-07 15:21:23 DEBUG SqmFunctionRegistry:392 - Registering alternate key : truncate -> trunc
2026-01-07 15:21:23 DEBUG SqmFunctionRegistry:128 - Registered SqmFunctionTemplate [NamedSqmFunctionTemplate(insert)] under insert; prior registration was null
2026-01-07 15:21:23 DEBUG SqmFunctionRegistry:128 - Registered SqmFunctionTemplate [org.hibernate.query.sqm.function.PatternBasedSqmFunctionDescriptor@5b02a984] under bitand; prior registration was null
2026-01-07 15:21:23 DEBUG SqmFunctionRegistry:128 - Registered SqmFunctionTemplate [org.hibernate.query.sqm.function.PatternBasedSqmFunctionDescriptor@57186526] under bitor; prior registration was null
2026-01-07 15:21:23 DEBUG SqmFunctionRegistry:128 - Registered SqmFunctionTemplate [org.hibernate.query.sqm.function.PatternBasedSqmFunctionDescriptor@391d1e33] under bitxor; prior registration was null
2026-01-07 15:21:23 DEBUG SqmFunctionRegistry:128 - Registered SqmFunctionTemplate [org.hibernate.query.sqm.function.PatternBasedSqmFunctionDescriptor@66f16742] under bitnot; prior registration was null
2026-01-07 15:21:23 DEBUG SqmFunctionRegistry:128 - Registered SqmFunctionTemplate [NamedSqmFunctionTemplate(bit_and)] under bit_and; prior registration was null
2026-01-07 15:21:23 DEBUG SqmFunctionRegistry:128 - Registered SqmFunctionTemplate [NamedSqmFunctionTemplate(bit_or)] under bit_or; prior registration was null
2026-01-07 15:21:23 DEBUG SqmFunctionRegistry:128 - Registered SqmFunctionTemplate [NamedSqmFunctionTemplate(stddev)] under stddev; prior registration was null
2026-01-07 15:21:23 DEBUG SqmFunctionRegistry:128 - Registered SqmFunctionTemplate [NamedSqmFunctionTemplate(stddev_pop)] under stddev_pop; prior registration was null
2026-01-07 15:21:23 DEBUG SqmFunctionRegistry:128 - Registered SqmFunctionTemplate [NamedSqmFunctionTemplate(stddev_samp)] under stddev_samp; prior registration was null
2026-01-07 15:21:23 DEBUG SqmFunctionRegistry:128 - Registered SqmFunctionTemplate [NamedSqmFunctionTemplate(variance)] under variance; prior registration was null
2026-01-07 15:21:23 DEBUG SqmFunctionRegistry:128 - Registered SqmFunctionTemplate [NamedSqmFunctionTemplate(var_pop)] under var_pop; prior registration was null
2026-01-07 15:21:23 DEBUG SqmFunctionRegistry:128 - Registered SqmFunctionTemplate [NamedSqmFunctionTemplate(var_samp)] under var_samp; prior registration was null
2026-01-07 15:21:23 DEBUG SqmFunctionRegistry:128 - Registered SqmFunctionTemplate [NamedSqmFunctionTemplate(datediff)] under datediff; prior registration was null
2026-01-07 15:21:23 DEBUG SqmFunctionRegistry:128 - Registered SqmFunctionTemplate [NamedSqmFunctionTemplate(adddate)] under adddate; prior registration was null
2026-01-07 15:21:23 DEBUG SqmFunctionRegistry:128 - Registered SqmFunctionTemplate [NamedSqmFunctionTemplate(subdate)] under subdate; prior registration was null
2026-01-07 15:21:23 DEBUG SqmFunctionRegistry:128 - Registered SqmFunctionTemplate [NamedSqmFunctionTemplate(addtime)] under addtime; prior registration was null
2026-01-07 15:21:23 DEBUG SqmFunctionRegistry:128 - Registered SqmFunctionTemplate [NamedSqmFunctionTemplate(subtime)] under subtime; prior registration was null
2026-01-07 15:21:23 DEBUG SqmFunctionRegistry:128 - Registered SqmFunctionTemplate [org.hibernate.dialect.function.FormatFunction@2871ac91] under format; prior registration was org.hibernate.dialect.function.FormatFunction@6424e613
2026-01-07 15:21:23 DEBUG SqmFunctionRegistry:128 - Registered SqmFunctionTemplate [NamedSqmFunctionTemplate(makedate)] under makedate; prior registration was null
2026-01-07 15:21:23 DEBUG SqmFunctionRegistry:128 - Registered SqmFunctionTemplate [NamedSqmFunctionTemplate(maketime)] under maketime; prior registration was null
2026-01-07 15:21:23 DEBUG SqmFunctionRegistry:128 - Registered SqmFunctionTemplate [NamedSqmFunctionTemplate(localtime)] under localtime; prior registration was null
2026-01-07 15:21:23 DEBUG SqmFunctionRegistry:128 - Registered SqmFunctionTemplate [NamedSqmFunctionTemplate(localtimestamp)] under localtimestamp; prior registration was null
2026-01-07 15:21:23 DEBUG SqmFunctionRegistry:128 - Registered SqmFunctionTemplate [NamedSqmFunctionTemplate(localtime)] under local_time; prior registration was org.hibernate.dialect.function.CurrentFunction@2c9d90fc
2026-01-07 15:21:23 DEBUG SqmFunctionRegistry:128 - Registered SqmFunctionTemplate [NamedSqmFunctionTemplate(localtimestamp)] under local_datetime; prior registration was org.hibernate.dialect.function.CurrentFunction@1511d157
2026-01-07 15:21:23 DEBUG SqmFunctionRegistry:128 - Registered SqmFunctionTemplate [org.hibernate.query.sqm.function.PatternBasedSqmFunctionDescriptor@3c54ddec] under pi; prior registration was org.hibernate.query.sqm.function.PatternBasedSqmFunctionDescriptor@4fb64e14
2026-01-07 15:21:23 DEBUG SqmFunctionRegistry:128 - Registered SqmFunctionTemplate [org.hibernate.query.sqm.function.PatternBasedSqmFunctionDescriptor@6d69a0d3] under chr; prior registration was null
2026-01-07 15:21:23 DEBUG SqmFunctionRegistry:392 - Registering alternate key : char -> chr
2026-01-07 15:21:23 DEBUG SqmFunctionRegistry:128 - Registered SqmFunctionTemplate [org.hibernate.query.sqm.function.PatternBasedSqmFunctionDescriptor@4f114b] under sysdate; prior registration was null
2026-01-07 15:21:23 DEBUG SqmFunctionRegistry:128 - Registered SqmFunctionTemplate [NamedSqmFunctionTemplate(row_number)] under row_number; prior registration was null
2026-01-07 15:21:23 DEBUG SqmFunctionRegistry:128 - Registered SqmFunctionTemplate [NamedSqmFunctionTemplate(lag)] under lag; prior registration was null
2026-01-07 15:21:23 DEBUG SqmFunctionRegistry:128 - Registered SqmFunctionTemplate [NamedSqmFunctionTemplate(lead)] under lead; prior registration was null
2026-01-07 15:21:23 DEBUG SqmFunctionRegistry:128 - Registered SqmFunctionTemplate [NamedSqmFunctionTemplate(first_value)] under first_value; prior registration was null
2026-01-07 15:21:23 DEBUG SqmFunctionRegistry:128 - Registered SqmFunctionTemplate [NamedSqmFunctionTemplate(last_value)] under last_value; prior registration was null
2026-01-07 15:21:23 DEBUG SqmFunctionRegistry:128 - Registered SqmFunctionTemplate [NamedSqmFunctionTemplate(nth_value)] under nth_value; prior registration was null
2026-01-07 15:21:23 DEBUG SqmFunctionRegistry:128 - Registered SqmFunctionTemplate [org.hibernate.dialect.function.HypotheticalSetWindowEmulation@35025a0a] under rank; prior registration was null
2026-01-07 15:21:23 DEBUG SqmFunctionRegistry:128 - Registered SqmFunctionTemplate [org.hibernate.dialect.function.HypotheticalSetWindowEmulation@38732364] under dense_rank; prior registration was null
2026-01-07 15:21:23 DEBUG SqmFunctionRegistry:128 - Registered SqmFunctionTemplate [org.hibernate.dialect.function.HypotheticalSetWindowEmulation@7c70aae1] under percent_rank; prior registration was null
2026-01-07 15:21:23 DEBUG SqmFunctionRegistry:128 - Registered SqmFunctionTemplate [org.hibernate.dialect.function.HypotheticalSetWindowEmulation@48cd319d] under cume_dist; prior registration was null
2026-01-07 15:21:23 DEBUG SqmFunctionRegistry:128 - Registered SqmFunctionTemplate [org.hibernate.dialect.function.ListaggGroupConcatEmulation@16cf8438] under listagg; prior registration was null
2026-01-07 15:21:23 DEBUG SqmFunctionRegistry:128 - Registered SqmFunctionTemplate [org.hibernate.dialect.function.json.MySQLJsonValueFunction@24134cbc] under json_value; prior registration was null
2026-01-07 15:21:23 DEBUG SqmFunctionRegistry:128 - Registered SqmFunctionTemplate [org.hibernate.dialect.function.json.MySQLJsonQueryFunction@5438fa43] under json_query; prior registration was null
2026-01-07 15:21:23 DEBUG SqmFunctionRegistry:128 - Registered SqmFunctionTemplate [org.hibernate.dialect.function.json.MySQLJsonExistsFunction@2ca54da9] under json_exists; prior registration was null
2026-01-07 15:21:23 DEBUG SqmFunctionRegistry:128 - Registered SqmFunctionTemplate [org.hibernate.dialect.function.json.MySQLJsonObjectFunction@50598a1a] under json_object; prior registration was null
2026-01-07 15:21:23 DEBUG SqmFunctionRegistry:128 - Registered SqmFunctionTemplate [org.hibernate.dialect.function.json.MySQLJsonArrayFunction@5c8d58ed] under json_array; prior registration was null
2026-01-07 15:21:23 DEBUG SqmFunctionRegistry:128 - Registered SqmFunctionTemplate [org.hibernate.dialect.function.json.MySQLJsonArrayAggFunction@4ce25e47] under json_arrayagg; prior registration was null
2026-01-07 15:21:23 DEBUG SqmFunctionRegistry:128 - Registered SqmFunctionTemplate [org.hibernate.dialect.function.json.MySQLJsonObjectAggFunction@285a4fe3] under json_objectagg; prior registration was null
2026-01-07 15:21:23 DEBUG SqmFunctionRegistry:128 - Registered SqmFunctionTemplate [NamedSqmFunctionTemplate(json_set)] under json_set; prior registration was null
2026-01-07 15:21:23 DEBUG SqmFunctionRegistry:128 - Registered SqmFunctionTemplate [NamedSqmFunctionTemplate(json_remove)] under json_remove; prior registration was null
2026-01-07 15:21:23 DEBUG SqmFunctionRegistry:128 - Registered SqmFunctionTemplate [NamedSqmFunctionTemplate(json_replace)] under json_replace; prior registration was null
2026-01-07 15:21:23 DEBUG SqmFunctionRegistry:128 - Registered SqmFunctionTemplate [NamedSqmFunctionTemplate(json_insert)] under json_insert; prior registration was null
2026-01-07 15:21:23 DEBUG SqmFunctionRegistry:128 - Registered SqmFunctionTemplate [NamedSqmFunctionTemplate(json_merge_patch)] under json_mergepatch; prior registration was null
2026-01-07 15:21:23 DEBUG SqmFunctionRegistry:128 - Registered SqmFunctionTemplate [NamedSqmFunctionTemplate(json_array_append)] under json_array_append; prior registration was null
2026-01-07 15:21:23 DEBUG SqmFunctionRegistry:128 - Registered SqmFunctionTemplate [NamedSqmFunctionTemplate(json_array_insert)] under json_array_insert; prior registration was null
2026-01-07 15:21:23 DEBUG SqmFunctionRegistry:143 - Registered SqmSetReturningFunctionTemplate [org.hibernate.dialect.function.array.UnnestFunction@1595d2b2] under unnest; prior registration was null
2026-01-07 15:21:23 DEBUG SqmFunctionRegistry:143 - Registered SqmSetReturningFunctionTemplate [org.hibernate.dialect.function.json.MySQLJsonTableFunction@37c7766e] under json_table; prior registration was null
2026-01-07 15:21:23 DEBUG SqmFunctionRegistry:143 - Registered SqmSetReturningFunctionTemplate [org.hibernate.dialect.function.CteGenerateSeriesFunction@62a6674f] under generate_series; prior registration was null
2026-01-07 15:21:23 DEBUG SqmFunctionRegistry:128 - Registered SqmFunctionTemplate [org.hibernate.query.sqm.function.PatternBasedSqmFunctionDescriptor@70881123] under hex; prior registration was null
2026-01-07 15:21:23 DEBUG SqmFunctionRegistry:128 - Registered SqmFunctionTemplate [org.hibernate.query.sqm.function.PatternBasedSqmFunctionDescriptor@703fa45] under sha; prior registration was null
2026-01-07 15:21:23 DEBUG SqmFunctionRegistry:128 - Registered SqmFunctionTemplate [org.hibernate.query.sqm.function.PatternBasedSqmFunctionDescriptor@5e905f2c] under md5; prior registration was null
2026-01-07 15:21:23 DEBUG HQL_FUNCTIONS:152 - abs(NUMERIC arg)
2026-01-07 15:21:23 DEBUG HQL_FUNCTIONS:152 - Double acos(NUMERIC arg)
2026-01-07 15:21:23 DEBUG HQL_FUNCTIONS:152 - adddate(DATE datetime, INTEGER days)
2026-01-07 15:21:23 DEBUG HQL_FUNCTIONS:152 - addtime(TIME datetime, TIME time)
2026-01-07 15:21:23 DEBUG HQL_FUNCTIONS:152 - Boolean any(BOOLEAN arg)
2026-01-07 15:21:23 DEBUG HQL_FUNCTIONS:152 - Integer ascii(STRING arg)
2026-01-07 15:21:23 DEBUG HQL_FUNCTIONS:152 - Double asin(NUMERIC arg)
2026-01-07 15:21:23 DEBUG HQL_FUNCTIONS:152 - Double atan(NUMERIC arg)
2026-01-07 15:21:23 DEBUG HQL_FUNCTIONS:152 - Double atan2(NUMERIC arg0, NUMERIC arg1)
2026-01-07 15:21:23 DEBUG HQL_FUNCTIONS:152 - avg(arg)
2026-01-07 15:21:23 DEBUG HQL_FUNCTIONS:152 - bit_and(arg)
2026-01-07 15:21:23 DEBUG HQL_FUNCTIONS:152 - Integer bit_length(STRING_OR_CLOB arg)
2026-01-07 15:21:23 DEBUG HQL_FUNCTIONS:152 - bit_or(arg)
2026-01-07 15:21:23 DEBUG HQL_FUNCTIONS:152 - bitand(arg0, arg1)
2026-01-07 15:21:23 DEBUG HQL_FUNCTIONS:152 - bitnot(arg)
2026-01-07 15:21:23 DEBUG HQL_FUNCTIONS:152 - bitor(arg0, arg1)
2026-01-07 15:21:23 DEBUG HQL_FUNCTIONS:152 - bitxor(arg0, arg1)
2026-01-07 15:21:23 DEBUG HQL_FUNCTIONS:152 - cast(arg as Type)
2026-01-07 15:21:23 DEBUG HQL_FUNCTIONS:152 - ceiling(NUMERIC arg)
2026-01-07 15:21:23 DEBUG HQL_FUNCTIONS:152 - Character char(INTEGER arg)
2026-01-07 15:21:23 DEBUG HQL_FUNCTIONS:152 - Integer character_length(STRING_OR_CLOB arg)
2026-01-07 15:21:23 DEBUG HQL_FUNCTIONS:152 - Character chr(INTEGER arg)
2026-01-07 15:21:23 DEBUG HQL_FUNCTIONS:152 - coalesce(arg0[, arg1[, ...]])
2026-01-07 15:21:23 DEBUG HQL_FUNCTIONS:152 - String collate(STRING string as COLLATION collation)
2026-01-07 15:21:23 DEBUG HQL_FUNCTIONS:152 - String concat(STRING string0[, STRING string1[, ...]])
2026-01-07 15:21:23 DEBUG HQL_FUNCTIONS:152 - Double cos(NUMERIC arg)
2026-01-07 15:21:23 DEBUG HQL_FUNCTIONS:152 - Double cosh(NUMERIC arg)
2026-01-07 15:21:23 DEBUG HQL_FUNCTIONS:152 - Double cot(NUMERIC arg)
2026-01-07 15:21:23 DEBUG HQL_FUNCTIONS:152 - Long count([distinct ]{arg|*})
2026-01-07 15:21:23 DEBUG HQL_FUNCTIONS:152 - Integer crc32(arg)
2026-01-07 15:21:23 DEBUG HQL_FUNCTIONS:152 - Double cume_dist([arg0[, ...]])
2026-01-07 15:21:23 DEBUG HQL_FUNCTIONS:152 - Date curdate()
2026-01-07 15:21:23 DEBUG HQL_FUNCTIONS:152 - Date current date
2026-01-07 15:21:23 DEBUG HQL_FUNCTIONS:152 - Time current time
2026-01-07 15:21:23 DEBUG HQL_FUNCTIONS:152 - Timestamp current timestamp
2026-01-07 15:21:23 DEBUG HQL_FUNCTIONS:152 - Date current_date
2026-01-07 15:21:23 DEBUG HQL_FUNCTIONS:152 - Instant current_instant
2026-01-07 15:21:23 DEBUG HQL_FUNCTIONS:152 - Time current_time
2026-01-07 15:21:23 DEBUG HQL_FUNCTIONS:152 - Timestamp current_timestamp
2026-01-07 15:21:23 DEBUG HQL_FUNCTIONS:152 - Time curtime()
2026-01-07 15:21:23 DEBUG HQL_FUNCTIONS:152 - Date date(arg)
2026-01-07 15:21:23 DEBUG HQL_FUNCTIONS:152 - dateadd(TEMPORAL_UNIT field, INTEGER magnitude, TEMPORAL datetime)
2026-01-07 15:21:23 DEBUG HQL_FUNCTIONS:152 - Integer datediff(DATE end, DATE start)
2026-01-07 15:21:23 DEBUG HQL_FUNCTIONS:152 - Integer day(DATE arg)
2026-01-07 15:21:23 DEBUG HQL_FUNCTIONS:152 - String dayname(DATE arg)
2026-01-07 15:21:23 DEBUG HQL_FUNCTIONS:152 - Integer dayofmonth(DATE arg)
2026-01-07 15:21:23 DEBUG HQL_FUNCTIONS:152 - Integer dayofweek(DATE arg)
2026-01-07 15:21:23 DEBUG HQL_FUNCTIONS:152 - Integer dayofyear(DATE arg)
2026-01-07 15:21:23 DEBUG HQL_FUNCTIONS:152 - Double degrees(NUMERIC arg)
2026-01-07 15:21:23 DEBUG HQL_FUNCTIONS:152 - Long dense_rank([arg0[, ...]])
2026-01-07 15:21:23 DEBUG HQL_FUNCTIONS:152 - Boolean every(BOOLEAN arg)
2026-01-07 15:21:23 DEBUG HQL_FUNCTIONS:152 - Double exp(NUMERIC arg)
2026-01-07 15:21:23 DEBUG HQL_FUNCTIONS:152 - extract(TEMPORAL_UNIT field from TEMPORAL arg)
2026-01-07 15:21:23 DEBUG HQL_FUNCTIONS:152 - first_valueANY value
2026-01-07 15:21:23 DEBUG HQL_FUNCTIONS:152 - floor(NUMERIC arg)
2026-01-07 15:21:23 DEBUG HQL_FUNCTIONS:152 - String format(TEMPORAL datetime as STRING pattern)
2026-01-07 15:21:23 DEBUG HQL_FUNCTIONS:152 - greatest(COMPARABLE arg0, COMPARABLE arg1[, arg2[, ...]])
2026-01-07 15:21:23 DEBUG HQL_FUNCTIONS:152 - String hex(arg)
2026-01-07 15:21:23 DEBUG HQL_FUNCTIONS:152 - Integer hour(TIME arg)
2026-01-07 15:21:23 DEBUG HQL_FUNCTIONS:152 - ifnull(arg0, arg1)
2026-01-07 15:21:23 DEBUG HQL_FUNCTIONS:152 - String insert(STRING string, INTEGER start, INTEGER length, STRING replacement)
2026-01-07 15:21:23 DEBUG HQL_FUNCTIONS:152 - Instant instant
2026-01-07 15:21:23 DEBUG HQL_FUNCTIONS:152 - Integer instr(STRING string, STRING pattern[, INTEGER start[, INTEGER occurrence]])
2026-01-07 15:21:23 DEBUG HQL_FUNCTIONS:152 - String json_array([arg0[, ...]])
2026-01-07 15:21:23 DEBUG HQL_FUNCTIONS:152 - String json_array_append(IMPLICIT_JSON arg0, STRING arg1, ANY arg2)
2026-01-07 15:21:23 DEBUG HQL_FUNCTIONS:152 - String json_array_insert(IMPLICIT_JSON arg0, STRING arg1, ANY arg2)
2026-01-07 15:21:23 DEBUG HQL_FUNCTIONS:152 - String json_arrayagg(arg0[, arg1])
2026-01-07 15:21:23 DEBUG HQL_FUNCTIONS:152 - Boolean json_exists(IMPLICIT_JSON arg0, STRING arg1)
2026-01-07 15:21:23 DEBUG HQL_FUNCTIONS:152 - String json_insert(IMPLICIT_JSON arg0, STRING arg1, ANY arg2)
2026-01-07 15:21:23 DEBUG HQL_FUNCTIONS:152 - String json_mergepatch(IMPLICIT_JSON arg0, IMPLICIT_JSON arg1[, arg2[, ...]])
2026-01-07 15:21:23 DEBUG HQL_FUNCTIONS:152 - String json_object( ... )
2026-01-07 15:21:23 DEBUG HQL_FUNCTIONS:152 - String json_objectagg(arg0, arg1[, arg2, arg3])
2026-01-07 15:21:23 DEBUG HQL_FUNCTIONS:152 - String json_query( ... )
2026-01-07 15:21:23 DEBUG HQL_FUNCTIONS:152 - String json_remove(IMPLICIT_JSON arg0, STRING arg1)
2026-01-07 15:21:23 DEBUG HQL_FUNCTIONS:152 - String json_replace(IMPLICIT_JSON arg0, STRING arg1, ANY arg2)
2026-01-07 15:21:23 DEBUG HQL_FUNCTIONS:152 - String json_set(IMPLICIT_JSON arg0, STRING arg1, ANY arg2)
2026-01-07 15:21:23 DEBUG HQL_FUNCTIONS:152 - json_value( ... )
2026-01-07 15:21:23 DEBUG HQL_FUNCTIONS:152 - lagANY value[, INTEGER offset[, ANY default]]
2026-01-07 15:21:23 DEBUG HQL_FUNCTIONS:152 - Date last_day(DATE arg)
2026-01-07 15:21:23 DEBUG HQL_FUNCTIONS:152 - last_valueANY value
2026-01-07 15:21:23 DEBUG HQL_FUNCTIONS:152 - leadANY value[, INTEGER offset[, ANY default]]
2026-01-07 15:21:23 DEBUG HQL_FUNCTIONS:152 - least(COMPARABLE arg0, COMPARABLE arg1[, arg2[, ...]])
2026-01-07 15:21:23 DEBUG HQL_FUNCTIONS:152 - String left(STRING string, INTEGER length)
2026-01-07 15:21:23 DEBUG HQL_FUNCTIONS:152 - Integer length(STRING_OR_CLOB arg)
2026-01-07 15:21:23 DEBUG HQL_FUNCTIONS:152 - String listagg(STRING arg0, STRING arg1)
2026-01-07 15:21:23 DEBUG HQL_FUNCTIONS:152 - Double ln(NUMERIC arg)
2026-01-07 15:21:23 DEBUG HQL_FUNCTIONS:152 - LocalDate local date
2026-01-07 15:21:23 DEBUG HQL_FUNCTIONS:152 - LocalDateTime local datetime
2026-01-07 15:21:23 DEBUG HQL_FUNCTIONS:152 - LocalTime local time
2026-01-07 15:21:23 DEBUG HQL_FUNCTIONS:152 - LocalDate local_date
2026-01-07 15:21:23 DEBUG HQL_FUNCTIONS:152 - LocalDateTime local_datetime
2026-01-07 15:21:23 DEBUG HQL_FUNCTIONS:152 - LocalTime local_time
2026-01-07 15:21:23 DEBUG HQL_FUNCTIONS:152 - Time localtime
2026-01-07 15:21:23 DEBUG HQL_FUNCTIONS:152 - Timestamp localtimestamp
2026-01-07 15:21:23 DEBUG HQL_FUNCTIONS:152 - Integer locate(STRING pattern, STRING string[, INTEGER start])
2026-01-07 15:21:23 DEBUG HQL_FUNCTIONS:152 - Double log(NUMERIC arg0[, NUMERIC arg1])
2026-01-07 15:21:23 DEBUG HQL_FUNCTIONS:152 - Double log10(NUMERIC arg)
2026-01-07 15:21:23 DEBUG HQL_FUNCTIONS:152 - Double log2(NUMERIC arg)
2026-01-07 15:21:23 DEBUG HQL_FUNCTIONS:152 - String lower(STRING string)
2026-01-07 15:21:23 DEBUG HQL_FUNCTIONS:152 - String lpad(string, length[, padding])
2026-01-07 15:21:23 DEBUG HQL_FUNCTIONS:152 - String ltrim(STRING string[, STRING characters])
2026-01-07 15:21:23 DEBUG HQL_FUNCTIONS:152 - Date makedate(INTEGER year, INTEGER dayofyear)
2026-01-07 15:21:23 DEBUG HQL_FUNCTIONS:152 - Time maketime(INTEGER hour, INTEGER min, INTEGER sec)
2026-01-07 15:21:23 DEBUG HQL_FUNCTIONS:152 - max(COMPARABLE arg)
2026-01-07 15:21:23 DEBUG HQL_FUNCTIONS:152 - byte[] md5(arg)
2026-01-07 15:21:23 DEBUG HQL_FUNCTIONS:152 - Integer microsecond(TIME arg)
2026-01-07 15:21:23 DEBUG HQL_FUNCTIONS:152 - min(COMPARABLE arg)
2026-01-07 15:21:23 DEBUG HQL_FUNCTIONS:152 - Integer minute(TIME arg)
2026-01-07 15:21:23 DEBUG HQL_FUNCTIONS:152 - Integer mod(INTEGER arg0, INTEGER arg1)
2026-01-07 15:21:23 DEBUG HQL_FUNCTIONS:152 - Integer month(DATE arg)
2026-01-07 15:21:23 DEBUG HQL_FUNCTIONS:152 - String monthname(DATE arg)
2026-01-07 15:21:23 DEBUG HQL_FUNCTIONS:152 - Timestamp now()
2026-01-07 15:21:23 DEBUG HQL_FUNCTIONS:152 - nth_valueANY value, INTEGER nth
2026-01-07 15:21:23 DEBUG HQL_FUNCTIONS:152 - nullif(arg0, arg1)
2026-01-07 15:21:23 DEBUG HQL_FUNCTIONS:152 - Integer octet_length(STRING_OR_CLOB arg)
2026-01-07 15:21:23 DEBUG HQL_FUNCTIONS:152 - OffsetDateTime offset datetime
2026-01-07 15:21:23 DEBUG HQL_FUNCTIONS:152 - OffsetDateTime offset_datetime
2026-01-07 15:21:23 DEBUG HQL_FUNCTIONS:152 - Integer ordinal(ENUM arg)
2026-01-07 15:21:23 DEBUG HQL_FUNCTIONS:152 - String overlay(STRING string placing STRING replacement from INTEGER start[ for INTEGER length])
2026-01-07 15:21:23 DEBUG HQL_FUNCTIONS:152 - String pad(STRING string with INTEGER length {leading|trailing}[ STRING character])
2026-01-07 15:21:23 DEBUG HQL_FUNCTIONS:152 - Double percent_rank([arg0[, ...]])
2026-01-07 15:21:23 DEBUG HQL_FUNCTIONS:152 - Double pi
2026-01-07 15:21:23 DEBUG HQL_FUNCTIONS:152 - Integer position(STRING pattern in STRING string)
2026-01-07 15:21:23 DEBUG HQL_FUNCTIONS:152 - Double power(NUMERIC arg0, NUMERIC arg1)
2026-01-07 15:21:23 DEBUG HQL_FUNCTIONS:152 - Integer quarter(DATE arg)
2026-01-07 15:21:23 DEBUG HQL_FUNCTIONS:152 - Double radians(NUMERIC arg)
2026-01-07 15:21:23 DEBUG HQL_FUNCTIONS:152 - Double rand([INTEGER seed])
2026-01-07 15:21:23 DEBUG HQL_FUNCTIONS:152 - Long rank([arg0[, ...]])
2026-01-07 15:21:23 DEBUG HQL_FUNCTIONS:152 - String repeat(STRING string, INTEGER times)
2026-01-07 15:21:23 DEBUG HQL_FUNCTIONS:152 - String replace(STRING string, STRING pattern, STRING replacement)
2026-01-07 15:21:23 DEBUG HQL_FUNCTIONS:152 - String reverse(STRING arg)
2026-01-07 15:21:23 DEBUG HQL_FUNCTIONS:152 - String right(STRING string, INTEGER length)
2026-01-07 15:21:23 DEBUG HQL_FUNCTIONS:152 - round(NUMERIC number[, INTEGER places])
2026-01-07 15:21:23 DEBUG HQL_FUNCTIONS:152 - Long row_number()
2026-01-07 15:21:23 DEBUG HQL_FUNCTIONS:152 - String rpad(string, length[, padding])
2026-01-07 15:21:23 DEBUG HQL_FUNCTIONS:152 - String rtrim(STRING string[, STRING characters])
2026-01-07 15:21:23 DEBUG HQL_FUNCTIONS:152 - Integer second(TIME arg)
2026-01-07 15:21:23 DEBUG HQL_FUNCTIONS:152 - byte[] sha(arg)
2026-01-07 15:21:23 DEBUG HQL_FUNCTIONS:152 - String sha1(arg)
2026-01-07 15:21:23 DEBUG HQL_FUNCTIONS:152 - String sha2(arg0, arg1)
2026-01-07 15:21:23 DEBUG HQL_FUNCTIONS:152 - Integer sign(NUMERIC arg)
2026-01-07 15:21:23 DEBUG HQL_FUNCTIONS:152 - Double sin(NUMERIC arg)
2026-01-07 15:21:23 DEBUG HQL_FUNCTIONS:152 - Double sinh(NUMERIC arg)
2026-01-07 15:21:23 DEBUG HQL_FUNCTIONS:152 - String soundex(arg)
2026-01-07 15:21:23 DEBUG HQL_FUNCTIONS:152 - String space(INTEGER arg)
2026-01-07 15:21:23 DEBUG HQL_FUNCTIONS:152 - Object sql
2026-01-07 15:21:23 DEBUG HQL_FUNCTIONS:152 - Double sqrt(NUMERIC arg)
2026-01-07 15:21:23 DEBUG HQL_FUNCTIONS:152 - Double stddev(NUMERIC arg)
2026-01-07 15:21:23 DEBUG HQL_FUNCTIONS:152 - Double stddev_pop(NUMERIC arg)
2026-01-07 15:21:23 DEBUG HQL_FUNCTIONS:152 - Double stddev_samp(NUMERIC arg)
2026-01-07 15:21:23 DEBUG HQL_FUNCTIONS:152 - String str(arg)
2026-01-07 15:21:23 DEBUG HQL_FUNCTIONS:152 - subdate(DATE datetime, INTEGER days)
2026-01-07 15:21:23 DEBUG HQL_FUNCTIONS:152 - String substr(STRING string, INTEGER start[, INTEGER length])
2026-01-07 15:21:23 DEBUG HQL_FUNCTIONS:152 - String substring(STRING string{ from|,} INTEGER start[{ for|,} INTEGER length])
2026-01-07 15:21:23 DEBUG HQL_FUNCTIONS:152 - subtime(TIME datetime, TIME time)
2026-01-07 15:21:23 DEBUG HQL_FUNCTIONS:152 - sum(arg)
2026-01-07 15:21:23 DEBUG HQL_FUNCTIONS:152 - Timestamp sysdate()
2026-01-07 15:21:23 DEBUG HQL_FUNCTIONS:152 - Double tan(NUMERIC arg)
2026-01-07 15:21:23 DEBUG HQL_FUNCTIONS:152 - Double tanh(NUMERIC arg)
2026-01-07 15:21:23 DEBUG HQL_FUNCTIONS:152 - String time(arg)
2026-01-07 15:21:23 DEBUG HQL_FUNCTIONS:152 - Timestamp timestamp(arg0[, arg1])
2026-01-07 15:21:23 DEBUG HQL_FUNCTIONS:152 - timestampadd(TEMPORAL_UNIT field, INTEGER magnitude, TEMPORAL datetime)
2026-01-07 15:21:23 DEBUG HQL_FUNCTIONS:152 - Long|Double timestampdiff(TEMPORAL_UNIT field, TEMPORAL start, TEMPORAL end)
2026-01-07 15:21:23 DEBUG HQL_FUNCTIONS:152 - String trim([[{leading|trailing|both} ][STRING arg0 ]from] STRING arg1)
2026-01-07 15:21:23 DEBUG HQL_FUNCTIONS:152 - trunc( ... )
2026-01-07 15:21:23 DEBUG HQL_FUNCTIONS:152 - truncate( ... )
2026-01-07 15:21:23 DEBUG HQL_FUNCTIONS:152 - String upper(STRING string)
2026-01-07 15:21:23 DEBUG HQL_FUNCTIONS:152 - Date utc_date
2026-01-07 15:21:23 DEBUG HQL_FUNCTIONS:152 - Time utc_time
2026-01-07 15:21:23 DEBUG HQL_FUNCTIONS:152 - Timestamp utc_timestamp
2026-01-07 15:21:23 DEBUG HQL_FUNCTIONS:152 - Double var_pop(NUMERIC arg)
2026-01-07 15:21:23 DEBUG HQL_FUNCTIONS:152 - Double var_samp(NUMERIC arg)
2026-01-07 15:21:23 DEBUG HQL_FUNCTIONS:152 - Double variance(NUMERIC arg)
2026-01-07 15:21:23 DEBUG HQL_FUNCTIONS:152 - Integer week(DATE arg)
2026-01-07 15:21:23 DEBUG HQL_FUNCTIONS:152 - Integer year(DATE arg)
2026-01-07 15:21:23 DEBUG cache:49 - Starting QueryInterpretationCache(2048)
2026-01-07 15:21:23 DEBUG ClassLoaderAccessImpl:58 - Not known whether passed class name [com.test.Address] is safe
2026-01-07 15:21:23 DEBUG ClassLoaderAccessImpl:60 - No temp ClassLoader provided; using live ClassLoader for loading potentially unsafe class : com.test.Address
2026-01-07 15:21:23 DEBUG BytecodeProviderImpl:232 - HHH000513: Unable to create the ReflectionOptimizer for [com.test.Address]: private accessor [city]
2026-01-07 15:21:23 DEBUG interceptor:45 - To-one property `com.test.Employee#address` was mapped with LAZY + NO_PROXY but the class was not enhanced
2026-01-07 15:21:23 DEBUG interceptor:45 - To-one property `com.test.Employee#address` was mapped with LAZY + NO_PROXY but the class was not enhanced
2026-01-07 15:21:23 DEBUG ClassLoaderAccessImpl:58 - Not known whether passed class name [com.test.Employee] is safe
2026-01-07 15:21:23 DEBUG ClassLoaderAccessImpl:60 - No temp ClassLoader provided; using live ClassLoader for loading potentially unsafe class : com.test.Employee
2026-01-07 15:21:23 DEBUG BytecodeProviderImpl:232 - HHH000513: Unable to create the ReflectionOptimizer for [com.test.Employee]: private accessor [address]
2026-01-07 15:21:23 DEBUG interceptor:45 - To-one property `com.test.Employee#address` was mapped with LAZY + NO_PROXY but the class was not enhanced
2026-01-07 15:21:23 DEBUG creation:102 - Starting post-init callbacks
2026-01-07 15:21:23 DEBUG creation:252 - Starting PostInitCallbackEntry : Entity(com.test.Address) `staticFetchableList` generator
2026-01-07 15:21:23 DEBUG creation:252 - Starting PostInitCallbackEntry : Entity(com.test.Address) `sqmMultiTableInsertStrategy` interpretation
2026-01-07 15:21:23 DEBUG creation:252 - Starting PostInitCallbackEntry : To-one key - NavigableRole[com.test.Employee.address]
2026-01-07 15:21:23 DEBUG creation:252 - Starting PostInitCallbackEntry : Entity(com.test.Employee) `staticFetchableList` generator
2026-01-07 15:21:23 DEBUG creation:252 - Starting PostInitCallbackEntry : Entity(com.test.Employee) `sqmMultiTableInsertStrategy` interpretation
2026-01-07 15:21:23 DEBUG create:30 - Created new SQL alias : a1_0
2026-01-07 15:21:23 DEBUG create:121 - Registration of TableGroup [StandardTableGroup(com.test.Address)] with identifierForTableGroup [com.test.Address] for NavigablePath [com.test.Address] 
2026-01-07 15:21:23 DEBUG AST:67 - DomainResult Graph:
 \-EntityResultImpl [com.test.Address]
 |  +-BasicFetch [com.test.Address.city]
 |  +-BasicFetch [com.test.Address.country]
 |  \-BasicFetch [com.test.Address.state]

2026-01-07 15:21:23 DEBUG tree:43 - SQL AST Tree:
    SelectStatement {
      FromClause {
        StandardTableGroup (a1 : com.test.Address) {
          primaryTableReference : address as a1_0
        }
      }
    }

2026-01-07 15:21:23 DEBUG AbstractEntityPersister:2673 - Static SQL for entity: com.test.Address
2026-01-07 15:21:23 DEBUG AbstractEntityPersister:2678 -  Version select: select id from address where id=?
2026-01-07 15:21:23 DEBUG AbstractEntityPersister:393 -  Insert (0): insert into address (city,country,state,id) values (?,?,?,?)
2026-01-07 15:21:23 DEBUG AbstractEntityPersister:393 -  Update (0): update address set city=?,country=?,state=? where id=?
2026-01-07 15:21:23 DEBUG AbstractEntityPersister:393 -  Delete (0): delete from address where id=?
2026-01-07 15:21:23 DEBUG create:30 - Created new SQL alias : e1_0
2026-01-07 15:21:23 DEBUG create:121 - Registration of TableGroup [StandardTableGroup(com.test.Employee)] with identifierForTableGroup [com.test.Employee] for NavigablePath [com.test.Employee] 
2026-01-07 15:21:23 DEBUG create:121 - Registration of TableGroup [org.hibernate.sql.ast.tree.from.LazyTableGroup@7d3c22a5] with identifierForTableGroup [com.test.Employee.address] for NavigablePath [com.test.Employee.address] 
2026-01-07 15:21:23 DEBUG create:30 - Created new SQL alias : a1_0
2026-01-07 15:21:23 DEBUG AST:67 - DomainResult Graph:
 \-EntityResultImpl [com.test.Employee]
 |  +-EntityFetchJoinedImpl [com.test.Employee.address]
 |  |  +-BasicFetch [com.test.Employee.address.city]
 |  |  +-BasicFetch [com.test.Employee.address.country]
 |  |  \-BasicFetch [com.test.Employee.address.state]
 |  +-BasicFetch [com.test.Employee.e_company]
 |  \-BasicFetch [com.test.Employee.e_name]

2026-01-07 15:21:23 DEBUG tree:43 - SQL AST Tree:
    SelectStatement {
      FromClause {
        StandardTableGroup (e1 : com.test.Employee) {
          primaryTableReference : employee as e1_0
          TableGroupJoins {
            left  join LazyTableGroup (a1 : com.test.Employee.address) {
              primaryTableReference : address as a1_0
            }
          }
        }
      }
    }

2026-01-07 15:21:23 DEBUG AbstractEntityPersister:2673 - Static SQL for entity: com.test.Employee
2026-01-07 15:21:23 DEBUG AbstractEntityPersister:2678 -  Version select: select id from employee where id=?
2026-01-07 15:21:23 DEBUG AbstractEntityPersister:393 -  Insert (0): insert into employee (address,e_company,e_name,id) values (?,?,?,?)
2026-01-07 15:21:23 DEBUG AbstractEntityPersister:393 -  Update (0): update employee set address=?,e_company=?,e_name=? where id=?
2026-01-07 15:21:23 DEBUG AbstractEntityPersister:393 -  Delete (0): delete from employee where id=?
2026-01-07 15:21:23 DEBUG JtaPlatformInitiator:44 - No JtaPlatform was specified, checking resolver
2026-01-07 15:21:23 DEBUG JtaPlatformResolverInitiator:32 - No JtaPlatformResolver was specified, using default [org.hibernate.engine.transaction.jta.platform.internal.StandardJtaPlatformResolver]
2026-01-07 15:21:23 DEBUG StandardJtaPlatformResolver:100 - Could not resolve JtaPlatform, using default [org.hibernate.engine.transaction.jta.platform.internal.NoJtaPlatform]
2026-01-07 15:21:23 INFO  JtaPlatformInitiator:58 - HHH000489: No JTA platform available (set 'hibernate.transaction.jta.platform' to enable JTA platform integration)
2026-01-07 15:21:23 DEBUG EntityCopyObserverFactoryInitiator:37 - Configured EntityCopyObserver strategy: disallow
2026-01-07 15:21:23 DEBUG SessionFactoryServiceRegistryImpl:103 - EventListenerRegistry access via ServiceRegistry is deprecated.  Use `sessionFactory.getEventEngine().getListenerRegistry()` instead
2026-01-07 15:21:23 DEBUG TypeConfiguration$Scope:209 - Scoping TypeConfiguration [org.hibernate.type.spi.TypeConfiguration@5f2de715] to SessionFactoryImplementor [org.hibernate.internal.SessionFactoryImpl@371cd2fc]
2026-01-07 15:21:23 DEBUG NamedObjectRepository:324 - Checking 0 named HQL queries
2026-01-07 15:21:23 DEBUG NamedObjectRepository:348 - Checking 0 named SQL queries
2026-01-07 15:21:23 DEBUG SQL:130 - 
    alter table employee 
       drop 
       foreign key FK4thuma2ldu3bin38ywwjr4p8a
2026-01-07 15:21:23 INFO  access:50 - HHH10001501: Connection obtained from JdbcConnectionAccess [org.hibernate.engine.jdbc.env.internal.JdbcEnvironmentInitiator$ConnectionProviderJdbcConnectionAccess@ac417a2] for (non-JTA) DDL execution was not in auto-commit mode; the Connection 'local transaction' will be committed and the Connection will be set into auto-commit mode.
2026-01-07 15:21:23 WARN  ExceptionHandlerLoggedImpl:25 - GenerationTarget encountered exception accepting command : Error executing DDL "
    alter table employee 
       drop 
       foreign key FK4thuma2ldu3bin38ywwjr4p8a" via JDBC [Can't DROP 'FK4thuma2ldu3bin38ywwjr4p8a'; check that column/key exists]
org.hibernate.tool.schema.spi.CommandAcceptanceException: Error executing DDL "
    alter table employee 
       drop 
       foreign key FK4thuma2ldu3bin38ywwjr4p8a" via JDBC [Can't DROP 'FK4thuma2ldu3bin38ywwjr4p8a'; check that column/key exists]
	at org.hibernate.tool.schema.internal.exec.GenerationTargetToDatabase.accept(GenerationTargetToDatabase.java:93) ~[hibernate-core-7.0.0.Final.jar:7.0.0.Final]
	at org.hibernate.tool.schema.internal.Helper.applySqlString(Helper.java:221) ~[hibernate-core-7.0.0.Final.jar:7.0.0.Final]
	at org.hibernate.tool.schema.internal.Helper.applySqlStrings(Helper.java:207) ~[hibernate-core-7.0.0.Final.jar:7.0.0.Final]
	at org.hibernate.tool.schema.internal.SchemaDropperImpl.applyConstraintDropping(SchemaDropperImpl.java:479) ~[hibernate-core-7.0.0.Final.jar:7.0.0.Final]
	at org.hibernate.tool.schema.internal.SchemaDropperImpl.dropConstraintsTablesSequences(SchemaDropperImpl.java:244) ~[hibernate-core-7.0.0.Final.jar:7.0.0.Final]
	at org.hibernate.tool.schema.internal.SchemaDropperImpl.dropFromMetadata(SchemaDropperImpl.java:217) ~[hibernate-core-7.0.0.Final.jar:7.0.0.Final]
	at org.hibernate.tool.schema.internal.SchemaDropperImpl.performDrop(SchemaDropperImpl.java:185) ~[hibernate-core-7.0.0.Final.jar:7.0.0.Final]
	at org.hibernate.tool.schema.internal.SchemaDropperImpl.doDrop(SchemaDropperImpl.java:155) ~[hibernate-core-7.0.0.Final.jar:7.0.0.Final]
	at org.hibernate.tool.schema.internal.SchemaDropperImpl.doDrop(SchemaDropperImpl.java:115) ~[hibernate-core-7.0.0.Final.jar:7.0.0.Final]
	at org.hibernate.tool.schema.spi.SchemaManagementToolCoordinator.performDatabaseAction(SchemaManagementToolCoordinator.java:225) ~[hibernate-core-7.0.0.Final.jar:7.0.0.Final]
	at org.hibernate.tool.schema.spi.SchemaManagementToolCoordinator.lambda$process$5(SchemaManagementToolCoordinator.java:142) ~[hibernate-core-7.0.0.Final.jar:7.0.0.Final]
	at java.util.HashMap.forEach(HashMap.java:1429) [?:?]
	at org.hibernate.tool.schema.spi.SchemaManagementToolCoordinator.process(SchemaManagementToolCoordinator.java:139) [hibernate-core-7.0.0.Final.jar:7.0.0.Final]
	at org.hibernate.boot.internal.SessionFactoryObserverForSchemaExport.sessionFactoryCreated(SessionFactoryObserverForSchemaExport.java:35) [hibernate-core-7.0.0.Final.jar:7.0.0.Final]
	at org.hibernate.internal.SessionFactoryObserverChain.sessionFactoryCreated(SessionFactoryObserverChain.java:33) [hibernate-core-7.0.0.Final.jar:7.0.0.Final]
	at org.hibernate.internal.SessionFactoryImpl.<init>(SessionFactoryImpl.java:350) [hibernate-core-7.0.0.Final.jar:7.0.0.Final]
	at org.hibernate.boot.internal.SessionFactoryBuilderImpl.build(SessionFactoryBuilderImpl.java:430) [hibernate-core-7.0.0.Final.jar:7.0.0.Final]
	at org.hibernate.cfg.Configuration.buildSessionFactory(Configuration.java:1089) [hibernate-core-7.0.0.Final.jar:7.0.0.Final]
	at org.hibernate.cfg.Configuration.buildSessionFactory(Configuration.java:1108) [hibernate-core-7.0.0.Final.jar:7.0.0.Final]
	at com.test.TestMappings.main(TestMappings.java:15) [classes/:?]
Caused by: java.sql.SQLSyntaxErrorException: Can't DROP 'FK4thuma2ldu3bin38ywwjr4p8a'; check that column/key exists
	at com.mysql.cj.jdbc.exceptions.SQLError.createSQLException(SQLError.java:121) ~[mysql-connector-j-8.0.33.jar:8.0.33]
	at com.mysql.cj.jdbc.exceptions.SQLExceptionsMapping.translateException(SQLExceptionsMapping.java:122) ~[mysql-connector-j-8.0.33.jar:8.0.33]
	at com.mysql.cj.jdbc.StatementImpl.executeInternal(StatementImpl.java:763) ~[mysql-connector-j-8.0.33.jar:8.0.33]
	at com.mysql.cj.jdbc.StatementImpl.execute(StatementImpl.java:648) ~[mysql-connector-j-8.0.33.jar:8.0.33]
	at org.hibernate.tool.schema.internal.exec.GenerationTargetToDatabase.accept(GenerationTargetToDatabase.java:79) ~[hibernate-core-7.0.0.Final.jar:7.0.0.Final]
	... 19 more
2026-01-07 15:21:23 DEBUG SQL:130 - 
    drop table if exists address
2026-01-07 15:21:23 DEBUG SQL:130 - 
    drop table if exists address_SEQ
2026-01-07 15:21:23 DEBUG SQL:130 - 
    drop table if exists employee
2026-01-07 15:21:23 WARN  ExceptionHandlerLoggedImpl:25 - GenerationTarget encountered exception accepting command : Error executing DDL "
    drop table if exists employee" via JDBC [Cannot drop table 'employee' referenced by a foreign key constraint 'departments_ibfk_1' on table 'departments'.]
org.hibernate.tool.schema.spi.CommandAcceptanceException: Error executing DDL "
    drop table if exists employee" via JDBC [Cannot drop table 'employee' referenced by a foreign key constraint 'departments_ibfk_1' on table 'departments'.]
	at org.hibernate.tool.schema.internal.exec.GenerationTargetToDatabase.accept(GenerationTargetToDatabase.java:93) ~[hibernate-core-7.0.0.Final.jar:7.0.0.Final]
	at org.hibernate.tool.schema.internal.Helper.applySqlString(Helper.java:221) ~[hibernate-core-7.0.0.Final.jar:7.0.0.Final]
	at org.hibernate.tool.schema.internal.Helper.applySqlStrings(Helper.java:207) ~[hibernate-core-7.0.0.Final.jar:7.0.0.Final]
	at org.hibernate.tool.schema.internal.SchemaDropperImpl.dropTables(SchemaDropperImpl.java:383) ~[hibernate-core-7.0.0.Final.jar:7.0.0.Final]
	at org.hibernate.tool.schema.internal.SchemaDropperImpl.dropConstraintsTablesSequences(SchemaDropperImpl.java:255) ~[hibernate-core-7.0.0.Final.jar:7.0.0.Final]
	at org.hibernate.tool.schema.internal.SchemaDropperImpl.dropFromMetadata(SchemaDropperImpl.java:217) ~[hibernate-core-7.0.0.Final.jar:7.0.0.Final]
	at org.hibernate.tool.schema.internal.SchemaDropperImpl.performDrop(SchemaDropperImpl.java:185) ~[hibernate-core-7.0.0.Final.jar:7.0.0.Final]
	at org.hibernate.tool.schema.internal.SchemaDropperImpl.doDrop(SchemaDropperImpl.java:155) ~[hibernate-core-7.0.0.Final.jar:7.0.0.Final]
	at org.hibernate.tool.schema.internal.SchemaDropperImpl.doDrop(SchemaDropperImpl.java:115) ~[hibernate-core-7.0.0.Final.jar:7.0.0.Final]
	at org.hibernate.tool.schema.spi.SchemaManagementToolCoordinator.performDatabaseAction(SchemaManagementToolCoordinator.java:225) ~[hibernate-core-7.0.0.Final.jar:7.0.0.Final]
	at org.hibernate.tool.schema.spi.SchemaManagementToolCoordinator.lambda$process$5(SchemaManagementToolCoordinator.java:142) ~[hibernate-core-7.0.0.Final.jar:7.0.0.Final]
	at java.util.HashMap.forEach(HashMap.java:1429) [?:?]
	at org.hibernate.tool.schema.spi.SchemaManagementToolCoordinator.process(SchemaManagementToolCoordinator.java:139) [hibernate-core-7.0.0.Final.jar:7.0.0.Final]
	at org.hibernate.boot.internal.SessionFactoryObserverForSchemaExport.sessionFactoryCreated(SessionFactoryObserverForSchemaExport.java:35) [hibernate-core-7.0.0.Final.jar:7.0.0.Final]
	at org.hibernate.internal.SessionFactoryObserverChain.sessionFactoryCreated(SessionFactoryObserverChain.java:33) [hibernate-core-7.0.0.Final.jar:7.0.0.Final]
	at org.hibernate.internal.SessionFactoryImpl.<init>(SessionFactoryImpl.java:350) [hibernate-core-7.0.0.Final.jar:7.0.0.Final]
	at org.hibernate.boot.internal.SessionFactoryBuilderImpl.build(SessionFactoryBuilderImpl.java:430) [hibernate-core-7.0.0.Final.jar:7.0.0.Final]
	at org.hibernate.cfg.Configuration.buildSessionFactory(Configuration.java:1089) [hibernate-core-7.0.0.Final.jar:7.0.0.Final]
	at org.hibernate.cfg.Configuration.buildSessionFactory(Configuration.java:1108) [hibernate-core-7.0.0.Final.jar:7.0.0.Final]
	at com.test.TestMappings.main(TestMappings.java:15) [classes/:?]
Caused by: java.sql.SQLException: Cannot drop table 'employee' referenced by a foreign key constraint 'departments_ibfk_1' on table 'departments'.
	at com.mysql.cj.jdbc.exceptions.SQLError.createSQLException(SQLError.java:130) ~[mysql-connector-j-8.0.33.jar:8.0.33]
	at com.mysql.cj.jdbc.exceptions.SQLExceptionsMapping.translateException(SQLExceptionsMapping.java:122) ~[mysql-connector-j-8.0.33.jar:8.0.33]
	at com.mysql.cj.jdbc.StatementImpl.executeInternal(StatementImpl.java:763) ~[mysql-connector-j-8.0.33.jar:8.0.33]
	at com.mysql.cj.jdbc.StatementImpl.execute(StatementImpl.java:648) ~[mysql-connector-j-8.0.33.jar:8.0.33]
	at org.hibernate.tool.schema.internal.exec.GenerationTargetToDatabase.accept(GenerationTargetToDatabase.java:79) ~[hibernate-core-7.0.0.Final.jar:7.0.0.Final]
	... 19 more
2026-01-07 15:21:23 DEBUG SQL:130 - 
    drop table if exists employee_SEQ
2026-01-07 15:21:23 DEBUG SQL:130 - 
    create table address (
        id integer not null,
        city varchar(255),
        country varchar(255),
        state varchar(255),
        primary key (id)
    ) engine=InnoDB
2026-01-07 15:21:23 INFO  access:50 - HHH10001501: Connection obtained from JdbcConnectionAccess [org.hibernate.engine.jdbc.env.internal.JdbcEnvironmentInitiator$ConnectionProviderJdbcConnectionAccess@76134b9b] for (non-JTA) DDL execution was not in auto-commit mode; the Connection 'local transaction' will be committed and the Connection will be set into auto-commit mode.
2026-01-07 15:21:24 DEBUG SQL:130 - 
    create table address_SEQ (
        next_val bigint
    ) engine=InnoDB
2026-01-07 15:21:24 DEBUG SQL:130 - 
    insert into address_SEQ values ( 1 )
2026-01-07 15:21:24 DEBUG SQL:130 - 
    create table employee (
        address integer,
        id integer not null,
        e_company varchar(255),
        e_name varchar(255),
        primary key (id)
    ) engine=InnoDB
2026-01-07 15:21:24 WARN  ExceptionHandlerLoggedImpl:25 - GenerationTarget encountered exception accepting command : Error executing DDL "
    create table employee (
        address integer,
        id integer not null,
        e_company varchar(255),
        e_name varchar(255),
        primary key (id)
    ) engine=InnoDB" via JDBC [Table 'employee' already exists]
org.hibernate.tool.schema.spi.CommandAcceptanceException: Error executing DDL "
    create table employee (
        address integer,
        id integer not null,
        e_company varchar(255),
        e_name varchar(255),
        primary key (id)
    ) engine=InnoDB" via JDBC [Table 'employee' already exists]
	at org.hibernate.tool.schema.internal.exec.GenerationTargetToDatabase.accept(GenerationTargetToDatabase.java:93) ~[hibernate-core-7.0.0.Final.jar:7.0.0.Final]
	at org.hibernate.tool.schema.internal.Helper.applySqlString(Helper.java:221) ~[hibernate-core-7.0.0.Final.jar:7.0.0.Final]
	at org.hibernate.tool.schema.internal.Helper.applySqlStrings(Helper.java:207) ~[hibernate-core-7.0.0.Final.jar:7.0.0.Final]
	at org.hibernate.tool.schema.internal.SchemaCreatorImpl.createTables(SchemaCreatorImpl.java:417) ~[hibernate-core-7.0.0.Final.jar:7.0.0.Final]
	at org.hibernate.tool.schema.internal.SchemaCreatorImpl.createSequencesTablesConstraints(SchemaCreatorImpl.java:333) ~[hibernate-core-7.0.0.Final.jar:7.0.0.Final]
	at org.hibernate.tool.schema.internal.SchemaCreatorImpl.createFromMetadata(SchemaCreatorImpl.java:228) ~[hibernate-core-7.0.0.Final.jar:7.0.0.Final]
	at org.hibernate.tool.schema.internal.SchemaCreatorImpl.performCreation(SchemaCreatorImpl.java:160) ~[hibernate-core-7.0.0.Final.jar:7.0.0.Final]
	at org.hibernate.tool.schema.internal.SchemaCreatorImpl.doCreation(SchemaCreatorImpl.java:130) ~[hibernate-core-7.0.0.Final.jar:7.0.0.Final]
	at org.hibernate.tool.schema.internal.SchemaCreatorImpl.doCreation(SchemaCreatorImpl.java:106) ~[hibernate-core-7.0.0.Final.jar:7.0.0.Final]
	at org.hibernate.tool.schema.spi.SchemaManagementToolCoordinator.performDatabaseAction(SchemaManagementToolCoordinator.java:237) ~[hibernate-core-7.0.0.Final.jar:7.0.0.Final]
	at org.hibernate.tool.schema.spi.SchemaManagementToolCoordinator.lambda$process$5(SchemaManagementToolCoordinator.java:142) ~[hibernate-core-7.0.0.Final.jar:7.0.0.Final]
	at java.util.HashMap.forEach(HashMap.java:1429) [?:?]
	at org.hibernate.tool.schema.spi.SchemaManagementToolCoordinator.process(SchemaManagementToolCoordinator.java:139) [hibernate-core-7.0.0.Final.jar:7.0.0.Final]
	at org.hibernate.boot.internal.SessionFactoryObserverForSchemaExport.sessionFactoryCreated(SessionFactoryObserverForSchemaExport.java:35) [hibernate-core-7.0.0.Final.jar:7.0.0.Final]
	at org.hibernate.internal.SessionFactoryObserverChain.sessionFactoryCreated(SessionFactoryObserverChain.java:33) [hibernate-core-7.0.0.Final.jar:7.0.0.Final]
	at org.hibernate.internal.SessionFactoryImpl.<init>(SessionFactoryImpl.java:350) [hibernate-core-7.0.0.Final.jar:7.0.0.Final]
	at org.hibernate.boot.internal.SessionFactoryBuilderImpl.build(SessionFactoryBuilderImpl.java:430) [hibernate-core-7.0.0.Final.jar:7.0.0.Final]
	at org.hibernate.cfg.Configuration.buildSessionFactory(Configuration.java:1089) [hibernate-core-7.0.0.Final.jar:7.0.0.Final]
	at org.hibernate.cfg.Configuration.buildSessionFactory(Configuration.java:1108) [hibernate-core-7.0.0.Final.jar:7.0.0.Final]
	at com.test.TestMappings.main(TestMappings.java:15) [classes/:?]
Caused by: java.sql.SQLSyntaxErrorException: Table 'employee' already exists
	at com.mysql.cj.jdbc.exceptions.SQLError.createSQLException(SQLError.java:121) ~[mysql-connector-j-8.0.33.jar:8.0.33]
	at com.mysql.cj.jdbc.exceptions.SQLExceptionsMapping.translateException(SQLExceptionsMapping.java:122) ~[mysql-connector-j-8.0.33.jar:8.0.33]
	at com.mysql.cj.jdbc.StatementImpl.executeInternal(StatementImpl.java:763) ~[mysql-connector-j-8.0.33.jar:8.0.33]
	at com.mysql.cj.jdbc.StatementImpl.execute(StatementImpl.java:648) ~[mysql-connector-j-8.0.33.jar:8.0.33]
	at org.hibernate.tool.schema.internal.exec.GenerationTargetToDatabase.accept(GenerationTargetToDatabase.java:79) ~[hibernate-core-7.0.0.Final.jar:7.0.0.Final]
	... 19 more
2026-01-07 15:21:24 DEBUG SQL:130 - 
    create table employee_SEQ (
        next_val bigint
    ) engine=InnoDB
2026-01-07 15:21:24 DEBUG SQL:130 - 
    insert into employee_SEQ values ( 1 )
2026-01-07 15:21:25 DEBUG SQL:130 - 
    alter table employee 
       add constraint UKga9pb8ju9od45t0c04699uf08 unique (address)
2026-01-07 15:21:25 WARN  ExceptionHandlerLoggedImpl:25 - GenerationTarget encountered exception accepting command : Error executing DDL "
    alter table employee 
       add constraint UKga9pb8ju9od45t0c04699uf08 unique (address)" via JDBC [Key column 'address' doesn't exist in table]
org.hibernate.tool.schema.spi.CommandAcceptanceException: Error executing DDL "
    alter table employee 
       add constraint UKga9pb8ju9od45t0c04699uf08 unique (address)" via JDBC [Key column 'address' doesn't exist in table]
	at org.hibernate.tool.schema.internal.exec.GenerationTargetToDatabase.accept(GenerationTargetToDatabase.java:93) ~[hibernate-core-7.0.0.Final.jar:7.0.0.Final]
	at org.hibernate.tool.schema.internal.Helper.applySqlString(Helper.java:221) ~[hibernate-core-7.0.0.Final.jar:7.0.0.Final]
	at org.hibernate.tool.schema.internal.Helper.applySqlStrings(Helper.java:207) ~[hibernate-core-7.0.0.Final.jar:7.0.0.Final]
	at org.hibernate.tool.schema.internal.SchemaCreatorImpl.createTableConstraints(SchemaCreatorImpl.java:389) ~[hibernate-core-7.0.0.Final.jar:7.0.0.Final]
	at org.hibernate.tool.schema.internal.SchemaCreatorImpl.createSequencesTablesConstraints(SchemaCreatorImpl.java:345) ~[hibernate-core-7.0.0.Final.jar:7.0.0.Final]
	at org.hibernate.tool.schema.internal.SchemaCreatorImpl.createFromMetadata(SchemaCreatorImpl.java:228) ~[hibernate-core-7.0.0.Final.jar:7.0.0.Final]
	at org.hibernate.tool.schema.internal.SchemaCreatorImpl.performCreation(SchemaCreatorImpl.java:160) ~[hibernate-core-7.0.0.Final.jar:7.0.0.Final]
	at org.hibernate.tool.schema.internal.SchemaCreatorImpl.doCreation(SchemaCreatorImpl.java:130) ~[hibernate-core-7.0.0.Final.jar:7.0.0.Final]
	at org.hibernate.tool.schema.internal.SchemaCreatorImpl.doCreation(SchemaCreatorImpl.java:106) ~[hibernate-core-7.0.0.Final.jar:7.0.0.Final]
	at org.hibernate.tool.schema.spi.SchemaManagementToolCoordinator.performDatabaseAction(SchemaManagementToolCoordinator.java:237) ~[hibernate-core-7.0.0.Final.jar:7.0.0.Final]
	at org.hibernate.tool.schema.spi.SchemaManagementToolCoordinator.lambda$process$5(SchemaManagementToolCoordinator.java:142) ~[hibernate-core-7.0.0.Final.jar:7.0.0.Final]
	at java.util.HashMap.forEach(HashMap.java:1429) [?:?]
	at org.hibernate.tool.schema.spi.SchemaManagementToolCoordinator.process(SchemaManagementToolCoordinator.java:139) [hibernate-core-7.0.0.Final.jar:7.0.0.Final]
	at org.hibernate.boot.internal.SessionFactoryObserverForSchemaExport.sessionFactoryCreated(SessionFactoryObserverForSchemaExport.java:35) [hibernate-core-7.0.0.Final.jar:7.0.0.Final]
	at org.hibernate.internal.SessionFactoryObserverChain.sessionFactoryCreated(SessionFactoryObserverChain.java:33) [hibernate-core-7.0.0.Final.jar:7.0.0.Final]
	at org.hibernate.internal.SessionFactoryImpl.<init>(SessionFactoryImpl.java:350) [hibernate-core-7.0.0.Final.jar:7.0.0.Final]
	at org.hibernate.boot.internal.SessionFactoryBuilderImpl.build(SessionFactoryBuilderImpl.java:430) [hibernate-core-7.0.0.Final.jar:7.0.0.Final]
	at org.hibernate.cfg.Configuration.buildSessionFactory(Configuration.java:1089) [hibernate-core-7.0.0.Final.jar:7.0.0.Final]
	at org.hibernate.cfg.Configuration.buildSessionFactory(Configuration.java:1108) [hibernate-core-7.0.0.Final.jar:7.0.0.Final]
	at com.test.TestMappings.main(TestMappings.java:15) [classes/:?]
Caused by: java.sql.SQLSyntaxErrorException: Key column 'address' doesn't exist in table
	at com.mysql.cj.jdbc.exceptions.SQLError.createSQLException(SQLError.java:121) ~[mysql-connector-j-8.0.33.jar:8.0.33]
	at com.mysql.cj.jdbc.exceptions.SQLExceptionsMapping.translateException(SQLExceptionsMapping.java:122) ~[mysql-connector-j-8.0.33.jar:8.0.33]
	at com.mysql.cj.jdbc.StatementImpl.executeInternal(StatementImpl.java:763) ~[mysql-connector-j-8.0.33.jar:8.0.33]
	at com.mysql.cj.jdbc.StatementImpl.execute(StatementImpl.java:648) ~[mysql-connector-j-8.0.33.jar:8.0.33]
	at org.hibernate.tool.schema.internal.exec.GenerationTargetToDatabase.accept(GenerationTargetToDatabase.java:79) ~[hibernate-core-7.0.0.Final.jar:7.0.0.Final]
	... 19 more
2026-01-07 15:21:25 DEBUG SQL:130 - 
    alter table employee 
       add constraint FK4thuma2ldu3bin38ywwjr4p8a 
       foreign key (address) 
       references address (id)
2026-01-07 15:21:25 WARN  ExceptionHandlerLoggedImpl:25 - GenerationTarget encountered exception accepting command : Error executing DDL "
    alter table employee 
       add constraint FK4thuma2ldu3bin38ywwjr4p8a 
       foreign key (address) 
       references address (id)" via JDBC [Key column 'address' doesn't exist in table]
org.hibernate.tool.schema.spi.CommandAcceptanceException: Error executing DDL "
    alter table employee 
       add constraint FK4thuma2ldu3bin38ywwjr4p8a 
       foreign key (address) 
       references address (id)" via JDBC [Key column 'address' doesn't exist in table]
	at org.hibernate.tool.schema.internal.exec.GenerationTargetToDatabase.accept(GenerationTargetToDatabase.java:93) ~[hibernate-core-7.0.0.Final.jar:7.0.0.Final]
	at org.hibernate.tool.schema.internal.Helper.applySqlString(Helper.java:221) ~[hibernate-core-7.0.0.Final.jar:7.0.0.Final]
	at org.hibernate.tool.schema.internal.Helper.applySqlStrings(Helper.java:207) ~[hibernate-core-7.0.0.Final.jar:7.0.0.Final]
	at org.hibernate.tool.schema.internal.SchemaCreatorImpl.createForeignKeys(SchemaCreatorImpl.java:294) ~[hibernate-core-7.0.0.Final.jar:7.0.0.Final]
	at org.hibernate.tool.schema.internal.SchemaCreatorImpl.createFromMetadata(SchemaCreatorImpl.java:240) ~[hibernate-core-7.0.0.Final.jar:7.0.0.Final]
	at org.hibernate.tool.schema.internal.SchemaCreatorImpl.performCreation(SchemaCreatorImpl.java:160) ~[hibernate-core-7.0.0.Final.jar:7.0.0.Final]
	at org.hibernate.tool.schema.internal.SchemaCreatorImpl.doCreation(SchemaCreatorImpl.java:130) ~[hibernate-core-7.0.0.Final.jar:7.0.0.Final]
	at org.hibernate.tool.schema.internal.SchemaCreatorImpl.doCreation(SchemaCreatorImpl.java:106) ~[hibernate-core-7.0.0.Final.jar:7.0.0.Final]
	at org.hibernate.tool.schema.spi.SchemaManagementToolCoordinator.performDatabaseAction(SchemaManagementToolCoordinator.java:237) ~[hibernate-core-7.0.0.Final.jar:7.0.0.Final]
	at org.hibernate.tool.schema.spi.SchemaManagementToolCoordinator.lambda$process$5(SchemaManagementToolCoordinator.java:142) ~[hibernate-core-7.0.0.Final.jar:7.0.0.Final]
	at java.util.HashMap.forEach(HashMap.java:1429) [?:?]
	at org.hibernate.tool.schema.spi.SchemaManagementToolCoordinator.process(SchemaManagementToolCoordinator.java:139) [hibernate-core-7.0.0.Final.jar:7.0.0.Final]
	at org.hibernate.boot.internal.SessionFactoryObserverForSchemaExport.sessionFactoryCreated(SessionFactoryObserverForSchemaExport.java:35) [hibernate-core-7.0.0.Final.jar:7.0.0.Final]
	at org.hibernate.internal.SessionFactoryObserverChain.sessionFactoryCreated(SessionFactoryObserverChain.java:33) [hibernate-core-7.0.0.Final.jar:7.0.0.Final]
	at org.hibernate.internal.SessionFactoryImpl.<init>(SessionFactoryImpl.java:350) [hibernate-core-7.0.0.Final.jar:7.0.0.Final]
	at org.hibernate.boot.internal.SessionFactoryBuilderImpl.build(SessionFactoryBuilderImpl.java:430) [hibernate-core-7.0.0.Final.jar:7.0.0.Final]
	at org.hibernate.cfg.Configuration.buildSessionFactory(Configuration.java:1089) [hibernate-core-7.0.0.Final.jar:7.0.0.Final]
	at org.hibernate.cfg.Configuration.buildSessionFactory(Configuration.java:1108) [hibernate-core-7.0.0.Final.jar:7.0.0.Final]
	at com.test.TestMappings.main(TestMappings.java:15) [classes/:?]
Caused by: java.sql.SQLSyntaxErrorException: Key column 'address' doesn't exist in table
	at com.mysql.cj.jdbc.exceptions.SQLError.createSQLException(SQLError.java:121) ~[mysql-connector-j-8.0.33.jar:8.0.33]
	at com.mysql.cj.jdbc.exceptions.SQLExceptionsMapping.translateException(SQLExceptionsMapping.java:122) ~[mysql-connector-j-8.0.33.jar:8.0.33]
	at com.mysql.cj.jdbc.StatementImpl.executeInternal(StatementImpl.java:763) ~[mysql-connector-j-8.0.33.jar:8.0.33]
	at com.mysql.cj.jdbc.StatementImpl.execute(StatementImpl.java:648) ~[mysql-connector-j-8.0.33.jar:8.0.33]
	at org.hibernate.tool.schema.internal.exec.GenerationTargetToDatabase.accept(GenerationTargetToDatabase.java:79) ~[hibernate-core-7.0.0.Final.jar:7.0.0.Final]
	... 18 more
2026-01-07 15:21:25 DEBUG factoryRegistry:51 - Initializing SessionFactoryRegistry : org.hibernate.internal.SessionFactoryRegistry@29aa4bc9
2026-01-07 15:21:25 DEBUG factoryRegistry:73 - HHH020384: Registering SessionFactory: fe8999a1-2a58-4c7a-b5bd-77467ad0dfa5 (<unnamed>)
2026-01-07 15:21:25 DEBUG factoryRegistry:80 - HHH020385: Not binding SessionFactory to JNDI, no JNDI name configured
2026-01-07 15:21:25 DEBUG SessionFactoryImpl:364 - Instantiated factory
2026-01-07 15:21:25 DEBUG StatisticsInitiator:47 - Statistics initialized [enabled=false]
2026-01-07 15:21:25 DEBUG TransactionImpl:75 - begin transaction
2026-01-07 15:21:25 DEBUG SQL:130 - 
    select
        next_val as id_val 
    from
        address_SEQ 
    for
        update
2026-01-07 15:21:25 DEBUG SQL:130 - 
    update
        address_SEQ 
    set
        next_val= ? 
    where
        next_val=?
2026-01-07 15:21:25 DEBUG AbstractSaveEventListener:163 - Generated identifier [1] using generator 'org.hibernate.id.enhanced.SequenceStyleGenerator'
2026-01-07 15:21:25 DEBUG SQL:130 - 
    select
        next_val as id_val 
    from
        employee_SEQ 
    for
        update
2026-01-07 15:21:25 DEBUG SQL:130 - 
    update
        employee_SEQ 
    set
        next_val= ? 
    where
        next_val=?
2026-01-07 15:21:25 DEBUG AbstractSaveEventListener:163 - Generated identifier [1] using generator 'org.hibernate.id.enhanced.SequenceStyleGenerator'
2026-01-07 15:21:25 DEBUG TransactionImpl:88 - committing transaction
2026-01-07 15:21:25 DEBUG AbstractFlushingEventListener:130 - Processing flush-time cascades
2026-01-07 15:21:25 DEBUG AbstractFlushingEventListener:188 - Dirty checking collections
2026-01-07 15:21:25 DEBUG AbstractFlushingEventListener:105 - Flushed: 2 insertions, 0 updates, 0 deletions to 2 objects
2026-01-07 15:21:25 DEBUG AbstractFlushingEventListener:112 - Flushed: 0 (re)creations, 0 updates, 0 removals to 0 collections
2026-01-07 15:21:25 DEBUG EntityPrinter:102 - Listing entities:
2026-01-07 15:21:25 DEBUG EntityPrinter:113 - com.test.Employee{e_name=Arjun, address=com.test.Address#1, e_company=Mphasis, id=1}
2026-01-07 15:21:25 DEBUG EntityPrinter:113 - com.test.Address{country=India, city=Banglore, id=1, state=KA}
2026-01-07 15:21:25 DEBUG SQL:130 - 
    insert 
    into
        address
        (city, country, state, id) 
    values
        (?, ?, ?, ?)
2026-01-07 15:21:25 DEBUG SQL:130 - 
    insert 
    into
        employee
        (address, e_company, e_name, id) 
    values
        (?, ?, ?, ?)
2026-01-07 15:21:25 WARN  error:143 - HHH000247: ErrorCode: 1054, SQLState: 42S22
2026-01-07 15:21:25 WARN  error:144 - Unknown column 'address' in 'field list'
2026-01-07 15:21:25 DEBUG error:150 - could not execute statement [insert into employee (address,e_company,e_name,id) values (?,?,?,?)]
java.sql.SQLSyntaxErrorException: Unknown column 'address' in 'field list'
	at com.mysql.cj.jdbc.exceptions.SQLError.createSQLException(SQLError.java:121) ~[mysql-connector-j-8.0.33.jar:8.0.33]
	at com.mysql.cj.jdbc.exceptions.SQLExceptionsMapping.translateException(SQLExceptionsMapping.java:122) ~[mysql-connector-j-8.0.33.jar:8.0.33]
	at com.mysql.cj.jdbc.ClientPreparedStatement.executeInternal(ClientPreparedStatement.java:916) ~[mysql-connector-j-8.0.33.jar:8.0.33]
	at com.mysql.cj.jdbc.ClientPreparedStatement.executeUpdateInternal(ClientPreparedStatement.java:1061) ~[mysql-connector-j-8.0.33.jar:8.0.33]
	at com.mysql.cj.jdbc.ClientPreparedStatement.executeUpdateInternal(ClientPreparedStatement.java:1009) ~[mysql-connector-j-8.0.33.jar:8.0.33]
	at com.mysql.cj.jdbc.ClientPreparedStatement.executeLargeUpdate(ClientPreparedStatement.java:1320) ~[mysql-connector-j-8.0.33.jar:8.0.33]
	at com.mysql.cj.jdbc.ClientPreparedStatement.executeUpdate(ClientPreparedStatement.java:994) ~[mysql-connector-j-8.0.33.jar:8.0.33]
	at org.hibernate.engine.jdbc.internal.ResultSetReturnImpl.executeUpdate(ResultSetReturnImpl.java:190) ~[hibernate-core-7.0.0.Final.jar:7.0.0.Final]
	at org.hibernate.engine.jdbc.mutation.internal.AbstractMutationExecutor.performNonBatchedMutation(AbstractMutationExecutor.java:148) ~[hibernate-core-7.0.0.Final.jar:7.0.0.Final]
	at org.hibernate.engine.jdbc.mutation.internal.MutationExecutorSingleNonBatched.performNonBatchedOperations(MutationExecutorSingleNonBatched.java:53) ~[hibernate-core-7.0.0.Final.jar:7.0.0.Final]
	at org.hibernate.engine.jdbc.mutation.internal.AbstractMutationExecutor.execute(AbstractMutationExecutor.java:66) ~[hibernate-core-7.0.0.Final.jar:7.0.0.Final]
	at org.hibernate.engine.jdbc.mutation.internal.AbstractMutationExecutor.execute(AbstractMutationExecutor.java:55) ~[hibernate-core-7.0.0.Final.jar:7.0.0.Final]
	at org.hibernate.persister.entity.mutation.InsertCoordinatorStandard.doStaticInserts(InsertCoordinatorStandard.java:191) ~[hibernate-core-7.0.0.Final.jar:7.0.0.Final]
	at org.hibernate.persister.entity.mutation.InsertCoordinatorStandard.coordinateInsert(InsertCoordinatorStandard.java:129) ~[hibernate-core-7.0.0.Final.jar:7.0.0.Final]
	at org.hibernate.persister.entity.mutation.InsertCoordinatorStandard.insert(InsertCoordinatorStandard.java:101) ~[hibernate-core-7.0.0.Final.jar:7.0.0.Final]
	at org.hibernate.action.internal.EntityInsertAction.execute(EntityInsertAction.java:113) ~[hibernate-core-7.0.0.Final.jar:7.0.0.Final]
	at org.hibernate.engine.spi.ActionQueue.executeActions(ActionQueue.java:642) ~[hibernate-core-7.0.0.Final.jar:7.0.0.Final]
	at org.hibernate.engine.spi.ActionQueue.executeActions(ActionQueue.java:508) ~[hibernate-core-7.0.0.Final.jar:7.0.0.Final]
	at org.hibernate.event.internal.AbstractFlushingEventListener.performExecutions(AbstractFlushingEventListener.java:372) ~[hibernate-core-7.0.0.Final.jar:7.0.0.Final]
	at org.hibernate.event.internal.DefaultFlushEventListener.onFlush(DefaultFlushEventListener.java:39) ~[hibernate-core-7.0.0.Final.jar:7.0.0.Final]
	at org.hibernate.event.service.internal.EventListenerGroupImpl.fireEventOnEachListener(EventListenerGroupImpl.java:140) [hibernate-core-7.0.0.Final.jar:7.0.0.Final]
	at org.hibernate.internal.SessionImpl.doFlush(SessionImpl.java:1448) [hibernate-core-7.0.0.Final.jar:7.0.0.Final]
	at org.hibernate.internal.SessionImpl.managedFlush(SessionImpl.java:490) [hibernate-core-7.0.0.Final.jar:7.0.0.Final]
	at org.hibernate.internal.SessionImpl.flushBeforeTransactionCompletion(SessionImpl.java:2351) [hibernate-core-7.0.0.Final.jar:7.0.0.Final]
	at org.hibernate.internal.SessionImpl.beforeTransactionCompletion(SessionImpl.java:2020) [hibernate-core-7.0.0.Final.jar:7.0.0.Final]
	at org.hibernate.engine.jdbc.internal.JdbcCoordinatorImpl.beforeTransactionCompletion(JdbcCoordinatorImpl.java:379) [hibernate-core-7.0.0.Final.jar:7.0.0.Final]
	at org.hibernate.resource.transaction.backend.jdbc.internal.JdbcResourceLocalTransactionCoordinatorImpl.beforeCompletionCallback(JdbcResourceLocalTransactionCoordinatorImpl.java:167) [hibernate-core-7.0.0.Final.jar:7.0.0.Final]
	at org.hibernate.resource.transaction.backend.jdbc.internal.JdbcResourceLocalTransactionCoordinatorImpl$TransactionDriverControlImpl.commitNoRollbackOnly(JdbcResourceLocalTransactionCoordinatorImpl.java:249) [hibernate-core-7.0.0.Final.jar:7.0.0.Final]
	at org.hibernate.resource.transaction.backend.jdbc.internal.JdbcResourceLocalTransactionCoordinatorImpl$TransactionDriverControlImpl.commit(JdbcResourceLocalTransactionCoordinatorImpl.java:243) [hibernate-core-7.0.0.Final.jar:7.0.0.Final]
	at org.hibernate.engine.transaction.internal.TransactionImpl.commit(TransactionImpl.java:90) [hibernate-core-7.0.0.Final.jar:7.0.0.Final]
	at com.test.TestMappings.main(TestMappings.java:34) [classes/:?]
2026-01-07 15:21:25 DEBUG JdbcResourceLocalTransactionCoordinatorImpl:304 - JDBC transaction marked for rollback only (exception provided for stack trace)
java.lang.Exception: exception just for purpose of providing stack trace
	at org.hibernate.resource.transaction.backend.jdbc.internal.JdbcResourceLocalTransactionCoordinatorImpl$TransactionDriverControlImpl.markRollbackOnly(JdbcResourceLocalTransactionCoordinatorImpl.java:304) [hibernate-core-7.0.0.Final.jar:7.0.0.Final]
	at org.hibernate.engine.transaction.internal.TransactionImpl.markRollbackOnly(TransactionImpl.java:183) [hibernate-core-7.0.0.Final.jar:7.0.0.Final]
	at org.hibernate.internal.AbstractSharedSessionContract.markForRollbackOnly(AbstractSharedSessionContract.java:537) [hibernate-core-7.0.0.Final.jar:7.0.0.Final]
	at org.hibernate.internal.ExceptionConverterImpl.rollbackIfNecessary(ExceptionConverterImpl.java:234) [hibernate-core-7.0.0.Final.jar:7.0.0.Final]
	at org.hibernate.internal.ExceptionConverterImpl.convert(ExceptionConverterImpl.java:148) [hibernate-core-7.0.0.Final.jar:7.0.0.Final]
	at org.hibernate.internal.ExceptionConverterImpl.convert(ExceptionConverterImpl.java:155) [hibernate-core-7.0.0.Final.jar:7.0.0.Final]
	at org.hibernate.internal.ExceptionConverterImpl.convert(ExceptionConverterImpl.java:161) [hibernate-core-7.0.0.Final.jar:7.0.0.Final]
	at org.hibernate.internal.SessionImpl.doFlush(SessionImpl.java:1452) [hibernate-core-7.0.0.Final.jar:7.0.0.Final]
	at org.hibernate.internal.SessionImpl.managedFlush(SessionImpl.java:490) [hibernate-core-7.0.0.Final.jar:7.0.0.Final]
	at org.hibernate.internal.SessionImpl.flushBeforeTransactionCompletion(SessionImpl.java:2351) [hibernate-core-7.0.0.Final.jar:7.0.0.Final]
	at org.hibernate.internal.SessionImpl.beforeTransactionCompletion(SessionImpl.java:2020) [hibernate-core-7.0.0.Final.jar:7.0.0.Final]
	at org.hibernate.engine.jdbc.internal.JdbcCoordinatorImpl.beforeTransactionCompletion(JdbcCoordinatorImpl.java:379) [hibernate-core-7.0.0.Final.jar:7.0.0.Final]
	at org.hibernate.resource.transaction.backend.jdbc.internal.JdbcResourceLocalTransactionCoordinatorImpl.beforeCompletionCallback(JdbcResourceLocalTransactionCoordinatorImpl.java:167) [hibernate-core-7.0.0.Final.jar:7.0.0.Final]
	at org.hibernate.resource.transaction.backend.jdbc.internal.JdbcResourceLocalTransactionCoordinatorImpl$TransactionDriverControlImpl.commitNoRollbackOnly(JdbcResourceLocalTransactionCoordinatorImpl.java:249) [hibernate-core-7.0.0.Final.jar:7.0.0.Final]
	at org.hibernate.resource.transaction.backend.jdbc.internal.JdbcResourceLocalTransactionCoordinatorImpl$TransactionDriverControlImpl.commit(JdbcResourceLocalTransactionCoordinatorImpl.java:243) [hibernate-core-7.0.0.Final.jar:7.0.0.Final]
	at org.hibernate.engine.transaction.internal.TransactionImpl.commit(TransactionImpl.java:90) [hibernate-core-7.0.0.Final.jar:7.0.0.Final]
	at com.test.TestMappings.main(TestMappings.java:34) [classes/:?]
2026-01-07 15:21:25 DEBUG JdbcResourceLocalTransactionCoordinatorImpl:304 - JDBC transaction marked for rollback only (exception provided for stack trace)
java.lang.Exception: exception just for purpose of providing stack trace
	at org.hibernate.resource.transaction.backend.jdbc.internal.JdbcResourceLocalTransactionCoordinatorImpl$TransactionDriverControlImpl.markRollbackOnly(JdbcResourceLocalTransactionCoordinatorImpl.java:304) [hibernate-core-7.0.0.Final.jar:7.0.0.Final]
	at org.hibernate.resource.transaction.backend.jdbc.internal.JdbcResourceLocalTransactionCoordinatorImpl.beforeCompletionCallback(JdbcResourceLocalTransactionCoordinatorImpl.java:176) [hibernate-core-7.0.0.Final.jar:7.0.0.Final]
	at org.hibernate.resource.transaction.backend.jdbc.internal.JdbcResourceLocalTransactionCoordinatorImpl$TransactionDriverControlImpl.commitNoRollbackOnly(JdbcResourceLocalTransactionCoordinatorImpl.java:249) [hibernate-core-7.0.0.Final.jar:7.0.0.Final]
	at org.hibernate.resource.transaction.backend.jdbc.internal.JdbcResourceLocalTransactionCoordinatorImpl$TransactionDriverControlImpl.commit(JdbcResourceLocalTransactionCoordinatorImpl.java:243) [hibernate-core-7.0.0.Final.jar:7.0.0.Final]
	at org.hibernate.engine.transaction.internal.TransactionImpl.commit(TransactionImpl.java:90) [hibernate-core-7.0.0.Final.jar:7.0.0.Final]
	at com.test.TestMappings.main(TestMappings.java:34) [classes/:?]
2026-01-07 15:21:25 DEBUG JdbcEventHandler:127 - Aborting batches as part of ResourceRegistryStandardImpl#releaseResources
2026-01-07 15:21:25 DEBUG LogicalConnectionManagedImpl:182 - Initiating JDBC connection release from afterTransaction
2026-01-07 15:21:25 DEBUG JdbcEventHandler:127 - Aborting batches as part of ResourceRegistryStandardImpl#releaseResources
2026-01-07 15:21:25 DEBUG JdbcEventHandler:127 - Aborting batches as part of ResourceRegistryStandardImpl#releaseResources
2026-01-07 15:21:25 DEBUG LogicalConnectionManagedImpl:182 - Initiating JDBC connection release from afterTransaction
2026-01-07 15:24:46 DEBUG IntegratorServiceImpl:49 - Adding Integrator [org.hibernate.boot.beanvalidation.BeanValidationIntegrator].
2026-01-07 15:24:46 DEBUG IntegratorServiceImpl:49 - Adding Integrator [org.hibernate.cache.internal.CollectionCacheInvalidator].
2026-01-07 15:24:46 INFO  Version:45 - HHH000412: Hibernate ORM core version 7.0.0.Final
2026-01-07 15:24:46 DEBUG Environment:162 - HHH000206: 'hibernate.properties' not found
2026-01-07 15:24:46 DEBUG LocalXmlResourceResolver:87 - Checking public/system identifiers `-//Hibernate/Hibernate Configuration DTD 3.0//EN`/`http://www.hibernate.org/dtd/hibernate-configuration-3.0.dtd` as DTD references
2026-01-07 15:24:46 DEBUG JaxbCfgProcessor:113 - cfg.xml document did not define namespaces; wrapping in custom event reader to introduce namespace information
2026-01-07 15:24:47 DEBUG Configuration:1104 - Building session factory using internal StandardServiceRegistryBuilder
2026-01-07 15:24:47 DEBUG Configuration:1005 - Building session factory using provided StandardServiceRegistry
2026-01-07 15:24:47 DEBUG RegionFactoryInitiator:117 - Cannot default RegionFactory based on registered strategies as `[]` RegionFactory strategies were registered
2026-01-07 15:24:47 DEBUG RegionFactoryInitiator:47 - HHH000026: Second-level cache disabled
2026-01-07 15:24:47 DEBUG BasicTypeRegistry:423 - Adding type registration boolean -> org.hibernate.type.BasicTypeReference@16afbd92
2026-01-07 15:24:47 DEBUG BasicTypeRegistry:423 - Adding type registration boolean -> org.hibernate.type.BasicTypeReference@16afbd92
2026-01-07 15:24:47 DEBUG BasicTypeRegistry:423 - Adding type registration java.lang.Boolean -> org.hibernate.type.BasicTypeReference@16afbd92
2026-01-07 15:24:47 DEBUG BasicTypeRegistry:423 - Adding type registration numeric_boolean -> org.hibernate.type.BasicTypeReference@2c5d601e
2026-01-07 15:24:47 DEBUG BasicTypeRegistry:423 - Adding type registration org.hibernate.type.NumericBooleanConverter -> org.hibernate.type.BasicTypeReference@2c5d601e
2026-01-07 15:24:47 DEBUG BasicTypeRegistry:423 - Adding type registration true_false -> org.hibernate.type.BasicTypeReference@7fe083b1
2026-01-07 15:24:47 DEBUG BasicTypeRegistry:423 - Adding type registration org.hibernate.type.TrueFalseConverter -> org.hibernate.type.BasicTypeReference@7fe083b1
2026-01-07 15:24:47 DEBUG BasicTypeRegistry:423 - Adding type registration yes_no -> org.hibernate.type.BasicTypeReference@23c388c2
2026-01-07 15:24:47 DEBUG BasicTypeRegistry:423 - Adding type registration org.hibernate.type.YesNoConverter -> org.hibernate.type.BasicTypeReference@23c388c2
2026-01-07 15:24:47 DEBUG BasicTypeRegistry:423 - Adding type registration byte -> org.hibernate.type.BasicTypeReference@486be205
2026-01-07 15:24:47 DEBUG BasicTypeRegistry:423 - Adding type registration byte -> org.hibernate.type.BasicTypeReference@486be205
2026-01-07 15:24:47 DEBUG BasicTypeRegistry:423 - Adding type registration java.lang.Byte -> org.hibernate.type.BasicTypeReference@486be205
2026-01-07 15:24:47 DEBUG BasicTypeRegistry:423 - Adding type registration binary -> org.hibernate.type.BasicTypeReference@f713686
2026-01-07 15:24:47 DEBUG BasicTypeRegistry:423 - Adding type registration byte[] -> org.hibernate.type.BasicTypeReference@f713686
2026-01-07 15:24:47 DEBUG BasicTypeRegistry:423 - Adding type registration [B -> org.hibernate.type.BasicTypeReference@f713686
2026-01-07 15:24:47 DEBUG BasicTypeRegistry:423 - Adding type registration binary_wrapper -> org.hibernate.type.BasicTypeReference@74f7d1d2
2026-01-07 15:24:47 DEBUG BasicTypeRegistry:423 - Adding type registration wrapper-binary -> org.hibernate.type.BasicTypeReference@74f7d1d2
2026-01-07 15:24:47 DEBUG BasicTypeRegistry:423 - Adding type registration image -> org.hibernate.type.BasicTypeReference@4b4dd216
2026-01-07 15:24:47 DEBUG BasicTypeRegistry:423 - Adding type registration blob -> org.hibernate.type.BasicTypeReference@5ca17ab0
2026-01-07 15:24:47 DEBUG BasicTypeRegistry:423 - Adding type registration java.sql.Blob -> org.hibernate.type.BasicTypeReference@5ca17ab0
2026-01-07 15:24:47 DEBUG BasicTypeRegistry:423 - Adding type registration materialized_blob -> org.hibernate.type.BasicTypeReference@5a62b2a4
2026-01-07 15:24:47 DEBUG BasicTypeRegistry:423 - Adding type registration materialized_blob_wrapper -> org.hibernate.type.BasicTypeReference@1051817b
2026-01-07 15:24:47 DEBUG BasicTypeRegistry:423 - Adding type registration short -> org.hibernate.type.BasicTypeReference@35293c05
2026-01-07 15:24:47 DEBUG BasicTypeRegistry:423 - Adding type registration short -> org.hibernate.type.BasicTypeReference@35293c05
2026-01-07 15:24:47 DEBUG BasicTypeRegistry:423 - Adding type registration java.lang.Short -> org.hibernate.type.BasicTypeReference@35293c05
2026-01-07 15:24:47 DEBUG BasicTypeRegistry:423 - Adding type registration integer -> org.hibernate.type.BasicTypeReference@620aa4ea
2026-01-07 15:24:47 DEBUG BasicTypeRegistry:423 - Adding type registration int -> org.hibernate.type.BasicTypeReference@620aa4ea
2026-01-07 15:24:47 DEBUG BasicTypeRegistry:423 - Adding type registration java.lang.Integer -> org.hibernate.type.BasicTypeReference@620aa4ea
2026-01-07 15:24:47 DEBUG BasicTypeRegistry:423 - Adding type registration long -> org.hibernate.type.BasicTypeReference@2db2dd9d
2026-01-07 15:24:47 DEBUG BasicTypeRegistry:423 - Adding type registration long -> org.hibernate.type.BasicTypeReference@2db2dd9d
2026-01-07 15:24:47 DEBUG BasicTypeRegistry:423 - Adding type registration java.lang.Long -> org.hibernate.type.BasicTypeReference@2db2dd9d
2026-01-07 15:24:47 DEBUG BasicTypeRegistry:423 - Adding type registration float -> org.hibernate.type.BasicTypeReference@3174cb09
2026-01-07 15:24:47 DEBUG BasicTypeRegistry:423 - Adding type registration float -> org.hibernate.type.BasicTypeReference@3174cb09
2026-01-07 15:24:47 DEBUG BasicTypeRegistry:423 - Adding type registration java.lang.Float -> org.hibernate.type.BasicTypeReference@3174cb09
2026-01-07 15:24:47 DEBUG BasicTypeRegistry:423 - Adding type registration double -> org.hibernate.type.BasicTypeReference@4d411036
2026-01-07 15:24:47 DEBUG BasicTypeRegistry:423 - Adding type registration double -> org.hibernate.type.BasicTypeReference@4d411036
2026-01-07 15:24:47 DEBUG BasicTypeRegistry:423 - Adding type registration java.lang.Double -> org.hibernate.type.BasicTypeReference@4d411036
2026-01-07 15:24:47 DEBUG BasicTypeRegistry:423 - Adding type registration big_integer -> org.hibernate.type.BasicTypeReference@7adbd080
2026-01-07 15:24:47 DEBUG BasicTypeRegistry:423 - Adding type registration java.math.BigInteger -> org.hibernate.type.BasicTypeReference@7adbd080
2026-01-07 15:24:47 DEBUG BasicTypeRegistry:423 - Adding type registration big_decimal -> org.hibernate.type.BasicTypeReference@41beb473
2026-01-07 15:24:47 DEBUG BasicTypeRegistry:423 - Adding type registration java.math.BigDecimal -> org.hibernate.type.BasicTypeReference@41beb473
2026-01-07 15:24:47 DEBUG BasicTypeRegistry:423 - Adding type registration character -> org.hibernate.type.BasicTypeReference@560513ce
2026-01-07 15:24:47 DEBUG BasicTypeRegistry:423 - Adding type registration char -> org.hibernate.type.BasicTypeReference@560513ce
2026-01-07 15:24:47 DEBUG BasicTypeRegistry:423 - Adding type registration java.lang.Character -> org.hibernate.type.BasicTypeReference@560513ce
2026-01-07 15:24:47 DEBUG BasicTypeRegistry:423 - Adding type registration character_nchar -> org.hibernate.type.BasicTypeReference@13006998
2026-01-07 15:24:47 DEBUG BasicTypeRegistry:423 - Adding type registration string -> org.hibernate.type.BasicTypeReference@37fbe4a8
2026-01-07 15:24:47 DEBUG BasicTypeRegistry:423 - Adding type registration java.lang.String -> org.hibernate.type.BasicTypeReference@37fbe4a8
2026-01-07 15:24:47 DEBUG BasicTypeRegistry:423 - Adding type registration nstring -> org.hibernate.type.BasicTypeReference@352c308
2026-01-07 15:24:47 DEBUG BasicTypeRegistry:423 - Adding type registration characters -> org.hibernate.type.BasicTypeReference@7d373bcf
2026-01-07 15:24:47 DEBUG BasicTypeRegistry:423 - Adding type registration char[] -> org.hibernate.type.BasicTypeReference@7d373bcf
2026-01-07 15:24:47 DEBUG BasicTypeRegistry:423 - Adding type registration [C -> org.hibernate.type.BasicTypeReference@7d373bcf
2026-01-07 15:24:47 DEBUG BasicTypeRegistry:423 - Adding type registration wrapper-characters -> org.hibernate.type.BasicTypeReference@6d6bc158
2026-01-07 15:24:47 DEBUG BasicTypeRegistry:423 - Adding type registration text -> org.hibernate.type.BasicTypeReference@5dda6f9
2026-01-07 15:24:47 DEBUG BasicTypeRegistry:423 - Adding type registration ntext -> org.hibernate.type.BasicTypeReference@10027fc9
2026-01-07 15:24:47 DEBUG BasicTypeRegistry:423 - Adding type registration clob -> org.hibernate.type.BasicTypeReference@54afd745
2026-01-07 15:24:47 DEBUG BasicTypeRegistry:423 - Adding type registration java.sql.Clob -> org.hibernate.type.BasicTypeReference@54afd745
2026-01-07 15:24:47 DEBUG BasicTypeRegistry:423 - Adding type registration nclob -> org.hibernate.type.BasicTypeReference@677dbd89
2026-01-07 15:24:47 DEBUG BasicTypeRegistry:423 - Adding type registration java.sql.NClob -> org.hibernate.type.BasicTypeReference@677dbd89
2026-01-07 15:24:47 DEBUG BasicTypeRegistry:423 - Adding type registration materialized_clob -> org.hibernate.type.BasicTypeReference@fff25f1
2026-01-07 15:24:47 DEBUG BasicTypeRegistry:423 - Adding type registration materialized_clob_char_array -> org.hibernate.type.BasicTypeReference@c00fff0
2026-01-07 15:24:47 DEBUG BasicTypeRegistry:423 - Adding type registration materialized_clob_character_array -> org.hibernate.type.BasicTypeReference@263f04ca
2026-01-07 15:24:47 DEBUG BasicTypeRegistry:423 - Adding type registration materialized_nclob -> org.hibernate.type.BasicTypeReference@2ca47471
2026-01-07 15:24:47 DEBUG BasicTypeRegistry:423 - Adding type registration materialized_nclob_character_array -> org.hibernate.type.BasicTypeReference@5a021cb9
2026-01-07 15:24:47 DEBUG BasicTypeRegistry:423 - Adding type registration materialized_nclob_char_array -> org.hibernate.type.BasicTypeReference@51768776
2026-01-07 15:24:47 DEBUG BasicTypeRegistry:423 - Adding type registration Duration -> org.hibernate.type.BasicTypeReference@f31c0c6
2026-01-07 15:24:47 DEBUG BasicTypeRegistry:423 - Adding type registration java.time.Duration -> org.hibernate.type.BasicTypeReference@f31c0c6
2026-01-07 15:24:47 DEBUG BasicTypeRegistry:423 - Adding type registration LocalDateTime -> org.hibernate.type.BasicTypeReference@b93aad
2026-01-07 15:24:47 DEBUG BasicTypeRegistry:423 - Adding type registration java.time.LocalDateTime -> org.hibernate.type.BasicTypeReference@b93aad
2026-01-07 15:24:47 DEBUG BasicTypeRegistry:423 - Adding type registration LocalDate -> org.hibernate.type.BasicTypeReference@4a9419d7
2026-01-07 15:24:47 DEBUG BasicTypeRegistry:423 - Adding type registration java.time.LocalDate -> org.hibernate.type.BasicTypeReference@4a9419d7
2026-01-07 15:24:47 DEBUG BasicTypeRegistry:423 - Adding type registration LocalTime -> org.hibernate.type.BasicTypeReference@2f3c6ac4
2026-01-07 15:24:47 DEBUG BasicTypeRegistry:423 - Adding type registration java.time.LocalTime -> org.hibernate.type.BasicTypeReference@2f3c6ac4
2026-01-07 15:24:47 DEBUG BasicTypeRegistry:423 - Adding type registration OffsetDateTime -> org.hibernate.type.BasicTypeReference@2e8ab815
2026-01-07 15:24:47 DEBUG BasicTypeRegistry:423 - Adding type registration java.time.OffsetDateTime -> org.hibernate.type.BasicTypeReference@2e8ab815
2026-01-07 15:24:47 DEBUG BasicTypeRegistry:423 - Adding type registration OffsetDateTimeWithTimezone -> org.hibernate.type.BasicTypeReference@67af833b
2026-01-07 15:24:47 DEBUG BasicTypeRegistry:423 - Adding type registration OffsetDateTimeWithoutTimezone -> org.hibernate.type.BasicTypeReference@d1f74b8
2026-01-07 15:24:47 DEBUG BasicTypeRegistry:423 - Adding type registration OffsetTime -> org.hibernate.type.BasicTypeReference@41394595
2026-01-07 15:24:47 DEBUG BasicTypeRegistry:423 - Adding type registration java.time.OffsetTime -> org.hibernate.type.BasicTypeReference@41394595
2026-01-07 15:24:47 DEBUG BasicTypeRegistry:423 - Adding type registration OffsetTimeUtc -> org.hibernate.type.BasicTypeReference@3a0807b7
2026-01-07 15:24:47 DEBUG BasicTypeRegistry:423 - Adding type registration OffsetTimeWithTimezone -> org.hibernate.type.BasicTypeReference@21a5fd96
2026-01-07 15:24:47 DEBUG BasicTypeRegistry:423 - Adding type registration OffsetTimeWithoutTimezone -> org.hibernate.type.BasicTypeReference@5769e7ae
2026-01-07 15:24:47 DEBUG BasicTypeRegistry:423 - Adding type registration ZonedDateTime -> org.hibernate.type.BasicTypeReference@5c77053b
2026-01-07 15:24:47 DEBUG BasicTypeRegistry:423 - Adding type registration java.time.ZonedDateTime -> org.hibernate.type.BasicTypeReference@5c77053b
2026-01-07 15:24:47 DEBUG BasicTypeRegistry:423 - Adding type registration ZonedDateTimeWithTimezone -> org.hibernate.type.BasicTypeReference@26b894bd
2026-01-07 15:24:47 DEBUG BasicTypeRegistry:423 - Adding type registration ZonedDateTimeWithoutTimezone -> org.hibernate.type.BasicTypeReference@287f94b1
2026-01-07 15:24:47 DEBUG BasicTypeRegistry:423 - Adding type registration date -> org.hibernate.type.BasicTypeReference@30b34287
2026-01-07 15:24:47 DEBUG BasicTypeRegistry:423 - Adding type registration java.sql.Date -> org.hibernate.type.BasicTypeReference@30b34287
2026-01-07 15:24:47 DEBUG BasicTypeRegistry:423 - Adding type registration time -> org.hibernate.type.BasicTypeReference@5489c777
2026-01-07 15:24:47 DEBUG BasicTypeRegistry:423 - Adding type registration java.sql.Time -> org.hibernate.type.BasicTypeReference@5489c777
2026-01-07 15:24:47 DEBUG BasicTypeRegistry:423 - Adding type registration timestamp -> org.hibernate.type.BasicTypeReference@3676ac27
2026-01-07 15:24:47 DEBUG BasicTypeRegistry:423 - Adding type registration java.sql.Timestamp -> org.hibernate.type.BasicTypeReference@3676ac27
2026-01-07 15:24:47 DEBUG BasicTypeRegistry:423 - Adding type registration java.util.Date -> org.hibernate.type.BasicTypeReference@3676ac27
2026-01-07 15:24:47 DEBUG BasicTypeRegistry:423 - Adding type registration calendar -> org.hibernate.type.BasicTypeReference@62f87c44
2026-01-07 15:24:47 DEBUG BasicTypeRegistry:423 - Adding type registration java.util.Calendar -> org.hibernate.type.BasicTypeReference@62f87c44
2026-01-07 15:24:47 DEBUG BasicTypeRegistry:423 - Adding type registration java.util.GregorianCalendar -> org.hibernate.type.BasicTypeReference@62f87c44
2026-01-07 15:24:47 DEBUG BasicTypeRegistry:423 - Adding type registration calendar_date -> org.hibernate.type.BasicTypeReference@48f5bde6
2026-01-07 15:24:47 DEBUG BasicTypeRegistry:423 - Adding type registration calendar_time -> org.hibernate.type.BasicTypeReference@525d79f0
2026-01-07 15:24:47 DEBUG BasicTypeRegistry:423 - Adding type registration instant -> org.hibernate.type.BasicTypeReference@5149f008
2026-01-07 15:24:47 DEBUG BasicTypeRegistry:423 - Adding type registration java.time.Instant -> org.hibernate.type.BasicTypeReference@5149f008
2026-01-07 15:24:47 DEBUG BasicTypeRegistry:423 - Adding type registration uuid -> org.hibernate.type.BasicTypeReference@7072bc39
2026-01-07 15:24:47 DEBUG BasicTypeRegistry:423 - Adding type registration java.util.UUID -> org.hibernate.type.BasicTypeReference@7072bc39
2026-01-07 15:24:47 DEBUG BasicTypeRegistry:423 - Adding type registration pg-uuid -> org.hibernate.type.BasicTypeReference@7072bc39
2026-01-07 15:24:47 DEBUG BasicTypeRegistry:423 - Adding type registration uuid-binary -> org.hibernate.type.BasicTypeReference@158d255c
2026-01-07 15:24:47 DEBUG BasicTypeRegistry:423 - Adding type registration uuid-char -> org.hibernate.type.BasicTypeReference@2ca65ce4
2026-01-07 15:24:47 DEBUG BasicTypeRegistry:423 - Adding type registration class -> org.hibernate.type.BasicTypeReference@327120c8
2026-01-07 15:24:47 DEBUG BasicTypeRegistry:423 - Adding type registration java.lang.Class -> org.hibernate.type.BasicTypeReference@327120c8
2026-01-07 15:24:47 DEBUG BasicTypeRegistry:423 - Adding type registration currency -> org.hibernate.type.BasicTypeReference@5707c1cb
2026-01-07 15:24:47 DEBUG BasicTypeRegistry:423 - Adding type registration Currency -> org.hibernate.type.BasicTypeReference@5707c1cb
2026-01-07 15:24:47 DEBUG BasicTypeRegistry:423 - Adding type registration java.util.Currency -> org.hibernate.type.BasicTypeReference@5707c1cb
2026-01-07 15:24:47 DEBUG BasicTypeRegistry:423 - Adding type registration locale -> org.hibernate.type.BasicTypeReference@2b5cb9b2
2026-01-07 15:24:47 DEBUG BasicTypeRegistry:423 - Adding type registration java.util.Locale -> org.hibernate.type.BasicTypeReference@2b5cb9b2
2026-01-07 15:24:47 DEBUG BasicTypeRegistry:423 - Adding type registration serializable -> org.hibernate.type.BasicTypeReference@35038141
2026-01-07 15:24:47 DEBUG BasicTypeRegistry:423 - Adding type registration java.io.Serializable -> org.hibernate.type.BasicTypeReference@35038141
2026-01-07 15:24:47 DEBUG BasicTypeRegistry:423 - Adding type registration timezone -> org.hibernate.type.BasicTypeReference@ecf9049
2026-01-07 15:24:47 DEBUG BasicTypeRegistry:423 - Adding type registration java.util.TimeZone -> org.hibernate.type.BasicTypeReference@ecf9049
2026-01-07 15:24:47 DEBUG BasicTypeRegistry:423 - Adding type registration ZoneOffset -> org.hibernate.type.BasicTypeReference@672f11c2
2026-01-07 15:24:47 DEBUG BasicTypeRegistry:423 - Adding type registration java.time.ZoneOffset -> org.hibernate.type.BasicTypeReference@672f11c2
2026-01-07 15:24:47 DEBUG BasicTypeRegistry:423 - Adding type registration url -> org.hibernate.type.BasicTypeReference@2970a5bc
2026-01-07 15:24:47 DEBUG BasicTypeRegistry:423 - Adding type registration java.net.URL -> org.hibernate.type.BasicTypeReference@2970a5bc
2026-01-07 15:24:47 DEBUG BasicTypeRegistry:423 - Adding type registration vector -> org.hibernate.type.BasicTypeReference@50305a
2026-01-07 15:24:47 DEBUG BasicTypeRegistry:423 - Adding type registration float_vector -> org.hibernate.type.BasicTypeReference@72efb5c1
2026-01-07 15:24:47 DEBUG BasicTypeRegistry:423 - Adding type registration double_vector -> org.hibernate.type.BasicTypeReference@6d511b5f
2026-01-07 15:24:47 DEBUG BasicTypeRegistry:423 - Adding type registration byte_vector -> org.hibernate.type.BasicTypeReference@41200e0c
2026-01-07 15:24:47 DEBUG BasicTypeRegistry:423 - Adding type registration row_version -> org.hibernate.type.BasicTypeReference@40f33492
2026-01-07 15:24:47 DEBUG BasicTypeRegistry:398 - Adding type registration object -> org.hibernate.type.JavaObjectType@f8908f6
2026-01-07 15:24:47 DEBUG BasicTypeRegistry:398 - Adding type registration java.lang.Object -> org.hibernate.type.JavaObjectType@f8908f6
2026-01-07 15:24:47 DEBUG BasicTypeRegistry:398 - Adding type registration null -> org.hibernate.type.NullType@4fdfa676
2026-01-07 15:24:47 DEBUG BasicTypeRegistry:423 - Adding type registration imm_date -> org.hibernate.type.BasicTypeReference@82c57b3
2026-01-07 15:24:47 DEBUG BasicTypeRegistry:423 - Adding type registration imm_time -> org.hibernate.type.BasicTypeReference@5be82d43
2026-01-07 15:24:47 DEBUG BasicTypeRegistry:423 - Adding type registration imm_timestamp -> org.hibernate.type.BasicTypeReference@600b0b7
2026-01-07 15:24:47 DEBUG BasicTypeRegistry:423 - Adding type registration imm_calendar -> org.hibernate.type.BasicTypeReference@345e5a17
2026-01-07 15:24:47 DEBUG BasicTypeRegistry:423 - Adding type registration imm_calendar_date -> org.hibernate.type.BasicTypeReference@5ea502e0
2026-01-07 15:24:47 DEBUG BasicTypeRegistry:423 - Adding type registration imm_calendar_time -> org.hibernate.type.BasicTypeReference@443dbe42
2026-01-07 15:24:47 DEBUG BasicTypeRegistry:423 - Adding type registration imm_binary -> org.hibernate.type.BasicTypeReference@473b3b7a
2026-01-07 15:24:47 DEBUG BasicTypeRegistry:423 - Adding type registration imm_serializable -> org.hibernate.type.BasicTypeReference@1734f68
2026-01-07 15:24:47 WARN  pooling:84 - HHH10001002: Using built-in connection pool (not intended for production use)
2026-01-07 15:24:47 DEBUG pooling:383 - Initializing Connection pool with 1 Connections
2026-01-07 15:24:47 DEBUG JdbcEnvironmentInitiator:432 - Database ->
	   name : MySQL
	version : 8.0.42
	  major : 8
	  minor : 0
2026-01-07 15:24:47 DEBUG JdbcEnvironmentInitiator:443 - Driver ->
	   name : MySQL Connector/J
	version : mysql-connector-j-8.0.33 (Revision: 7d6b0800528b6b25c68b52dc10d6c1c8429c100c)
	  major : 8
	  minor : 0
2026-01-07 15:24:47 DEBUG JdbcEnvironmentInitiator:388 - JDBC version : 4.2
2026-01-07 15:24:47 WARN  deprecation:152 - HHH90000025: MySQLDialect does not need to be specified explicitly using 'hibernate.dialect' (remove the property setting and it will be selected by default)
2026-01-07 15:24:47 DEBUG dialect:93 - HHH035001: Using dialect: org.hibernate.dialect.MySQLDialect, version: 8.0.42
2026-01-07 15:24:47 DEBUG IdentifierHelperBuilder:115 - JDBC driver metadata reported database stores quoted identifiers in more than one case
2026-01-07 15:24:47 DEBUG IdentifierHelperBuilder:208 - IdentifierCaseStrategy for both quoted and unquoted identifiers was set to the same strategy [LOWER]; that will likely lead to problems in schema update and validation if using quoted identifiers
2026-01-07 15:24:47 INFO  pooling:182 - HHH10001005: Database info:
	Database JDBC URL [jdbc:mysql://localhost:3306/mladec]
	Database driver: com.mysql.jdbc.Driver
	Database version: 8.0.42
	Autocommit mode: false
	Isolation level: undefined/unknown
	Pool: DriverManagerConnectionProviderImpl
	Minimum pool size: 1
	Maximum pool size: 20
2026-01-07 15:24:48 DEBUG DdlTypeRegistry:62 - addDescriptor(12, org.hibernate.type.descriptor.sql.internal.CapacityDependentDdlType@a50d709) replaced previous registration(org.hibernate.type.descriptor.sql.internal.CapacityDependentDdlType@5ed4bc)
2026-01-07 15:24:48 DEBUG DdlTypeRegistry:62 - addDescriptor(-9, org.hibernate.type.descriptor.sql.internal.CapacityDependentDdlType@6920b0bc) replaced previous registration(org.hibernate.type.descriptor.sql.internal.CapacityDependentDdlType@65f651eb)
2026-01-07 15:24:48 DEBUG DdlTypeRegistry:62 - addDescriptor(-3, org.hibernate.type.descriptor.sql.internal.CapacityDependentDdlType@69923ac3) replaced previous registration(org.hibernate.type.descriptor.sql.internal.CapacityDependentDdlType@1f1ff879)
2026-01-07 15:24:48 DEBUG DdlTypeRegistry:62 - addDescriptor(4003, org.hibernate.type.descriptor.sql.internal.DdlTypeImpl@73d60e76) replaced previous registration(org.hibernate.type.descriptor.sql.internal.DdlTypeImpl@24f870ee)
2026-01-07 15:24:48 DEBUG DdlTypeRegistry:62 - addDescriptor(4001, org.hibernate.type.descriptor.sql.internal.DdlTypeImpl@5c441290) replaced previous registration(org.hibernate.type.descriptor.sql.internal.DdlTypeImpl@3c78e551)
2026-01-07 15:24:48 DEBUG DdlTypeRegistry:62 - addDescriptor(4002, org.hibernate.type.descriptor.sql.internal.DdlTypeImpl@7f1ef916) replaced previous registration(org.hibernate.type.descriptor.sql.internal.DdlTypeImpl@1886991b)
2026-01-07 15:24:48 DEBUG DdlTypeRegistry:62 - addDescriptor(2004, org.hibernate.type.descriptor.sql.internal.CapacityDependentDdlType@64aad809) replaced previous registration(org.hibernate.type.descriptor.sql.internal.DdlTypeImpl@1f03fba0)
2026-01-07 15:24:48 DEBUG DdlTypeRegistry:62 - addDescriptor(2005, org.hibernate.type.descriptor.sql.internal.CapacityDependentDdlType@17dd671f) replaced previous registration(org.hibernate.type.descriptor.sql.internal.DdlTypeImpl@3bbf6abe)
2026-01-07 15:24:48 DEBUG DdlTypeRegistry:62 - addDescriptor(2011, org.hibernate.type.descriptor.sql.internal.CapacityDependentDdlType@9679750) replaced previous registration(org.hibernate.type.descriptor.sql.internal.DdlTypeImpl@9b9a327)
2026-01-07 15:24:48 DEBUG JdbcTypeRegistry:73 - addDescriptor(NCharTypeDescriptor) replaced previous registration(CharTypeDescriptor)
2026-01-07 15:24:48 DEBUG JdbcTypeRegistry:73 - addDescriptor(NVarcharTypeDescriptor) replaced previous registration(VarcharTypeDescriptor)
2026-01-07 15:24:48 DEBUG JdbcTypeRegistry:73 - addDescriptor(LongNVarcharTypeDescriptor) replaced previous registration(LongVarcharTypeDescriptor)
2026-01-07 15:24:48 DEBUG JdbcTypeRegistry:73 - addDescriptor(NClobTypeDescriptor(DEFAULT)) replaced previous registration(ClobTypeDescriptor(DEFAULT))
2026-01-07 15:24:48 DEBUG BasicTypeRegistry:398 - Adding type registration null -> org.hibernate.type.NullType@514de325
2026-01-07 15:24:48 DEBUG BasicTypeRegistry:402 - Type registration key [null] overrode previous entry : `org.hibernate.type.NullType@4fdfa676`
2026-01-07 15:24:48 DEBUG BasicTypeRegistry:398 - Adding type registration org.hibernate.type.DurationType -> basicType@1(java.time.Duration,3015)
2026-01-07 15:24:48 DEBUG BasicTypeRegistry:398 - Adding type registration Duration -> basicType@1(java.time.Duration,3015)
2026-01-07 15:24:48 DEBUG BasicTypeRegistry:398 - Adding type registration java.time.Duration -> basicType@1(java.time.Duration,3015)
2026-01-07 15:24:48 DEBUG BasicTypeRegistry:398 - Adding type registration org.hibernate.type.OffsetDateTimeType -> basicType@2(java.time.OffsetDateTime,3003)
2026-01-07 15:24:48 DEBUG BasicTypeRegistry:398 - Adding type registration OffsetDateTime -> basicType@2(java.time.OffsetDateTime,3003)
2026-01-07 15:24:48 DEBUG BasicTypeRegistry:398 - Adding type registration java.time.OffsetDateTime -> basicType@2(java.time.OffsetDateTime,3003)
2026-01-07 15:24:48 DEBUG BasicTypeRegistry:398 - Adding type registration org.hibernate.type.ZonedDateTimeType -> basicType@3(java.time.ZonedDateTime,3003)
2026-01-07 15:24:48 DEBUG BasicTypeRegistry:398 - Adding type registration ZonedDateTime -> basicType@3(java.time.ZonedDateTime,3003)
2026-01-07 15:24:48 DEBUG BasicTypeRegistry:398 - Adding type registration java.time.ZonedDateTime -> basicType@3(java.time.ZonedDateTime,3003)
2026-01-07 15:24:48 DEBUG BasicTypeRegistry:398 - Adding type registration org.hibernate.type.OffsetTimeType -> basicType@4(java.time.OffsetTime,3007)
2026-01-07 15:24:48 DEBUG BasicTypeRegistry:398 - Adding type registration OffsetTime -> basicType@4(java.time.OffsetTime,3007)
2026-01-07 15:24:48 DEBUG BasicTypeRegistry:398 - Adding type registration java.time.OffsetTime -> basicType@4(java.time.OffsetTime,3007)
2026-01-07 15:24:48 DEBUG TypeConfiguration$Scope:197 - Scoping TypeConfiguration [org.hibernate.type.spi.TypeConfiguration@5f2de715] to MetadataBuildingContext [org.hibernate.boot.internal.MetadataBuildingContextRootImpl@5922d3e9]
2026-01-07 15:24:48 DEBUG Namespace:62 - Created database namespace [logicalName=Name[catalog=null, schema=null], physicalName=Name[catalog=null, schema=null]]
2026-01-07 15:24:48 DEBUG EntityBinder:183 - Binding entity from annotated class: com.test.Address
2026-01-07 15:24:48 DEBUG AnnotatedColumn:278 - Binding column: DTYPE
2026-01-07 15:24:48 DEBUG AnnotatedColumn:278 - Binding column: null
2026-01-07 15:24:48 DEBUG BasicValue:292 - Skipping column re-registration: address.id
2026-01-07 15:24:48 DEBUG AnnotatedColumn:278 - Binding column: null
2026-01-07 15:24:48 DEBUG BasicValue:292 - Skipping column re-registration: address.city
2026-01-07 15:24:48 DEBUG AnnotatedColumn:278 - Binding column: null
2026-01-07 15:24:48 DEBUG BasicValue:292 - Skipping column re-registration: address.country
2026-01-07 15:24:48 DEBUG AnnotatedColumn:278 - Binding column: null
2026-01-07 15:24:48 DEBUG BasicValue:292 - Skipping column re-registration: address.state
2026-01-07 15:24:48 DEBUG EntityBinder:183 - Binding entity from annotated class: com.test.Employee
2026-01-07 15:24:48 DEBUG AnnotatedColumn:278 - Binding column: DTYPE
2026-01-07 15:24:48 DEBUG AnnotatedColumn:278 - Binding column: null
2026-01-07 15:24:48 DEBUG BasicValue:292 - Skipping column re-registration: employee.id
2026-01-07 15:24:48 DEBUG AnnotatedColumn:278 - Binding column: address
2026-01-07 15:24:48 DEBUG AnnotatedColumn:278 - Binding column: null
2026-01-07 15:24:48 DEBUG AnnotatedColumn:278 - Binding column: null
2026-01-07 15:24:48 DEBUG BasicValue:292 - Skipping column re-registration: employee.e_company
2026-01-07 15:24:48 DEBUG AnnotatedColumn:278 - Binding column: null
2026-01-07 15:24:48 DEBUG BasicValue:292 - Skipping column re-registration: employee.e_name
2026-01-07 15:24:48 DEBUG SessionFactoryImpl:230 - Building session factory
2026-01-07 15:24:48 DEBUG ClassLoaderAccessImpl:58 - Not known whether passed class name [com.test.Address] is safe
2026-01-07 15:24:48 DEBUG ClassLoaderAccessImpl:60 - No temp ClassLoader provided; using live ClassLoader for loading potentially unsafe class : com.test.Address
2026-01-07 15:24:48 DEBUG ClassLoaderAccessImpl:58 - Not known whether passed class name [com.test.Employee] is safe
2026-01-07 15:24:48 DEBUG ClassLoaderAccessImpl:60 - No temp ClassLoader provided; using live ClassLoader for loading potentially unsafe class : com.test.Employee
2026-01-07 15:24:48 DEBUG SessionFactoryServiceRegistryImpl:103 - EventListenerRegistry access via ServiceRegistry is deprecated.  Use `sessionFactory.getEventEngine().getListenerRegistry()` instead
2026-01-07 15:24:48 DEBUG SessionFactoryImpl:249 - HHH000030: Instantiating factory with settings: {hibernate.format_sql=true, java.specification.version=21, sun.cpu.isalist=amd64, sun.jnu.encoding=Cp1252, hibernate.dialect=org.hibernate.dialect.MySQLDialect, java.class.path=C:\Users\shubham.varma1\Desktop\mla256\HibernateMappings\target\classes;C:\Users\shubham.varma1\.m2\repository\org\hibernate\orm\hibernate-core\7.0.0.Final\hibernate-core-7.0.0.Final.jar;C:\Users\shubham.varma1\.m2\repository\jakarta\persistence\jakarta.persistence-api\3.2.0\jakarta.persistence-api-3.2.0.jar;C:\Users\shubham.varma1\.m2\repository\jakarta\transaction\jakarta.transaction-api\2.0.1\jakarta.transaction-api-2.0.1.jar;C:\Users\shubham.varma1\.m2\repository\org\jboss\logging\jboss-logging\3.6.1.Final\jboss-logging-3.6.1.Final.jar;C:\Users\shubham.varma1\.m2\repository\org\hibernate\models\hibernate-models\1.0.0.CR3\hibernate-models-1.0.0.CR3.jar;C:\Users\shubham.varma1\.m2\repository\com\fasterxml\classmate\1.7.0\classmate-1.7.0.jar;C:\Users\shubham.varma1\.m2\repository\net\bytebuddy\byte-buddy\1.15.11\byte-buddy-1.15.11.jar;C:\Users\shubham.varma1\.m2\repository\jakarta\xml\bind\jakarta.xml.bind-api\4.0.2\jakarta.xml.bind-api-4.0.2.jar;C:\Users\shubham.varma1\.m2\repository\jakarta\activation\jakarta.activation-api\2.1.3\jakarta.activation-api-2.1.3.jar;C:\Users\shubham.varma1\.m2\repository\org\glassfish\jaxb\jaxb-runtime\4.0.5\jaxb-runtime-4.0.5.jar;C:\Users\shubham.varma1\.m2\repository\org\glassfish\jaxb\jaxb-core\4.0.5\jaxb-core-4.0.5.jar;C:\Users\shubham.varma1\.m2\repository\org\eclipse\angus\angus-activation\2.0.2\angus-activation-2.0.2.jar;C:\Users\shubham.varma1\.m2\repository\org\glassfish\jaxb\txw2\4.0.5\txw2-4.0.5.jar;C:\Users\shubham.varma1\.m2\repository\com\sun\istack\istack-commons-runtime\4.1.2\istack-commons-runtime-4.1.2.jar;C:\Users\shubham.varma1\.m2\repository\jakarta\inject\jakarta.inject-api\2.0.1\jakarta.inject-api-2.0.1.jar;C:\Users\shubham.varma1\.m2\repository\org\antlr\antlr4-runtime\4.13.2\antlr4-runtime-4.13.2.jar;C:\Users\shubham.varma1\.m2\repository\com\mysql\mysql-connector-j\8.0.33\mysql-connector-j-8.0.33.jar;C:\Users\shubham.varma1\.m2\repository\com\google\protobuf\protobuf-java\3.21.9\protobuf-java-3.21.9.jar;C:\Users\shubham.varma1\.m2\repository\org\apache\logging\log4j\log4j-core\2.17.1\log4j-core-2.17.1.jar;C:\Users\shubham.varma1\.m2\repository\org\apache\logging\log4j\log4j-api\2.17.1\log4j-api-2.17.1.jar;C:\Users\shubham.varma1\.m2\repository\org\apache\logging\log4j\log4j-slf4j-impl\2.17.1\log4j-slf4j-impl-2.17.1.jar;C:\Users\shubham.varma1\.m2\repository\org\slf4j\slf4j-api\1.7.25\slf4j-api-1.7.25.jar, java.vm.vendor=Microsoft, sun.arch.data.model=64, hbm2ddl.auto=create-drop, user.variant=, java.vendor.url=https://www.microsoft.com, user.timezone=Asia/Calcutta, java.vm.specification.version=21, os.name=Windows 11, sun.java.launcher=SUN_STANDARD, user.country=US, sun.boot.library.path=C:\Program Files\Microsoft\jdk-21.0.7.6-hotspot\bin, sun.java.command=com.test.TestMappings, jdk.debug=release, sun.cpu.endian=little, user.home=C:\Users\shubham.varma1, user.language=en, java.specification.vendor=Oracle Corporation, java.version.date=2025-04-15, java.home=C:\Program Files\Microsoft\jdk-21.0.7.6-hotspot, file.separator=\, java.vm.compressedOopsMode=Zero based, line.separator=
, java.vm.specification.vendor=Oracle Corporation, java.specification.name=Java Platform API Specification, hibernate.hbm2ddl.auto=create-drop, user.script=, sun.management.compiler=HotSpot 64-Bit Tiered Compilers, java.runtime.version=21.0.7+6-LTS, user.name=shubham.varma1, stdout.encoding=UTF-8, path.separator=;, hibernate.connection.username=****, os.version=10.0, java.runtime.name=OpenJDK Runtime Environment, hibernate.connection.url=jdbc:mysql://localhost:3306/mladec, file.encoding=UTF-8, format_sql=true, java.vm.name=OpenJDK 64-Bit Server VM, hibernate.show_sql=true, java.vendor.version=Microsoft-11369940, show_sql=true, hibernate.connection.driver_class=com.mysql.jdbc.Driver, java.vendor.url.bug=https://github.com/microsoft/openjdk/issues, java.io.tmpdir=C:\Users\SHUBHA~1.VAR\AppData\Local\Temp\, java.version=21.0.7, user.dir=C:\Users\shubham.varma1\Desktop\mla256\HibernateMappings, os.arch=amd64, java.vm.specification.name=Java Virtual Machine Specification, hibernate.connection.password=****, sun.os.patch.level=, hibernate.boot.CfgXmlAccessService.key=org.hibernate.boot.cfgxml.spi.LoadedConfig@707865bd, native.encoding=Cp1252, java.library.path=C:\Program Files\Microsoft\jdk-21.0.7.6-hotspot\bin;C:\WINDOWS\Sun\Java\bin;C:\WINDOWS\system32;C:\WINDOWS;C:/Users/shubham.varma1/Downloads/sts-5.0.1.RELEASE//plugins/org.eclipse.justj.openjdk.hotspot.jre.full.win32.x86_64_25.0.1.v20251108-1451/jre/bin/server;C:/Users/shubham.varma1/Downloads/sts-5.0.1.RELEASE//plugins/org.eclipse.justj.openjdk.hotspot.jre.full.win32.x86_64_25.0.1.v20251108-1451/jre/bin;C:\Program Files\Microsoft\jdk-21.0.7.6-hotspot\bin;C:\Program Files\Microsoft\jdk-17.0.15.6-hotspot\bin;C:\Program Files\Python313\Scripts\;C:\Program Files\Python313\;C:\Program Files\Microsoft\jdk-11.0.23.9-hotspot\bin;C:\WINDOWS\system32;C:\WINDOWS;C:\WINDOWS\System32\Wbem;C:\WINDOWS\System32\WindowsPowerShell\v1.0\;C:\WINDOWS\System32\OpenSSH\;C:\Program Files (x86)\Microsoft SQL Server\160\Tools\Binn\;C:\Program Files\Microsoft SQL Server\160\Tools\Binn\;C:\Program Files\Microsoft SQL Server\Client SDK\ODBC\170\Tools\Binn\;C:\Program Files\Microsoft SQL Server\160\DTS\Binn\;C:\Program Files (x86)\Microsoft SQL Server\160\DTS\Binn\;C:\Program Files\PuTTY\;C:\Program Files\apache-maven-3.9.10\bin;C:\Program Files\nodejs\;C:\Program Files\dotnet\;C:\Program Files\Microsoft VS Code\bin;C:\Program Files\Git\cmd;C:\Users\shubham.varma1\AppData\Local\Microsoft\WindowsApps;C:\Users\shubham.varma1\AppData\Local\GitHubDesktop\bin;C:\Users\shubham.varma1\Downloads\sts-5.0.1.RELEASE;;., stderr.encoding=UTF-8, java.vendor=Microsoft, java.vm.info=mixed mode, sharing, java.vm.version=21.0.7+6-LTS, sun.io.unicode.encoding=UnicodeLittle, java.class.version=65.0}
2026-01-07 15:24:48 DEBUG SqmFunctionRegistry:128 - Registered SqmFunctionTemplate [NamedSqmFunctionTemplate(max)] under max; prior registration was null
2026-01-07 15:24:48 DEBUG SqmFunctionRegistry:128 - Registered SqmFunctionTemplate [NamedSqmFunctionTemplate(min)] under min; prior registration was null
2026-01-07 15:24:48 DEBUG SqmFunctionRegistry:128 - Registered SqmFunctionTemplate [NamedSqmFunctionTemplate(sum)] under sum; prior registration was null
2026-01-07 15:24:48 DEBUG SqmFunctionRegistry:128 - Registered SqmFunctionTemplate [NamedSqmFunctionTemplate(avg)] under avg; prior registration was null
2026-01-07 15:24:48 DEBUG SqmFunctionRegistry:128 - Registered SqmFunctionTemplate [org.hibernate.dialect.function.CountFunction@7a04f730] under count; prior registration was null
2026-01-07 15:24:48 DEBUG SqmFunctionRegistry:128 - Registered SqmFunctionTemplate [org.hibernate.dialect.function.EveryAnyEmulation@7971c2a9] under every; prior registration was null
2026-01-07 15:24:48 DEBUG SqmFunctionRegistry:128 - Registered SqmFunctionTemplate [org.hibernate.dialect.function.EveryAnyEmulation@2fd39436] under any; prior registration was null
2026-01-07 15:24:48 DEBUG SqmFunctionRegistry:128 - Registered SqmFunctionTemplate [NamedSqmFunctionTemplate(floor)] under floor; prior registration was null
2026-01-07 15:24:48 DEBUG SqmFunctionRegistry:128 - Registered SqmFunctionTemplate [NamedSqmFunctionTemplate(ceiling)] under ceiling; prior registration was null
2026-01-07 15:24:48 DEBUG SqmFunctionRegistry:128 - Registered SqmFunctionTemplate [NamedSqmFunctionTemplate(mod)] under mod; prior registration was null
2026-01-07 15:24:48 DEBUG SqmFunctionRegistry:128 - Registered SqmFunctionTemplate [NamedSqmFunctionTemplate(abs)] under abs; prior registration was null
2026-01-07 15:24:48 DEBUG SqmFunctionRegistry:128 - Registered SqmFunctionTemplate [NamedSqmFunctionTemplate(sign)] under sign; prior registration was null
2026-01-07 15:24:48 DEBUG SqmFunctionRegistry:128 - Registered SqmFunctionTemplate [NamedSqmFunctionTemplate(sqrt)] under sqrt; prior registration was null
2026-01-07 15:24:48 DEBUG SqmFunctionRegistry:128 - Registered SqmFunctionTemplate [NamedSqmFunctionTemplate(ln)] under ln; prior registration was null
2026-01-07 15:24:48 DEBUG SqmFunctionRegistry:128 - Registered SqmFunctionTemplate [NamedSqmFunctionTemplate(exp)] under exp; prior registration was null
2026-01-07 15:24:48 DEBUG SqmFunctionRegistry:128 - Registered SqmFunctionTemplate [NamedSqmFunctionTemplate(power)] under power; prior registration was null
2026-01-07 15:24:48 DEBUG SqmFunctionRegistry:128 - Registered SqmFunctionTemplate [NamedSqmFunctionTemplate(round)] under round; prior registration was null
2026-01-07 15:24:48 DEBUG SqmFunctionRegistry:128 - Registered SqmFunctionTemplate [NamedSqmFunctionTemplate(sin)] under sin; prior registration was null
2026-01-07 15:24:48 DEBUG SqmFunctionRegistry:128 - Registered SqmFunctionTemplate [NamedSqmFunctionTemplate(cos)] under cos; prior registration was null
2026-01-07 15:24:48 DEBUG SqmFunctionRegistry:128 - Registered SqmFunctionTemplate [NamedSqmFunctionTemplate(tan)] under tan; prior registration was null
2026-01-07 15:24:48 DEBUG SqmFunctionRegistry:128 - Registered SqmFunctionTemplate [NamedSqmFunctionTemplate(asin)] under asin; prior registration was null
2026-01-07 15:24:48 DEBUG SqmFunctionRegistry:128 - Registered SqmFunctionTemplate [NamedSqmFunctionTemplate(acos)] under acos; prior registration was null
2026-01-07 15:24:48 DEBUG SqmFunctionRegistry:128 - Registered SqmFunctionTemplate [NamedSqmFunctionTemplate(atan)] under atan; prior registration was null
2026-01-07 15:24:48 DEBUG SqmFunctionRegistry:128 - Registered SqmFunctionTemplate [NamedSqmFunctionTemplate(atan2)] under atan2; prior registration was null
2026-01-07 15:24:48 DEBUG SqmFunctionRegistry:128 - Registered SqmFunctionTemplate [org.hibernate.query.sqm.function.PatternBasedSqmFunctionDescriptor@b5aa65b] under sinh; prior registration was null
2026-01-07 15:24:48 DEBUG SqmFunctionRegistry:128 - Registered SqmFunctionTemplate [org.hibernate.query.sqm.function.PatternBasedSqmFunctionDescriptor@76cdafa3] under cosh; prior registration was null
2026-01-07 15:24:48 DEBUG SqmFunctionRegistry:128 - Registered SqmFunctionTemplate [org.hibernate.query.sqm.function.PatternBasedSqmFunctionDescriptor@6b27b2d0] under tanh; prior registration was null
2026-01-07 15:24:48 DEBUG SqmFunctionRegistry:128 - Registered SqmFunctionTemplate [org.hibernate.query.sqm.function.PatternBasedSqmFunctionDescriptor@4fb64e14] under pi; prior registration was null
2026-01-07 15:24:48 DEBUG SqmFunctionRegistry:128 - Registered SqmFunctionTemplate [org.hibernate.query.sqm.function.PatternBasedSqmFunctionDescriptor@118041c7] under log; prior registration was null
2026-01-07 15:24:48 DEBUG SqmFunctionRegistry:128 - Registered SqmFunctionTemplate [NamedSqmFunctionTemplate(coalesce)] under coalesce; prior registration was null
2026-01-07 15:24:48 DEBUG SqmFunctionRegistry:128 - Registered SqmFunctionTemplate [NamedSqmFunctionTemplate(nullif)] under nullif; prior registration was null
2026-01-07 15:24:48 DEBUG SqmFunctionRegistry:128 - Registered SqmFunctionTemplate [NamedSqmFunctionTemplate(left)] under left; prior registration was null
2026-01-07 15:24:48 DEBUG SqmFunctionRegistry:128 - Registered SqmFunctionTemplate [NamedSqmFunctionTemplate(right)] under right; prior registration was null
2026-01-07 15:24:48 DEBUG SqmFunctionRegistry:128 - Registered SqmFunctionTemplate [NamedSqmFunctionTemplate(replace)] under replace; prior registration was null
2026-01-07 15:24:48 DEBUG SqmFunctionRegistry:128 - Registered SqmFunctionTemplate [NamedSqmFunctionTemplate(concat)] under concat; prior registration was null
2026-01-07 15:24:48 DEBUG SqmFunctionRegistry:128 - Registered SqmFunctionTemplate [NamedSqmFunctionTemplate(lower)] under lower; prior registration was null
2026-01-07 15:24:48 DEBUG SqmFunctionRegistry:128 - Registered SqmFunctionTemplate [NamedSqmFunctionTemplate(upper)] under upper; prior registration was null
2026-01-07 15:24:48 DEBUG SqmFunctionRegistry:128 - Registered SqmFunctionTemplate [NamedSqmFunctionTemplate(substring)] under substring; prior registration was null
2026-01-07 15:24:48 DEBUG SqmFunctionRegistry:128 - Registered SqmFunctionTemplate [NamedSqmFunctionTemplate(locate)] under locate; prior registration was null
2026-01-07 15:24:48 DEBUG SqmFunctionRegistry:128 - Registered SqmFunctionTemplate [NamedSqmFunctionTemplate(character_length)] under character_length; prior registration was null
2026-01-07 15:24:48 DEBUG SqmFunctionRegistry:392 - Registering alternate key : length -> character_length
2026-01-07 15:24:48 DEBUG SqmFunctionRegistry:128 - Registered SqmFunctionTemplate [org.hibernate.dialect.function.LocatePositionEmulation@3c81cd82] under position; prior registration was null
2026-01-07 15:24:48 DEBUG SqmFunctionRegistry:128 - Registered SqmFunctionTemplate [org.hibernate.dialect.function.InsertSubstringOverlayEmulation@6af310c7] under overlay; prior registration was null
2026-01-07 15:24:48 DEBUG SqmFunctionRegistry:128 - Registered SqmFunctionTemplate [org.hibernate.dialect.function.TrimFunction@f5bf288] under trim; prior registration was null
2026-01-07 15:24:48 DEBUG SqmFunctionRegistry:128 - Registered SqmFunctionTemplate [org.hibernate.dialect.function.CastFunction@20440c6c] under cast; prior registration was null
2026-01-07 15:24:48 DEBUG SqmFunctionRegistry:128 - Registered SqmFunctionTemplate [org.hibernate.query.sqm.function.PatternBasedSqmFunctionDescriptor@1e3f86d5] under collate; prior registration was null
2026-01-07 15:24:48 DEBUG SqmFunctionRegistry:128 - Registered SqmFunctionTemplate [org.hibernate.dialect.function.ExtractFunction@66f5b8fe] under extract; prior registration was null
2026-01-07 15:24:48 DEBUG SqmFunctionRegistry:128 - Registered SqmFunctionTemplate [NamedSqmFunctionTemplate(least)] under least; prior registration was null
2026-01-07 15:24:48 DEBUG SqmFunctionRegistry:128 - Registered SqmFunctionTemplate [NamedSqmFunctionTemplate(greatest)] under greatest; prior registration was null
2026-01-07 15:24:48 DEBUG SqmFunctionRegistry:128 - Registered SqmFunctionTemplate [org.hibernate.dialect.function.CoalesceIfnullEmulation@5287ba5f] under ifnull; prior registration was null
2026-01-07 15:24:48 DEBUG SqmFunctionRegistry:128 - Registered SqmFunctionTemplate [NamedSqmFunctionTemplate(lpad)] under lpad; prior registration was null
2026-01-07 15:24:48 DEBUG SqmFunctionRegistry:128 - Registered SqmFunctionTemplate [NamedSqmFunctionTemplate(rpad)] under rpad; prior registration was null
2026-01-07 15:24:48 DEBUG SqmFunctionRegistry:128 - Registered SqmFunctionTemplate [org.hibernate.dialect.function.LpadRpadPadEmulation@6bce313] under pad; prior registration was null
2026-01-07 15:24:48 DEBUG SqmFunctionRegistry:128 - Registered SqmFunctionTemplate [org.hibernate.dialect.function.CastStrEmulation@4be490da] under str; prior registration was null
2026-01-07 15:24:48 DEBUG SqmFunctionRegistry:128 - Registered SqmFunctionTemplate [org.hibernate.dialect.function.OrdinalFunction@7a65c995] under ordinal; prior registration was null
2026-01-07 15:24:48 DEBUG SqmFunctionRegistry:128 - Registered SqmFunctionTemplate [org.hibernate.dialect.function.FormatFunction@6424e613] under format; prior registration was null
2026-01-07 15:24:48 DEBUG SqmFunctionRegistry:128 - Registered SqmFunctionTemplate [org.hibernate.dialect.function.TimestampaddFunction@4d354a3e] under timestampadd; prior registration was null
2026-01-07 15:24:48 DEBUG SqmFunctionRegistry:128 - Registered SqmFunctionTemplate [org.hibernate.dialect.function.TimestampdiffFunction@2c2c3947] under timestampdiff; prior registration was null
2026-01-07 15:24:48 DEBUG SqmFunctionRegistry:392 - Registering alternate key : dateadd -> timestampadd
2026-01-07 15:24:48 DEBUG SqmFunctionRegistry:392 - Registering alternate key : datediff -> timestampdiff
2026-01-07 15:24:48 DEBUG SqmFunctionRegistry:128 - Registered SqmFunctionTemplate [org.hibernate.dialect.function.CurrentFunction@1e76afeb] under current_date; prior registration was null
2026-01-07 15:24:48 DEBUG SqmFunctionRegistry:128 - Registered SqmFunctionTemplate [org.hibernate.dialect.function.CurrentFunction@447fa959] under current_time; prior registration was null
2026-01-07 15:24:48 DEBUG SqmFunctionRegistry:128 - Registered SqmFunctionTemplate [org.hibernate.dialect.function.CurrentFunction@3e4d40ea] under current_timestamp; prior registration was null
2026-01-07 15:24:48 DEBUG SqmFunctionRegistry:392 - Registering alternate key : current date -> current_date
2026-01-07 15:24:48 DEBUG SqmFunctionRegistry:392 - Registering alternate key : current time -> current_time
2026-01-07 15:24:48 DEBUG SqmFunctionRegistry:392 - Registering alternate key : current timestamp -> current_timestamp
2026-01-07 15:24:48 DEBUG SqmFunctionRegistry:128 - Registered SqmFunctionTemplate [org.hibernate.dialect.function.CurrentFunction@73f6e07] under local_date; prior registration was null
2026-01-07 15:24:48 DEBUG SqmFunctionRegistry:128 - Registered SqmFunctionTemplate [org.hibernate.dialect.function.CurrentFunction@2c9d90fc] under local_time; prior registration was null
2026-01-07 15:24:48 DEBUG SqmFunctionRegistry:128 - Registered SqmFunctionTemplate [org.hibernate.dialect.function.CurrentFunction@1511d157] under local_datetime; prior registration was null
2026-01-07 15:24:48 DEBUG SqmFunctionRegistry:128 - Registered SqmFunctionTemplate [org.hibernate.dialect.function.CurrentFunction@418f890f] under offset_datetime; prior registration was null
2026-01-07 15:24:48 DEBUG SqmFunctionRegistry:392 - Registering alternate key : local date -> local_date
2026-01-07 15:24:48 DEBUG SqmFunctionRegistry:392 - Registering alternate key : local time -> local_time
2026-01-07 15:24:48 DEBUG SqmFunctionRegistry:392 - Registering alternate key : local datetime -> local_datetime
2026-01-07 15:24:48 DEBUG SqmFunctionRegistry:392 - Registering alternate key : offset datetime -> offset_datetime
2026-01-07 15:24:48 DEBUG SqmFunctionRegistry:128 - Registered SqmFunctionTemplate [org.hibernate.dialect.function.CurrentFunction@3d3c886f] under instant; prior registration was null
2026-01-07 15:24:48 DEBUG SqmFunctionRegistry:392 - Registering alternate key : current_instant -> instant
2026-01-07 15:24:48 DEBUG SqmFunctionRegistry:128 - Registered SqmFunctionTemplate [org.hibernate.dialect.function.SqlFunction@2bab618] under sql; prior registration was null
2026-01-07 15:24:48 DEBUG SqmFunctionRegistry:128 - Registered SqmFunctionTemplate [NamedSqmFunctionTemplate(soundex)] under soundex; prior registration was null
2026-01-07 15:24:48 DEBUG SqmFunctionRegistry:128 - Registered SqmFunctionTemplate [NamedSqmFunctionTemplate(radians)] under radians; prior registration was null
2026-01-07 15:24:48 DEBUG SqmFunctionRegistry:128 - Registered SqmFunctionTemplate [NamedSqmFunctionTemplate(degrees)] under degrees; prior registration was null
2026-01-07 15:24:48 DEBUG SqmFunctionRegistry:128 - Registered SqmFunctionTemplate [NamedSqmFunctionTemplate(cot)] under cot; prior registration was null
2026-01-07 15:24:48 DEBUG SqmFunctionRegistry:128 - Registered SqmFunctionTemplate [NamedSqmFunctionTemplate(log)] under log; prior registration was org.hibernate.query.sqm.function.PatternBasedSqmFunctionDescriptor@118041c7
2026-01-07 15:24:48 DEBUG SqmFunctionRegistry:128 - Registered SqmFunctionTemplate [NamedSqmFunctionTemplate(log2)] under log2; prior registration was null
2026-01-07 15:24:48 DEBUG SqmFunctionRegistry:128 - Registered SqmFunctionTemplate [NamedSqmFunctionTemplate(log10)] under log10; prior registration was null
2026-01-07 15:24:48 DEBUG SqmFunctionRegistry:128 - Registered SqmFunctionTemplate [NamedSqmFunctionTemplate(ltrim)] under ltrim; prior registration was null
2026-01-07 15:24:48 DEBUG SqmFunctionRegistry:128 - Registered SqmFunctionTemplate [NamedSqmFunctionTemplate(rtrim)] under rtrim; prior registration was null
2026-01-07 15:24:48 DEBUG SqmFunctionRegistry:128 - Registered SqmFunctionTemplate [NamedSqmFunctionTemplate(octet_length)] under octet_length; prior registration was null
2026-01-07 15:24:48 DEBUG SqmFunctionRegistry:128 - Registered SqmFunctionTemplate [NamedSqmFunctionTemplate(reverse)] under reverse; prior registration was null
2026-01-07 15:24:48 DEBUG SqmFunctionRegistry:128 - Registered SqmFunctionTemplate [NamedSqmFunctionTemplate(space)] under space; prior registration was null
2026-01-07 15:24:48 DEBUG SqmFunctionRegistry:128 - Registered SqmFunctionTemplate [NamedSqmFunctionTemplate(repeat)] under repeat; prior registration was null
2026-01-07 15:24:48 DEBUG SqmFunctionRegistry:128 - Registered SqmFunctionTemplate [org.hibernate.query.sqm.function.MultipatternSqmFunctionDescriptor@73a6cc79] under lpad; prior registration was NamedSqmFunctionTemplate(lpad)
2026-01-07 15:24:48 DEBUG SqmFunctionRegistry:128 - Registered SqmFunctionTemplate [org.hibernate.query.sqm.function.MultipatternSqmFunctionDescriptor@5a4d4f9c] under rpad; prior registration was NamedSqmFunctionTemplate(rpad)
2026-01-07 15:24:48 DEBUG SqmFunctionRegistry:128 - Registered SqmFunctionTemplate [NamedSqmFunctionTemplate(day)] under day; prior registration was null
2026-01-07 15:24:48 DEBUG SqmFunctionRegistry:128 - Registered SqmFunctionTemplate [NamedSqmFunctionTemplate(month)] under month; prior registration was null
2026-01-07 15:24:48 DEBUG SqmFunctionRegistry:128 - Registered SqmFunctionTemplate [NamedSqmFunctionTemplate(year)] under year; prior registration was null
2026-01-07 15:24:48 DEBUG SqmFunctionRegistry:128 - Registered SqmFunctionTemplate [NamedSqmFunctionTemplate(hour)] under hour; prior registration was null
2026-01-07 15:24:48 DEBUG SqmFunctionRegistry:128 - Registered SqmFunctionTemplate [NamedSqmFunctionTemplate(minute)] under minute; prior registration was null
2026-01-07 15:24:48 DEBUG SqmFunctionRegistry:128 - Registered SqmFunctionTemplate [NamedSqmFunctionTemplate(second)] under second; prior registration was null
2026-01-07 15:24:48 DEBUG SqmFunctionRegistry:128 - Registered SqmFunctionTemplate [NamedSqmFunctionTemplate(microsecond)] under microsecond; prior registration was null
2026-01-07 15:24:48 DEBUG SqmFunctionRegistry:128 - Registered SqmFunctionTemplate [NamedSqmFunctionTemplate(dayofweek)] under dayofweek; prior registration was null
2026-01-07 15:24:48 DEBUG SqmFunctionRegistry:128 - Registered SqmFunctionTemplate [NamedSqmFunctionTemplate(dayofmonth)] under dayofmonth; prior registration was null
2026-01-07 15:24:48 DEBUG SqmFunctionRegistry:392 - Registering alternate key : day -> dayofmonth
2026-01-07 15:24:48 DEBUG SqmFunctionRegistry:128 - Registered SqmFunctionTemplate [NamedSqmFunctionTemplate(dayofyear)] under dayofyear; prior registration was null
2026-01-07 15:24:48 DEBUG SqmFunctionRegistry:128 - Registered SqmFunctionTemplate [NamedSqmFunctionTemplate(week)] under week; prior registration was null
2026-01-07 15:24:48 DEBUG SqmFunctionRegistry:128 - Registered SqmFunctionTemplate [NamedSqmFunctionTemplate(quarter)] under quarter; prior registration was null
2026-01-07 15:24:48 DEBUG SqmFunctionRegistry:128 - Registered SqmFunctionTemplate [NamedSqmFunctionTemplate(monthname)] under monthname; prior registration was null
2026-01-07 15:24:48 DEBUG SqmFunctionRegistry:128 - Registered SqmFunctionTemplate [NamedSqmFunctionTemplate(dayname)] under dayname; prior registration was null
2026-01-07 15:24:48 DEBUG SqmFunctionRegistry:128 - Registered SqmFunctionTemplate [NamedSqmFunctionTemplate(last_day)] under last_day; prior registration was null
2026-01-07 15:24:48 DEBUG SqmFunctionRegistry:128 - Registered SqmFunctionTemplate [NamedSqmFunctionTemplate(date)] under date; prior registration was null
2026-01-07 15:24:48 DEBUG SqmFunctionRegistry:128 - Registered SqmFunctionTemplate [NamedSqmFunctionTemplate(timestamp)] under timestamp; prior registration was null
2026-01-07 15:24:48 DEBUG SqmFunctionRegistry:128 - Registered SqmFunctionTemplate [NamedSqmFunctionTemplate(time)] under time; prior registration was null
2026-01-07 15:24:48 DEBUG SqmFunctionRegistry:128 - Registered SqmFunctionTemplate [NamedSqmFunctionTemplate(utc_date)] under utc_date; prior registration was null
2026-01-07 15:24:48 DEBUG SqmFunctionRegistry:128 - Registered SqmFunctionTemplate [NamedSqmFunctionTemplate(utc_time)] under utc_time; prior registration was null
2026-01-07 15:24:48 DEBUG SqmFunctionRegistry:128 - Registered SqmFunctionTemplate [NamedSqmFunctionTemplate(utc_timestamp)] under utc_timestamp; prior registration was null
2026-01-07 15:24:48 DEBUG SqmFunctionRegistry:128 - Registered SqmFunctionTemplate [NamedSqmFunctionTemplate(rand)] under rand; prior registration was null
2026-01-07 15:24:48 DEBUG SqmFunctionRegistry:128 - Registered SqmFunctionTemplate [NamedSqmFunctionTemplate(crc32)] under crc32; prior registration was null
2026-01-07 15:24:48 DEBUG SqmFunctionRegistry:128 - Registered SqmFunctionTemplate [NamedSqmFunctionTemplate(sha1)] under sha1; prior registration was null
2026-01-07 15:24:48 DEBUG SqmFunctionRegistry:128 - Registered SqmFunctionTemplate [NamedSqmFunctionTemplate(sha2)] under sha2; prior registration was null
2026-01-07 15:24:48 DEBUG SqmFunctionRegistry:128 - Registered SqmFunctionTemplate [NamedSqmFunctionTemplate(bit_length)] under bit_length; prior registration was null
2026-01-07 15:24:48 DEBUG SqmFunctionRegistry:128 - Registered SqmFunctionTemplate [NamedSqmFunctionTemplate(octet_length)] under octet_length; prior registration was NamedSqmFunctionTemplate(octet_length)
2026-01-07 15:24:48 DEBUG SqmFunctionRegistry:128 - Registered SqmFunctionTemplate [NamedSqmFunctionTemplate(ascii)] under ascii; prior registration was null
2026-01-07 15:24:48 DEBUG SqmFunctionRegistry:128 - Registered SqmFunctionTemplate [NamedSqmFunctionTemplate(instr)] under instr; prior registration was null
2026-01-07 15:24:48 DEBUG SqmFunctionRegistry:128 - Registered SqmFunctionTemplate [NamedSqmFunctionTemplate(substr)] under substr; prior registration was null
2026-01-07 15:24:48 DEBUG SqmFunctionRegistry:128 - Registered SqmFunctionTemplate [org.hibernate.query.sqm.function.PatternBasedSqmFunctionDescriptor@153d6d74] under position; prior registration was org.hibernate.dialect.function.LocatePositionEmulation@3c81cd82
2026-01-07 15:24:48 DEBUG SqmFunctionRegistry:128 - Registered SqmFunctionTemplate [NamedSqmFunctionTemplate(curtime)] under curtime; prior registration was null
2026-01-07 15:24:48 DEBUG SqmFunctionRegistry:128 - Registered SqmFunctionTemplate [NamedSqmFunctionTemplate(curdate)] under curdate; prior registration was null
2026-01-07 15:24:48 DEBUG SqmFunctionRegistry:128 - Registered SqmFunctionTemplate [NamedSqmFunctionTemplate(now)] under now; prior registration was null
2026-01-07 15:24:48 DEBUG SqmFunctionRegistry:128 - Registered SqmFunctionTemplate [org.hibernate.dialect.function.TruncFunction@261f359f] under trunc; prior registration was null
2026-01-07 15:24:48 DEBUG SqmFunctionRegistry:392 - Registering alternate key : truncate -> trunc
2026-01-07 15:24:48 DEBUG SqmFunctionRegistry:128 - Registered SqmFunctionTemplate [NamedSqmFunctionTemplate(insert)] under insert; prior registration was null
2026-01-07 15:24:48 DEBUG SqmFunctionRegistry:128 - Registered SqmFunctionTemplate [org.hibernate.query.sqm.function.PatternBasedSqmFunctionDescriptor@5b02a984] under bitand; prior registration was null
2026-01-07 15:24:48 DEBUG SqmFunctionRegistry:128 - Registered SqmFunctionTemplate [org.hibernate.query.sqm.function.PatternBasedSqmFunctionDescriptor@57186526] under bitor; prior registration was null
2026-01-07 15:24:48 DEBUG SqmFunctionRegistry:128 - Registered SqmFunctionTemplate [org.hibernate.query.sqm.function.PatternBasedSqmFunctionDescriptor@391d1e33] under bitxor; prior registration was null
2026-01-07 15:24:48 DEBUG SqmFunctionRegistry:128 - Registered SqmFunctionTemplate [org.hibernate.query.sqm.function.PatternBasedSqmFunctionDescriptor@66f16742] under bitnot; prior registration was null
2026-01-07 15:24:48 DEBUG SqmFunctionRegistry:128 - Registered SqmFunctionTemplate [NamedSqmFunctionTemplate(bit_and)] under bit_and; prior registration was null
2026-01-07 15:24:48 DEBUG SqmFunctionRegistry:128 - Registered SqmFunctionTemplate [NamedSqmFunctionTemplate(bit_or)] under bit_or; prior registration was null
2026-01-07 15:24:48 DEBUG SqmFunctionRegistry:128 - Registered SqmFunctionTemplate [NamedSqmFunctionTemplate(stddev)] under stddev; prior registration was null
2026-01-07 15:24:48 DEBUG SqmFunctionRegistry:128 - Registered SqmFunctionTemplate [NamedSqmFunctionTemplate(stddev_pop)] under stddev_pop; prior registration was null
2026-01-07 15:24:48 DEBUG SqmFunctionRegistry:128 - Registered SqmFunctionTemplate [NamedSqmFunctionTemplate(stddev_samp)] under stddev_samp; prior registration was null
2026-01-07 15:24:48 DEBUG SqmFunctionRegistry:128 - Registered SqmFunctionTemplate [NamedSqmFunctionTemplate(variance)] under variance; prior registration was null
2026-01-07 15:24:48 DEBUG SqmFunctionRegistry:128 - Registered SqmFunctionTemplate [NamedSqmFunctionTemplate(var_pop)] under var_pop; prior registration was null
2026-01-07 15:24:48 DEBUG SqmFunctionRegistry:128 - Registered SqmFunctionTemplate [NamedSqmFunctionTemplate(var_samp)] under var_samp; prior registration was null
2026-01-07 15:24:48 DEBUG SqmFunctionRegistry:128 - Registered SqmFunctionTemplate [NamedSqmFunctionTemplate(datediff)] under datediff; prior registration was null
2026-01-07 15:24:48 DEBUG SqmFunctionRegistry:128 - Registered SqmFunctionTemplate [NamedSqmFunctionTemplate(adddate)] under adddate; prior registration was null
2026-01-07 15:24:48 DEBUG SqmFunctionRegistry:128 - Registered SqmFunctionTemplate [NamedSqmFunctionTemplate(subdate)] under subdate; prior registration was null
2026-01-07 15:24:48 DEBUG SqmFunctionRegistry:128 - Registered SqmFunctionTemplate [NamedSqmFunctionTemplate(addtime)] under addtime; prior registration was null
2026-01-07 15:24:48 DEBUG SqmFunctionRegistry:128 - Registered SqmFunctionTemplate [NamedSqmFunctionTemplate(subtime)] under subtime; prior registration was null
2026-01-07 15:24:48 DEBUG SqmFunctionRegistry:128 - Registered SqmFunctionTemplate [org.hibernate.dialect.function.FormatFunction@2871ac91] under format; prior registration was org.hibernate.dialect.function.FormatFunction@6424e613
2026-01-07 15:24:48 DEBUG SqmFunctionRegistry:128 - Registered SqmFunctionTemplate [NamedSqmFunctionTemplate(makedate)] under makedate; prior registration was null
2026-01-07 15:24:48 DEBUG SqmFunctionRegistry:128 - Registered SqmFunctionTemplate [NamedSqmFunctionTemplate(maketime)] under maketime; prior registration was null
2026-01-07 15:24:48 DEBUG SqmFunctionRegistry:128 - Registered SqmFunctionTemplate [NamedSqmFunctionTemplate(localtime)] under localtime; prior registration was null
2026-01-07 15:24:48 DEBUG SqmFunctionRegistry:128 - Registered SqmFunctionTemplate [NamedSqmFunctionTemplate(localtimestamp)] under localtimestamp; prior registration was null
2026-01-07 15:24:48 DEBUG SqmFunctionRegistry:128 - Registered SqmFunctionTemplate [NamedSqmFunctionTemplate(localtime)] under local_time; prior registration was org.hibernate.dialect.function.CurrentFunction@2c9d90fc
2026-01-07 15:24:48 DEBUG SqmFunctionRegistry:128 - Registered SqmFunctionTemplate [NamedSqmFunctionTemplate(localtimestamp)] under local_datetime; prior registration was org.hibernate.dialect.function.CurrentFunction@1511d157
2026-01-07 15:24:48 DEBUG SqmFunctionRegistry:128 - Registered SqmFunctionTemplate [org.hibernate.query.sqm.function.PatternBasedSqmFunctionDescriptor@3c54ddec] under pi; prior registration was org.hibernate.query.sqm.function.PatternBasedSqmFunctionDescriptor@4fb64e14
2026-01-07 15:24:48 DEBUG SqmFunctionRegistry:128 - Registered SqmFunctionTemplate [org.hibernate.query.sqm.function.PatternBasedSqmFunctionDescriptor@6d69a0d3] under chr; prior registration was null
2026-01-07 15:24:48 DEBUG SqmFunctionRegistry:392 - Registering alternate key : char -> chr
2026-01-07 15:24:48 DEBUG SqmFunctionRegistry:128 - Registered SqmFunctionTemplate [org.hibernate.query.sqm.function.PatternBasedSqmFunctionDescriptor@4f114b] under sysdate; prior registration was null
2026-01-07 15:24:48 DEBUG SqmFunctionRegistry:128 - Registered SqmFunctionTemplate [NamedSqmFunctionTemplate(row_number)] under row_number; prior registration was null
2026-01-07 15:24:48 DEBUG SqmFunctionRegistry:128 - Registered SqmFunctionTemplate [NamedSqmFunctionTemplate(lag)] under lag; prior registration was null
2026-01-07 15:24:48 DEBUG SqmFunctionRegistry:128 - Registered SqmFunctionTemplate [NamedSqmFunctionTemplate(lead)] under lead; prior registration was null
2026-01-07 15:24:48 DEBUG SqmFunctionRegistry:128 - Registered SqmFunctionTemplate [NamedSqmFunctionTemplate(first_value)] under first_value; prior registration was null
2026-01-07 15:24:48 DEBUG SqmFunctionRegistry:128 - Registered SqmFunctionTemplate [NamedSqmFunctionTemplate(last_value)] under last_value; prior registration was null
2026-01-07 15:24:48 DEBUG SqmFunctionRegistry:128 - Registered SqmFunctionTemplate [NamedSqmFunctionTemplate(nth_value)] under nth_value; prior registration was null
2026-01-07 15:24:48 DEBUG SqmFunctionRegistry:128 - Registered SqmFunctionTemplate [org.hibernate.dialect.function.HypotheticalSetWindowEmulation@35025a0a] under rank; prior registration was null
2026-01-07 15:24:48 DEBUG SqmFunctionRegistry:128 - Registered SqmFunctionTemplate [org.hibernate.dialect.function.HypotheticalSetWindowEmulation@38732364] under dense_rank; prior registration was null
2026-01-07 15:24:48 DEBUG SqmFunctionRegistry:128 - Registered SqmFunctionTemplate [org.hibernate.dialect.function.HypotheticalSetWindowEmulation@7c70aae1] under percent_rank; prior registration was null
2026-01-07 15:24:48 DEBUG SqmFunctionRegistry:128 - Registered SqmFunctionTemplate [org.hibernate.dialect.function.HypotheticalSetWindowEmulation@48cd319d] under cume_dist; prior registration was null
2026-01-07 15:24:48 DEBUG SqmFunctionRegistry:128 - Registered SqmFunctionTemplate [org.hibernate.dialect.function.ListaggGroupConcatEmulation@16cf8438] under listagg; prior registration was null
2026-01-07 15:24:48 DEBUG SqmFunctionRegistry:128 - Registered SqmFunctionTemplate [org.hibernate.dialect.function.json.MySQLJsonValueFunction@24134cbc] under json_value; prior registration was null
2026-01-07 15:24:48 DEBUG SqmFunctionRegistry:128 - Registered SqmFunctionTemplate [org.hibernate.dialect.function.json.MySQLJsonQueryFunction@5438fa43] under json_query; prior registration was null
2026-01-07 15:24:48 DEBUG SqmFunctionRegistry:128 - Registered SqmFunctionTemplate [org.hibernate.dialect.function.json.MySQLJsonExistsFunction@2ca54da9] under json_exists; prior registration was null
2026-01-07 15:24:48 DEBUG SqmFunctionRegistry:128 - Registered SqmFunctionTemplate [org.hibernate.dialect.function.json.MySQLJsonObjectFunction@50598a1a] under json_object; prior registration was null
2026-01-07 15:24:48 DEBUG SqmFunctionRegistry:128 - Registered SqmFunctionTemplate [org.hibernate.dialect.function.json.MySQLJsonArrayFunction@5c8d58ed] under json_array; prior registration was null
2026-01-07 15:24:48 DEBUG SqmFunctionRegistry:128 - Registered SqmFunctionTemplate [org.hibernate.dialect.function.json.MySQLJsonArrayAggFunction@4ce25e47] under json_arrayagg; prior registration was null
2026-01-07 15:24:48 DEBUG SqmFunctionRegistry:128 - Registered SqmFunctionTemplate [org.hibernate.dialect.function.json.MySQLJsonObjectAggFunction@285a4fe3] under json_objectagg; prior registration was null
2026-01-07 15:24:48 DEBUG SqmFunctionRegistry:128 - Registered SqmFunctionTemplate [NamedSqmFunctionTemplate(json_set)] under json_set; prior registration was null
2026-01-07 15:24:48 DEBUG SqmFunctionRegistry:128 - Registered SqmFunctionTemplate [NamedSqmFunctionTemplate(json_remove)] under json_remove; prior registration was null
2026-01-07 15:24:48 DEBUG SqmFunctionRegistry:128 - Registered SqmFunctionTemplate [NamedSqmFunctionTemplate(json_replace)] under json_replace; prior registration was null
2026-01-07 15:24:48 DEBUG SqmFunctionRegistry:128 - Registered SqmFunctionTemplate [NamedSqmFunctionTemplate(json_insert)] under json_insert; prior registration was null
2026-01-07 15:24:48 DEBUG SqmFunctionRegistry:128 - Registered SqmFunctionTemplate [NamedSqmFunctionTemplate(json_merge_patch)] under json_mergepatch; prior registration was null
2026-01-07 15:24:48 DEBUG SqmFunctionRegistry:128 - Registered SqmFunctionTemplate [NamedSqmFunctionTemplate(json_array_append)] under json_array_append; prior registration was null
2026-01-07 15:24:48 DEBUG SqmFunctionRegistry:128 - Registered SqmFunctionTemplate [NamedSqmFunctionTemplate(json_array_insert)] under json_array_insert; prior registration was null
2026-01-07 15:24:48 DEBUG SqmFunctionRegistry:143 - Registered SqmSetReturningFunctionTemplate [org.hibernate.dialect.function.array.UnnestFunction@1595d2b2] under unnest; prior registration was null
2026-01-07 15:24:48 DEBUG SqmFunctionRegistry:143 - Registered SqmSetReturningFunctionTemplate [org.hibernate.dialect.function.json.MySQLJsonTableFunction@37c7766e] under json_table; prior registration was null
2026-01-07 15:24:48 DEBUG SqmFunctionRegistry:143 - Registered SqmSetReturningFunctionTemplate [org.hibernate.dialect.function.CteGenerateSeriesFunction@62a6674f] under generate_series; prior registration was null
2026-01-07 15:24:48 DEBUG SqmFunctionRegistry:128 - Registered SqmFunctionTemplate [org.hibernate.query.sqm.function.PatternBasedSqmFunctionDescriptor@70881123] under hex; prior registration was null
2026-01-07 15:24:48 DEBUG SqmFunctionRegistry:128 - Registered SqmFunctionTemplate [org.hibernate.query.sqm.function.PatternBasedSqmFunctionDescriptor@703fa45] under sha; prior registration was null
2026-01-07 15:24:48 DEBUG SqmFunctionRegistry:128 - Registered SqmFunctionTemplate [org.hibernate.query.sqm.function.PatternBasedSqmFunctionDescriptor@5e905f2c] under md5; prior registration was null
2026-01-07 15:24:48 DEBUG HQL_FUNCTIONS:152 - abs(NUMERIC arg)
2026-01-07 15:24:48 DEBUG HQL_FUNCTIONS:152 - Double acos(NUMERIC arg)
2026-01-07 15:24:48 DEBUG HQL_FUNCTIONS:152 - adddate(DATE datetime, INTEGER days)
2026-01-07 15:24:48 DEBUG HQL_FUNCTIONS:152 - addtime(TIME datetime, TIME time)
2026-01-07 15:24:48 DEBUG HQL_FUNCTIONS:152 - Boolean any(BOOLEAN arg)
2026-01-07 15:24:48 DEBUG HQL_FUNCTIONS:152 - Integer ascii(STRING arg)
2026-01-07 15:24:48 DEBUG HQL_FUNCTIONS:152 - Double asin(NUMERIC arg)
2026-01-07 15:24:48 DEBUG HQL_FUNCTIONS:152 - Double atan(NUMERIC arg)
2026-01-07 15:24:48 DEBUG HQL_FUNCTIONS:152 - Double atan2(NUMERIC arg0, NUMERIC arg1)
2026-01-07 15:24:48 DEBUG HQL_FUNCTIONS:152 - avg(arg)
2026-01-07 15:24:48 DEBUG HQL_FUNCTIONS:152 - bit_and(arg)
2026-01-07 15:24:48 DEBUG HQL_FUNCTIONS:152 - Integer bit_length(STRING_OR_CLOB arg)
2026-01-07 15:24:48 DEBUG HQL_FUNCTIONS:152 - bit_or(arg)
2026-01-07 15:24:48 DEBUG HQL_FUNCTIONS:152 - bitand(arg0, arg1)
2026-01-07 15:24:48 DEBUG HQL_FUNCTIONS:152 - bitnot(arg)
2026-01-07 15:24:48 DEBUG HQL_FUNCTIONS:152 - bitor(arg0, arg1)
2026-01-07 15:24:48 DEBUG HQL_FUNCTIONS:152 - bitxor(arg0, arg1)
2026-01-07 15:24:48 DEBUG HQL_FUNCTIONS:152 - cast(arg as Type)
2026-01-07 15:24:48 DEBUG HQL_FUNCTIONS:152 - ceiling(NUMERIC arg)
2026-01-07 15:24:48 DEBUG HQL_FUNCTIONS:152 - Character char(INTEGER arg)
2026-01-07 15:24:48 DEBUG HQL_FUNCTIONS:152 - Integer character_length(STRING_OR_CLOB arg)
2026-01-07 15:24:48 DEBUG HQL_FUNCTIONS:152 - Character chr(INTEGER arg)
2026-01-07 15:24:48 DEBUG HQL_FUNCTIONS:152 - coalesce(arg0[, arg1[, ...]])
2026-01-07 15:24:48 DEBUG HQL_FUNCTIONS:152 - String collate(STRING string as COLLATION collation)
2026-01-07 15:24:48 DEBUG HQL_FUNCTIONS:152 - String concat(STRING string0[, STRING string1[, ...]])
2026-01-07 15:24:48 DEBUG HQL_FUNCTIONS:152 - Double cos(NUMERIC arg)
2026-01-07 15:24:48 DEBUG HQL_FUNCTIONS:152 - Double cosh(NUMERIC arg)
2026-01-07 15:24:48 DEBUG HQL_FUNCTIONS:152 - Double cot(NUMERIC arg)
2026-01-07 15:24:48 DEBUG HQL_FUNCTIONS:152 - Long count([distinct ]{arg|*})
2026-01-07 15:24:48 DEBUG HQL_FUNCTIONS:152 - Integer crc32(arg)
2026-01-07 15:24:48 DEBUG HQL_FUNCTIONS:152 - Double cume_dist([arg0[, ...]])
2026-01-07 15:24:48 DEBUG HQL_FUNCTIONS:152 - Date curdate()
2026-01-07 15:24:48 DEBUG HQL_FUNCTIONS:152 - Date current date
2026-01-07 15:24:48 DEBUG HQL_FUNCTIONS:152 - Time current time
2026-01-07 15:24:48 DEBUG HQL_FUNCTIONS:152 - Timestamp current timestamp
2026-01-07 15:24:48 DEBUG HQL_FUNCTIONS:152 - Date current_date
2026-01-07 15:24:48 DEBUG HQL_FUNCTIONS:152 - Instant current_instant
2026-01-07 15:24:48 DEBUG HQL_FUNCTIONS:152 - Time current_time
2026-01-07 15:24:48 DEBUG HQL_FUNCTIONS:152 - Timestamp current_timestamp
2026-01-07 15:24:48 DEBUG HQL_FUNCTIONS:152 - Time curtime()
2026-01-07 15:24:48 DEBUG HQL_FUNCTIONS:152 - Date date(arg)
2026-01-07 15:24:48 DEBUG HQL_FUNCTIONS:152 - dateadd(TEMPORAL_UNIT field, INTEGER magnitude, TEMPORAL datetime)
2026-01-07 15:24:48 DEBUG HQL_FUNCTIONS:152 - Integer datediff(DATE end, DATE start)
2026-01-07 15:24:48 DEBUG HQL_FUNCTIONS:152 - Integer day(DATE arg)
2026-01-07 15:24:48 DEBUG HQL_FUNCTIONS:152 - String dayname(DATE arg)
2026-01-07 15:24:48 DEBUG HQL_FUNCTIONS:152 - Integer dayofmonth(DATE arg)
2026-01-07 15:24:48 DEBUG HQL_FUNCTIONS:152 - Integer dayofweek(DATE arg)
2026-01-07 15:24:48 DEBUG HQL_FUNCTIONS:152 - Integer dayofyear(DATE arg)
2026-01-07 15:24:48 DEBUG HQL_FUNCTIONS:152 - Double degrees(NUMERIC arg)
2026-01-07 15:24:48 DEBUG HQL_FUNCTIONS:152 - Long dense_rank([arg0[, ...]])
2026-01-07 15:24:48 DEBUG HQL_FUNCTIONS:152 - Boolean every(BOOLEAN arg)
2026-01-07 15:24:48 DEBUG HQL_FUNCTIONS:152 - Double exp(NUMERIC arg)
2026-01-07 15:24:48 DEBUG HQL_FUNCTIONS:152 - extract(TEMPORAL_UNIT field from TEMPORAL arg)
2026-01-07 15:24:48 DEBUG HQL_FUNCTIONS:152 - first_valueANY value
2026-01-07 15:24:48 DEBUG HQL_FUNCTIONS:152 - floor(NUMERIC arg)
2026-01-07 15:24:48 DEBUG HQL_FUNCTIONS:152 - String format(TEMPORAL datetime as STRING pattern)
2026-01-07 15:24:48 DEBUG HQL_FUNCTIONS:152 - greatest(COMPARABLE arg0, COMPARABLE arg1[, arg2[, ...]])
2026-01-07 15:24:48 DEBUG HQL_FUNCTIONS:152 - String hex(arg)
2026-01-07 15:24:48 DEBUG HQL_FUNCTIONS:152 - Integer hour(TIME arg)
2026-01-07 15:24:48 DEBUG HQL_FUNCTIONS:152 - ifnull(arg0, arg1)
2026-01-07 15:24:48 DEBUG HQL_FUNCTIONS:152 - String insert(STRING string, INTEGER start, INTEGER length, STRING replacement)
2026-01-07 15:24:48 DEBUG HQL_FUNCTIONS:152 - Instant instant
2026-01-07 15:24:48 DEBUG HQL_FUNCTIONS:152 - Integer instr(STRING string, STRING pattern[, INTEGER start[, INTEGER occurrence]])
2026-01-07 15:24:48 DEBUG HQL_FUNCTIONS:152 - String json_array([arg0[, ...]])
2026-01-07 15:24:48 DEBUG HQL_FUNCTIONS:152 - String json_array_append(IMPLICIT_JSON arg0, STRING arg1, ANY arg2)
2026-01-07 15:24:48 DEBUG HQL_FUNCTIONS:152 - String json_array_insert(IMPLICIT_JSON arg0, STRING arg1, ANY arg2)
2026-01-07 15:24:48 DEBUG HQL_FUNCTIONS:152 - String json_arrayagg(arg0[, arg1])
2026-01-07 15:24:48 DEBUG HQL_FUNCTIONS:152 - Boolean json_exists(IMPLICIT_JSON arg0, STRING arg1)
2026-01-07 15:24:48 DEBUG HQL_FUNCTIONS:152 - String json_insert(IMPLICIT_JSON arg0, STRING arg1, ANY arg2)
2026-01-07 15:24:48 DEBUG HQL_FUNCTIONS:152 - String json_mergepatch(IMPLICIT_JSON arg0, IMPLICIT_JSON arg1[, arg2[, ...]])
2026-01-07 15:24:48 DEBUG HQL_FUNCTIONS:152 - String json_object( ... )
2026-01-07 15:24:48 DEBUG HQL_FUNCTIONS:152 - String json_objectagg(arg0, arg1[, arg2, arg3])
2026-01-07 15:24:48 DEBUG HQL_FUNCTIONS:152 - String json_query( ... )
2026-01-07 15:24:48 DEBUG HQL_FUNCTIONS:152 - String json_remove(IMPLICIT_JSON arg0, STRING arg1)
2026-01-07 15:24:48 DEBUG HQL_FUNCTIONS:152 - String json_replace(IMPLICIT_JSON arg0, STRING arg1, ANY arg2)
2026-01-07 15:24:48 DEBUG HQL_FUNCTIONS:152 - String json_set(IMPLICIT_JSON arg0, STRING arg1, ANY arg2)
2026-01-07 15:24:48 DEBUG HQL_FUNCTIONS:152 - json_value( ... )
2026-01-07 15:24:48 DEBUG HQL_FUNCTIONS:152 - lagANY value[, INTEGER offset[, ANY default]]
2026-01-07 15:24:48 DEBUG HQL_FUNCTIONS:152 - Date last_day(DATE arg)
2026-01-07 15:24:48 DEBUG HQL_FUNCTIONS:152 - last_valueANY value
2026-01-07 15:24:48 DEBUG HQL_FUNCTIONS:152 - leadANY value[, INTEGER offset[, ANY default]]
2026-01-07 15:24:48 DEBUG HQL_FUNCTIONS:152 - least(COMPARABLE arg0, COMPARABLE arg1[, arg2[, ...]])
2026-01-07 15:24:48 DEBUG HQL_FUNCTIONS:152 - String left(STRING string, INTEGER length)
2026-01-07 15:24:48 DEBUG HQL_FUNCTIONS:152 - Integer length(STRING_OR_CLOB arg)
2026-01-07 15:24:48 DEBUG HQL_FUNCTIONS:152 - String listagg(STRING arg0, STRING arg1)
2026-01-07 15:24:48 DEBUG HQL_FUNCTIONS:152 - Double ln(NUMERIC arg)
2026-01-07 15:24:48 DEBUG HQL_FUNCTIONS:152 - LocalDate local date
2026-01-07 15:24:48 DEBUG HQL_FUNCTIONS:152 - LocalDateTime local datetime
2026-01-07 15:24:48 DEBUG HQL_FUNCTIONS:152 - LocalTime local time
2026-01-07 15:24:48 DEBUG HQL_FUNCTIONS:152 - LocalDate local_date
2026-01-07 15:24:48 DEBUG HQL_FUNCTIONS:152 - LocalDateTime local_datetime
2026-01-07 15:24:48 DEBUG HQL_FUNCTIONS:152 - LocalTime local_time
2026-01-07 15:24:48 DEBUG HQL_FUNCTIONS:152 - Time localtime
2026-01-07 15:24:48 DEBUG HQL_FUNCTIONS:152 - Timestamp localtimestamp
2026-01-07 15:24:48 DEBUG HQL_FUNCTIONS:152 - Integer locate(STRING pattern, STRING string[, INTEGER start])
2026-01-07 15:24:48 DEBUG HQL_FUNCTIONS:152 - Double log(NUMERIC arg0[, NUMERIC arg1])
2026-01-07 15:24:48 DEBUG HQL_FUNCTIONS:152 - Double log10(NUMERIC arg)
2026-01-07 15:24:48 DEBUG HQL_FUNCTIONS:152 - Double log2(NUMERIC arg)
2026-01-07 15:24:48 DEBUG HQL_FUNCTIONS:152 - String lower(STRING string)
2026-01-07 15:24:48 DEBUG HQL_FUNCTIONS:152 - String lpad(string, length[, padding])
2026-01-07 15:24:48 DEBUG HQL_FUNCTIONS:152 - String ltrim(STRING string[, STRING characters])
2026-01-07 15:24:48 DEBUG HQL_FUNCTIONS:152 - Date makedate(INTEGER year, INTEGER dayofyear)
2026-01-07 15:24:48 DEBUG HQL_FUNCTIONS:152 - Time maketime(INTEGER hour, INTEGER min, INTEGER sec)
2026-01-07 15:24:48 DEBUG HQL_FUNCTIONS:152 - max(COMPARABLE arg)
2026-01-07 15:24:48 DEBUG HQL_FUNCTIONS:152 - byte[] md5(arg)
2026-01-07 15:24:48 DEBUG HQL_FUNCTIONS:152 - Integer microsecond(TIME arg)
2026-01-07 15:24:48 DEBUG HQL_FUNCTIONS:152 - min(COMPARABLE arg)
2026-01-07 15:24:48 DEBUG HQL_FUNCTIONS:152 - Integer minute(TIME arg)
2026-01-07 15:24:48 DEBUG HQL_FUNCTIONS:152 - Integer mod(INTEGER arg0, INTEGER arg1)
2026-01-07 15:24:48 DEBUG HQL_FUNCTIONS:152 - Integer month(DATE arg)
2026-01-07 15:24:48 DEBUG HQL_FUNCTIONS:152 - String monthname(DATE arg)
2026-01-07 15:24:48 DEBUG HQL_FUNCTIONS:152 - Timestamp now()
2026-01-07 15:24:48 DEBUG HQL_FUNCTIONS:152 - nth_valueANY value, INTEGER nth
2026-01-07 15:24:48 DEBUG HQL_FUNCTIONS:152 - nullif(arg0, arg1)
2026-01-07 15:24:48 DEBUG HQL_FUNCTIONS:152 - Integer octet_length(STRING_OR_CLOB arg)
2026-01-07 15:24:48 DEBUG HQL_FUNCTIONS:152 - OffsetDateTime offset datetime
2026-01-07 15:24:48 DEBUG HQL_FUNCTIONS:152 - OffsetDateTime offset_datetime
2026-01-07 15:24:48 DEBUG HQL_FUNCTIONS:152 - Integer ordinal(ENUM arg)
2026-01-07 15:24:48 DEBUG HQL_FUNCTIONS:152 - String overlay(STRING string placing STRING replacement from INTEGER start[ for INTEGER length])
2026-01-07 15:24:48 DEBUG HQL_FUNCTIONS:152 - String pad(STRING string with INTEGER length {leading|trailing}[ STRING character])
2026-01-07 15:24:48 DEBUG HQL_FUNCTIONS:152 - Double percent_rank([arg0[, ...]])
2026-01-07 15:24:48 DEBUG HQL_FUNCTIONS:152 - Double pi
2026-01-07 15:24:48 DEBUG HQL_FUNCTIONS:152 - Integer position(STRING pattern in STRING string)
2026-01-07 15:24:48 DEBUG HQL_FUNCTIONS:152 - Double power(NUMERIC arg0, NUMERIC arg1)
2026-01-07 15:24:48 DEBUG HQL_FUNCTIONS:152 - Integer quarter(DATE arg)
2026-01-07 15:24:48 DEBUG HQL_FUNCTIONS:152 - Double radians(NUMERIC arg)
2026-01-07 15:24:48 DEBUG HQL_FUNCTIONS:152 - Double rand([INTEGER seed])
2026-01-07 15:24:48 DEBUG HQL_FUNCTIONS:152 - Long rank([arg0[, ...]])
2026-01-07 15:24:48 DEBUG HQL_FUNCTIONS:152 - String repeat(STRING string, INTEGER times)
2026-01-07 15:24:48 DEBUG HQL_FUNCTIONS:152 - String replace(STRING string, STRING pattern, STRING replacement)
2026-01-07 15:24:48 DEBUG HQL_FUNCTIONS:152 - String reverse(STRING arg)
2026-01-07 15:24:48 DEBUG HQL_FUNCTIONS:152 - String right(STRING string, INTEGER length)
2026-01-07 15:24:48 DEBUG HQL_FUNCTIONS:152 - round(NUMERIC number[, INTEGER places])
2026-01-07 15:24:48 DEBUG HQL_FUNCTIONS:152 - Long row_number()
2026-01-07 15:24:48 DEBUG HQL_FUNCTIONS:152 - String rpad(string, length[, padding])
2026-01-07 15:24:48 DEBUG HQL_FUNCTIONS:152 - String rtrim(STRING string[, STRING characters])
2026-01-07 15:24:48 DEBUG HQL_FUNCTIONS:152 - Integer second(TIME arg)
2026-01-07 15:24:48 DEBUG HQL_FUNCTIONS:152 - byte[] sha(arg)
2026-01-07 15:24:48 DEBUG HQL_FUNCTIONS:152 - String sha1(arg)
2026-01-07 15:24:48 DEBUG HQL_FUNCTIONS:152 - String sha2(arg0, arg1)
2026-01-07 15:24:48 DEBUG HQL_FUNCTIONS:152 - Integer sign(NUMERIC arg)
2026-01-07 15:24:48 DEBUG HQL_FUNCTIONS:152 - Double sin(NUMERIC arg)
2026-01-07 15:24:48 DEBUG HQL_FUNCTIONS:152 - Double sinh(NUMERIC arg)
2026-01-07 15:24:48 DEBUG HQL_FUNCTIONS:152 - String soundex(arg)
2026-01-07 15:24:48 DEBUG HQL_FUNCTIONS:152 - String space(INTEGER arg)
2026-01-07 15:24:48 DEBUG HQL_FUNCTIONS:152 - Object sql
2026-01-07 15:24:48 DEBUG HQL_FUNCTIONS:152 - Double sqrt(NUMERIC arg)
2026-01-07 15:24:48 DEBUG HQL_FUNCTIONS:152 - Double stddev(NUMERIC arg)
2026-01-07 15:24:48 DEBUG HQL_FUNCTIONS:152 - Double stddev_pop(NUMERIC arg)
2026-01-07 15:24:48 DEBUG HQL_FUNCTIONS:152 - Double stddev_samp(NUMERIC arg)
2026-01-07 15:24:48 DEBUG HQL_FUNCTIONS:152 - String str(arg)
2026-01-07 15:24:48 DEBUG HQL_FUNCTIONS:152 - subdate(DATE datetime, INTEGER days)
2026-01-07 15:24:48 DEBUG HQL_FUNCTIONS:152 - String substr(STRING string, INTEGER start[, INTEGER length])
2026-01-07 15:24:48 DEBUG HQL_FUNCTIONS:152 - String substring(STRING string{ from|,} INTEGER start[{ for|,} INTEGER length])
2026-01-07 15:24:48 DEBUG HQL_FUNCTIONS:152 - subtime(TIME datetime, TIME time)
2026-01-07 15:24:48 DEBUG HQL_FUNCTIONS:152 - sum(arg)
2026-01-07 15:24:48 DEBUG HQL_FUNCTIONS:152 - Timestamp sysdate()
2026-01-07 15:24:48 DEBUG HQL_FUNCTIONS:152 - Double tan(NUMERIC arg)
2026-01-07 15:24:48 DEBUG HQL_FUNCTIONS:152 - Double tanh(NUMERIC arg)
2026-01-07 15:24:48 DEBUG HQL_FUNCTIONS:152 - String time(arg)
2026-01-07 15:24:48 DEBUG HQL_FUNCTIONS:152 - Timestamp timestamp(arg0[, arg1])
2026-01-07 15:24:48 DEBUG HQL_FUNCTIONS:152 - timestampadd(TEMPORAL_UNIT field, INTEGER magnitude, TEMPORAL datetime)
2026-01-07 15:24:48 DEBUG HQL_FUNCTIONS:152 - Long|Double timestampdiff(TEMPORAL_UNIT field, TEMPORAL start, TEMPORAL end)
2026-01-07 15:24:48 DEBUG HQL_FUNCTIONS:152 - String trim([[{leading|trailing|both} ][STRING arg0 ]from] STRING arg1)
2026-01-07 15:24:48 DEBUG HQL_FUNCTIONS:152 - trunc( ... )
2026-01-07 15:24:48 DEBUG HQL_FUNCTIONS:152 - truncate( ... )
2026-01-07 15:24:48 DEBUG HQL_FUNCTIONS:152 - String upper(STRING string)
2026-01-07 15:24:48 DEBUG HQL_FUNCTIONS:152 - Date utc_date
2026-01-07 15:24:48 DEBUG HQL_FUNCTIONS:152 - Time utc_time
2026-01-07 15:24:48 DEBUG HQL_FUNCTIONS:152 - Timestamp utc_timestamp
2026-01-07 15:24:48 DEBUG HQL_FUNCTIONS:152 - Double var_pop(NUMERIC arg)
2026-01-07 15:24:48 DEBUG HQL_FUNCTIONS:152 - Double var_samp(NUMERIC arg)
2026-01-07 15:24:48 DEBUG HQL_FUNCTIONS:152 - Double variance(NUMERIC arg)
2026-01-07 15:24:48 DEBUG HQL_FUNCTIONS:152 - Integer week(DATE arg)
2026-01-07 15:24:48 DEBUG HQL_FUNCTIONS:152 - Integer year(DATE arg)
2026-01-07 15:24:48 DEBUG cache:49 - Starting QueryInterpretationCache(2048)
2026-01-07 15:24:48 DEBUG ClassLoaderAccessImpl:58 - Not known whether passed class name [com.test.Address] is safe
2026-01-07 15:24:48 DEBUG ClassLoaderAccessImpl:60 - No temp ClassLoader provided; using live ClassLoader for loading potentially unsafe class : com.test.Address
2026-01-07 15:24:48 DEBUG BytecodeProviderImpl:232 - HHH000513: Unable to create the ReflectionOptimizer for [com.test.Address]: private accessor [city]
2026-01-07 15:24:48 DEBUG interceptor:45 - To-one property `com.test.Employee#address` was mapped with LAZY + NO_PROXY but the class was not enhanced
2026-01-07 15:24:48 DEBUG interceptor:45 - To-one property `com.test.Employee#address` was mapped with LAZY + NO_PROXY but the class was not enhanced
2026-01-07 15:24:48 DEBUG ClassLoaderAccessImpl:58 - Not known whether passed class name [com.test.Employee] is safe
2026-01-07 15:24:48 DEBUG ClassLoaderAccessImpl:60 - No temp ClassLoader provided; using live ClassLoader for loading potentially unsafe class : com.test.Employee
2026-01-07 15:24:48 DEBUG BytecodeProviderImpl:232 - HHH000513: Unable to create the ReflectionOptimizer for [com.test.Employee]: private accessor [address]
2026-01-07 15:24:48 DEBUG interceptor:45 - To-one property `com.test.Employee#address` was mapped with LAZY + NO_PROXY but the class was not enhanced
2026-01-07 15:24:48 DEBUG creation:102 - Starting post-init callbacks
2026-01-07 15:24:48 DEBUG creation:252 - Starting PostInitCallbackEntry : Entity(com.test.Address) `staticFetchableList` generator
2026-01-07 15:24:48 DEBUG creation:252 - Starting PostInitCallbackEntry : Entity(com.test.Address) `sqmMultiTableInsertStrategy` interpretation
2026-01-07 15:24:49 DEBUG creation:252 - Starting PostInitCallbackEntry : To-one key - NavigableRole[com.test.Employee.address]
2026-01-07 15:24:49 DEBUG creation:252 - Starting PostInitCallbackEntry : Entity(com.test.Employee) `staticFetchableList` generator
2026-01-07 15:24:49 DEBUG creation:252 - Starting PostInitCallbackEntry : Entity(com.test.Employee) `sqmMultiTableInsertStrategy` interpretation
2026-01-07 15:24:49 DEBUG create:30 - Created new SQL alias : a1_0
2026-01-07 15:24:49 DEBUG create:121 - Registration of TableGroup [StandardTableGroup(com.test.Address)] with identifierForTableGroup [com.test.Address] for NavigablePath [com.test.Address] 
2026-01-07 15:24:49 DEBUG AST:67 - DomainResult Graph:
 \-EntityResultImpl [com.test.Address]
 |  +-BasicFetch [com.test.Address.city]
 |  +-BasicFetch [com.test.Address.country]
 |  \-BasicFetch [com.test.Address.state]

2026-01-07 15:24:49 DEBUG tree:43 - SQL AST Tree:
    SelectStatement {
      FromClause {
        StandardTableGroup (a1 : com.test.Address) {
          primaryTableReference : address as a1_0
        }
      }
    }

2026-01-07 15:24:49 DEBUG AbstractEntityPersister:2673 - Static SQL for entity: com.test.Address
2026-01-07 15:24:49 DEBUG AbstractEntityPersister:2678 -  Version select: select id from address where id=?
2026-01-07 15:24:49 DEBUG AbstractEntityPersister:393 -  Insert (0): insert into address (city,country,state,id) values (?,?,?,?)
2026-01-07 15:24:49 DEBUG AbstractEntityPersister:393 -  Update (0): update address set city=?,country=?,state=? where id=?
2026-01-07 15:24:49 DEBUG AbstractEntityPersister:393 -  Delete (0): delete from address where id=?
2026-01-07 15:24:49 DEBUG create:30 - Created new SQL alias : e1_0
2026-01-07 15:24:49 DEBUG create:121 - Registration of TableGroup [StandardTableGroup(com.test.Employee)] with identifierForTableGroup [com.test.Employee] for NavigablePath [com.test.Employee] 
2026-01-07 15:24:49 DEBUG create:121 - Registration of TableGroup [org.hibernate.sql.ast.tree.from.LazyTableGroup@7d3c22a5] with identifierForTableGroup [com.test.Employee.address] for NavigablePath [com.test.Employee.address] 
2026-01-07 15:24:49 DEBUG create:30 - Created new SQL alias : a1_0
2026-01-07 15:24:49 DEBUG AST:67 - DomainResult Graph:
 \-EntityResultImpl [com.test.Employee]
 |  +-EntityFetchJoinedImpl [com.test.Employee.address]
 |  |  +-BasicFetch [com.test.Employee.address.city]
 |  |  +-BasicFetch [com.test.Employee.address.country]
 |  |  \-BasicFetch [com.test.Employee.address.state]
 |  +-BasicFetch [com.test.Employee.e_company]
 |  \-BasicFetch [com.test.Employee.e_name]

2026-01-07 15:24:49 DEBUG tree:43 - SQL AST Tree:
    SelectStatement {
      FromClause {
        StandardTableGroup (e1 : com.test.Employee) {
          primaryTableReference : employee as e1_0
          TableGroupJoins {
            left  join LazyTableGroup (a1 : com.test.Employee.address) {
              primaryTableReference : address as a1_0
            }
          }
        }
      }
    }

2026-01-07 15:24:49 DEBUG AbstractEntityPersister:2673 - Static SQL for entity: com.test.Employee
2026-01-07 15:24:49 DEBUG AbstractEntityPersister:2678 -  Version select: select id from employee where id=?
2026-01-07 15:24:49 DEBUG AbstractEntityPersister:393 -  Insert (0): insert into employee (address,e_company,e_name,id) values (?,?,?,?)
2026-01-07 15:24:49 DEBUG AbstractEntityPersister:393 -  Update (0): update employee set address=?,e_company=?,e_name=? where id=?
2026-01-07 15:24:49 DEBUG AbstractEntityPersister:393 -  Delete (0): delete from employee where id=?
2026-01-07 15:24:49 DEBUG JtaPlatformInitiator:44 - No JtaPlatform was specified, checking resolver
2026-01-07 15:24:49 DEBUG JtaPlatformResolverInitiator:32 - No JtaPlatformResolver was specified, using default [org.hibernate.engine.transaction.jta.platform.internal.StandardJtaPlatformResolver]
2026-01-07 15:24:49 DEBUG StandardJtaPlatformResolver:100 - Could not resolve JtaPlatform, using default [org.hibernate.engine.transaction.jta.platform.internal.NoJtaPlatform]
2026-01-07 15:24:49 INFO  JtaPlatformInitiator:58 - HHH000489: No JTA platform available (set 'hibernate.transaction.jta.platform' to enable JTA platform integration)
2026-01-07 15:24:49 DEBUG EntityCopyObserverFactoryInitiator:37 - Configured EntityCopyObserver strategy: disallow
2026-01-07 15:24:49 DEBUG SessionFactoryServiceRegistryImpl:103 - EventListenerRegistry access via ServiceRegistry is deprecated.  Use `sessionFactory.getEventEngine().getListenerRegistry()` instead
2026-01-07 15:24:49 DEBUG TypeConfiguration$Scope:209 - Scoping TypeConfiguration [org.hibernate.type.spi.TypeConfiguration@5f2de715] to SessionFactoryImplementor [org.hibernate.internal.SessionFactoryImpl@371cd2fc]
2026-01-07 15:24:49 DEBUG NamedObjectRepository:324 - Checking 0 named HQL queries
2026-01-07 15:24:49 DEBUG NamedObjectRepository:348 - Checking 0 named SQL queries
2026-01-07 15:24:49 DEBUG SQL:130 - 
    alter table employee 
       drop 
       foreign key FK4thuma2ldu3bin38ywwjr4p8a
2026-01-07 15:24:49 INFO  access:50 - HHH10001501: Connection obtained from JdbcConnectionAccess [org.hibernate.engine.jdbc.env.internal.JdbcEnvironmentInitiator$ConnectionProviderJdbcConnectionAccess@ac417a2] for (non-JTA) DDL execution was not in auto-commit mode; the Connection 'local transaction' will be committed and the Connection will be set into auto-commit mode.
2026-01-07 15:24:49 WARN  ExceptionHandlerLoggedImpl:25 - GenerationTarget encountered exception accepting command : Error executing DDL "
    alter table employee 
       drop 
       foreign key FK4thuma2ldu3bin38ywwjr4p8a" via JDBC [Can't DROP 'FK4thuma2ldu3bin38ywwjr4p8a'; check that column/key exists]
org.hibernate.tool.schema.spi.CommandAcceptanceException: Error executing DDL "
    alter table employee 
       drop 
       foreign key FK4thuma2ldu3bin38ywwjr4p8a" via JDBC [Can't DROP 'FK4thuma2ldu3bin38ywwjr4p8a'; check that column/key exists]
	at org.hibernate.tool.schema.internal.exec.GenerationTargetToDatabase.accept(GenerationTargetToDatabase.java:93) ~[hibernate-core-7.0.0.Final.jar:7.0.0.Final]
	at org.hibernate.tool.schema.internal.Helper.applySqlString(Helper.java:221) ~[hibernate-core-7.0.0.Final.jar:7.0.0.Final]
	at org.hibernate.tool.schema.internal.Helper.applySqlStrings(Helper.java:207) ~[hibernate-core-7.0.0.Final.jar:7.0.0.Final]
	at org.hibernate.tool.schema.internal.SchemaDropperImpl.applyConstraintDropping(SchemaDropperImpl.java:479) ~[hibernate-core-7.0.0.Final.jar:7.0.0.Final]
	at org.hibernate.tool.schema.internal.SchemaDropperImpl.dropConstraintsTablesSequences(SchemaDropperImpl.java:244) ~[hibernate-core-7.0.0.Final.jar:7.0.0.Final]
	at org.hibernate.tool.schema.internal.SchemaDropperImpl.dropFromMetadata(SchemaDropperImpl.java:217) ~[hibernate-core-7.0.0.Final.jar:7.0.0.Final]
	at org.hibernate.tool.schema.internal.SchemaDropperImpl.performDrop(SchemaDropperImpl.java:185) ~[hibernate-core-7.0.0.Final.jar:7.0.0.Final]
	at org.hibernate.tool.schema.internal.SchemaDropperImpl.doDrop(SchemaDropperImpl.java:155) ~[hibernate-core-7.0.0.Final.jar:7.0.0.Final]
	at org.hibernate.tool.schema.internal.SchemaDropperImpl.doDrop(SchemaDropperImpl.java:115) ~[hibernate-core-7.0.0.Final.jar:7.0.0.Final]
	at org.hibernate.tool.schema.spi.SchemaManagementToolCoordinator.performDatabaseAction(SchemaManagementToolCoordinator.java:225) ~[hibernate-core-7.0.0.Final.jar:7.0.0.Final]
	at org.hibernate.tool.schema.spi.SchemaManagementToolCoordinator.lambda$process$5(SchemaManagementToolCoordinator.java:142) ~[hibernate-core-7.0.0.Final.jar:7.0.0.Final]
	at java.util.HashMap.forEach(HashMap.java:1429) [?:?]
	at org.hibernate.tool.schema.spi.SchemaManagementToolCoordinator.process(SchemaManagementToolCoordinator.java:139) [hibernate-core-7.0.0.Final.jar:7.0.0.Final]
	at org.hibernate.boot.internal.SessionFactoryObserverForSchemaExport.sessionFactoryCreated(SessionFactoryObserverForSchemaExport.java:35) [hibernate-core-7.0.0.Final.jar:7.0.0.Final]
	at org.hibernate.internal.SessionFactoryObserverChain.sessionFactoryCreated(SessionFactoryObserverChain.java:33) [hibernate-core-7.0.0.Final.jar:7.0.0.Final]
	at org.hibernate.internal.SessionFactoryImpl.<init>(SessionFactoryImpl.java:350) [hibernate-core-7.0.0.Final.jar:7.0.0.Final]
	at org.hibernate.boot.internal.SessionFactoryBuilderImpl.build(SessionFactoryBuilderImpl.java:430) [hibernate-core-7.0.0.Final.jar:7.0.0.Final]
	at org.hibernate.cfg.Configuration.buildSessionFactory(Configuration.java:1089) [hibernate-core-7.0.0.Final.jar:7.0.0.Final]
	at org.hibernate.cfg.Configuration.buildSessionFactory(Configuration.java:1108) [hibernate-core-7.0.0.Final.jar:7.0.0.Final]
	at com.test.TestMappings.main(TestMappings.java:15) [classes/:?]
Caused by: java.sql.SQLSyntaxErrorException: Can't DROP 'FK4thuma2ldu3bin38ywwjr4p8a'; check that column/key exists
	at com.mysql.cj.jdbc.exceptions.SQLError.createSQLException(SQLError.java:121) ~[mysql-connector-j-8.0.33.jar:8.0.33]
	at com.mysql.cj.jdbc.exceptions.SQLExceptionsMapping.translateException(SQLExceptionsMapping.java:122) ~[mysql-connector-j-8.0.33.jar:8.0.33]
	at com.mysql.cj.jdbc.StatementImpl.executeInternal(StatementImpl.java:763) ~[mysql-connector-j-8.0.33.jar:8.0.33]
	at com.mysql.cj.jdbc.StatementImpl.execute(StatementImpl.java:648) ~[mysql-connector-j-8.0.33.jar:8.0.33]
	at org.hibernate.tool.schema.internal.exec.GenerationTargetToDatabase.accept(GenerationTargetToDatabase.java:79) ~[hibernate-core-7.0.0.Final.jar:7.0.0.Final]
	... 19 more
2026-01-07 15:24:49 DEBUG SQL:130 - 
    drop table if exists address
2026-01-07 15:24:49 DEBUG SQL:130 - 
    drop table if exists address_SEQ
2026-01-07 15:24:49 DEBUG SQL:130 - 
    drop table if exists employee
2026-01-07 15:24:49 WARN  ExceptionHandlerLoggedImpl:25 - GenerationTarget encountered exception accepting command : Error executing DDL "
    drop table if exists employee" via JDBC [Cannot drop table 'employee' referenced by a foreign key constraint 'departments_ibfk_1' on table 'departments'.]
org.hibernate.tool.schema.spi.CommandAcceptanceException: Error executing DDL "
    drop table if exists employee" via JDBC [Cannot drop table 'employee' referenced by a foreign key constraint 'departments_ibfk_1' on table 'departments'.]
	at org.hibernate.tool.schema.internal.exec.GenerationTargetToDatabase.accept(GenerationTargetToDatabase.java:93) ~[hibernate-core-7.0.0.Final.jar:7.0.0.Final]
	at org.hibernate.tool.schema.internal.Helper.applySqlString(Helper.java:221) ~[hibernate-core-7.0.0.Final.jar:7.0.0.Final]
	at org.hibernate.tool.schema.internal.Helper.applySqlStrings(Helper.java:207) ~[hibernate-core-7.0.0.Final.jar:7.0.0.Final]
	at org.hibernate.tool.schema.internal.SchemaDropperImpl.dropTables(SchemaDropperImpl.java:383) ~[hibernate-core-7.0.0.Final.jar:7.0.0.Final]
	at org.hibernate.tool.schema.internal.SchemaDropperImpl.dropConstraintsTablesSequences(SchemaDropperImpl.java:255) ~[hibernate-core-7.0.0.Final.jar:7.0.0.Final]
	at org.hibernate.tool.schema.internal.SchemaDropperImpl.dropFromMetadata(SchemaDropperImpl.java:217) ~[hibernate-core-7.0.0.Final.jar:7.0.0.Final]
	at org.hibernate.tool.schema.internal.SchemaDropperImpl.performDrop(SchemaDropperImpl.java:185) ~[hibernate-core-7.0.0.Final.jar:7.0.0.Final]
	at org.hibernate.tool.schema.internal.SchemaDropperImpl.doDrop(SchemaDropperImpl.java:155) ~[hibernate-core-7.0.0.Final.jar:7.0.0.Final]
	at org.hibernate.tool.schema.internal.SchemaDropperImpl.doDrop(SchemaDropperImpl.java:115) ~[hibernate-core-7.0.0.Final.jar:7.0.0.Final]
	at org.hibernate.tool.schema.spi.SchemaManagementToolCoordinator.performDatabaseAction(SchemaManagementToolCoordinator.java:225) ~[hibernate-core-7.0.0.Final.jar:7.0.0.Final]
	at org.hibernate.tool.schema.spi.SchemaManagementToolCoordinator.lambda$process$5(SchemaManagementToolCoordinator.java:142) ~[hibernate-core-7.0.0.Final.jar:7.0.0.Final]
	at java.util.HashMap.forEach(HashMap.java:1429) [?:?]
	at org.hibernate.tool.schema.spi.SchemaManagementToolCoordinator.process(SchemaManagementToolCoordinator.java:139) [hibernate-core-7.0.0.Final.jar:7.0.0.Final]
	at org.hibernate.boot.internal.SessionFactoryObserverForSchemaExport.sessionFactoryCreated(SessionFactoryObserverForSchemaExport.java:35) [hibernate-core-7.0.0.Final.jar:7.0.0.Final]
	at org.hibernate.internal.SessionFactoryObserverChain.sessionFactoryCreated(SessionFactoryObserverChain.java:33) [hibernate-core-7.0.0.Final.jar:7.0.0.Final]
	at org.hibernate.internal.SessionFactoryImpl.<init>(SessionFactoryImpl.java:350) [hibernate-core-7.0.0.Final.jar:7.0.0.Final]
	at org.hibernate.boot.internal.SessionFactoryBuilderImpl.build(SessionFactoryBuilderImpl.java:430) [hibernate-core-7.0.0.Final.jar:7.0.0.Final]
	at org.hibernate.cfg.Configuration.buildSessionFactory(Configuration.java:1089) [hibernate-core-7.0.0.Final.jar:7.0.0.Final]
	at org.hibernate.cfg.Configuration.buildSessionFactory(Configuration.java:1108) [hibernate-core-7.0.0.Final.jar:7.0.0.Final]
	at com.test.TestMappings.main(TestMappings.java:15) [classes/:?]
Caused by: java.sql.SQLException: Cannot drop table 'employee' referenced by a foreign key constraint 'departments_ibfk_1' on table 'departments'.
	at com.mysql.cj.jdbc.exceptions.SQLError.createSQLException(SQLError.java:130) ~[mysql-connector-j-8.0.33.jar:8.0.33]
	at com.mysql.cj.jdbc.exceptions.SQLExceptionsMapping.translateException(SQLExceptionsMapping.java:122) ~[mysql-connector-j-8.0.33.jar:8.0.33]
	at com.mysql.cj.jdbc.StatementImpl.executeInternal(StatementImpl.java:763) ~[mysql-connector-j-8.0.33.jar:8.0.33]
	at com.mysql.cj.jdbc.StatementImpl.execute(StatementImpl.java:648) ~[mysql-connector-j-8.0.33.jar:8.0.33]
	at org.hibernate.tool.schema.internal.exec.GenerationTargetToDatabase.accept(GenerationTargetToDatabase.java:79) ~[hibernate-core-7.0.0.Final.jar:7.0.0.Final]
	... 19 more
2026-01-07 15:24:49 DEBUG SQL:130 - 
    drop table if exists employee_SEQ
2026-01-07 15:24:49 DEBUG SQL:130 - 
    create table address (
        id integer not null,
        city varchar(255),
        country varchar(255),
        state varchar(255),
        primary key (id)
    ) engine=InnoDB
2026-01-07 15:24:49 INFO  access:50 - HHH10001501: Connection obtained from JdbcConnectionAccess [org.hibernate.engine.jdbc.env.internal.JdbcEnvironmentInitiator$ConnectionProviderJdbcConnectionAccess@37cf91d8] for (non-JTA) DDL execution was not in auto-commit mode; the Connection 'local transaction' will be committed and the Connection will be set into auto-commit mode.
2026-01-07 15:24:50 DEBUG SQL:130 - 
    create table address_SEQ (
        next_val bigint
    ) engine=InnoDB
2026-01-07 15:24:51 DEBUG SQL:130 - 
    insert into address_SEQ values ( 1 )
2026-01-07 15:24:51 DEBUG SQL:130 - 
    create table employee (
        address integer,
        id integer not null,
        e_company varchar(255),
        e_name varchar(255),
        primary key (id)
    ) engine=InnoDB
2026-01-07 15:24:51 WARN  ExceptionHandlerLoggedImpl:25 - GenerationTarget encountered exception accepting command : Error executing DDL "
    create table employee (
        address integer,
        id integer not null,
        e_company varchar(255),
        e_name varchar(255),
        primary key (id)
    ) engine=InnoDB" via JDBC [Table 'employee' already exists]
org.hibernate.tool.schema.spi.CommandAcceptanceException: Error executing DDL "
    create table employee (
        address integer,
        id integer not null,
        e_company varchar(255),
        e_name varchar(255),
        primary key (id)
    ) engine=InnoDB" via JDBC [Table 'employee' already exists]
	at org.hibernate.tool.schema.internal.exec.GenerationTargetToDatabase.accept(GenerationTargetToDatabase.java:93) ~[hibernate-core-7.0.0.Final.jar:7.0.0.Final]
	at org.hibernate.tool.schema.internal.Helper.applySqlString(Helper.java:221) ~[hibernate-core-7.0.0.Final.jar:7.0.0.Final]
	at org.hibernate.tool.schema.internal.Helper.applySqlStrings(Helper.java:207) ~[hibernate-core-7.0.0.Final.jar:7.0.0.Final]
	at org.hibernate.tool.schema.internal.SchemaCreatorImpl.createTables(SchemaCreatorImpl.java:417) ~[hibernate-core-7.0.0.Final.jar:7.0.0.Final]
	at org.hibernate.tool.schema.internal.SchemaCreatorImpl.createSequencesTablesConstraints(SchemaCreatorImpl.java:333) ~[hibernate-core-7.0.0.Final.jar:7.0.0.Final]
	at org.hibernate.tool.schema.internal.SchemaCreatorImpl.createFromMetadata(SchemaCreatorImpl.java:228) ~[hibernate-core-7.0.0.Final.jar:7.0.0.Final]
	at org.hibernate.tool.schema.internal.SchemaCreatorImpl.performCreation(SchemaCreatorImpl.java:160) ~[hibernate-core-7.0.0.Final.jar:7.0.0.Final]
	at org.hibernate.tool.schema.internal.SchemaCreatorImpl.doCreation(SchemaCreatorImpl.java:130) ~[hibernate-core-7.0.0.Final.jar:7.0.0.Final]
	at org.hibernate.tool.schema.internal.SchemaCreatorImpl.doCreation(SchemaCreatorImpl.java:106) ~[hibernate-core-7.0.0.Final.jar:7.0.0.Final]
	at org.hibernate.tool.schema.spi.SchemaManagementToolCoordinator.performDatabaseAction(SchemaManagementToolCoordinator.java:237) ~[hibernate-core-7.0.0.Final.jar:7.0.0.Final]
	at org.hibernate.tool.schema.spi.SchemaManagementToolCoordinator.lambda$process$5(SchemaManagementToolCoordinator.java:142) ~[hibernate-core-7.0.0.Final.jar:7.0.0.Final]
	at java.util.HashMap.forEach(HashMap.java:1429) [?:?]
	at org.hibernate.tool.schema.spi.SchemaManagementToolCoordinator.process(SchemaManagementToolCoordinator.java:139) [hibernate-core-7.0.0.Final.jar:7.0.0.Final]
	at org.hibernate.boot.internal.SessionFactoryObserverForSchemaExport.sessionFactoryCreated(SessionFactoryObserverForSchemaExport.java:35) [hibernate-core-7.0.0.Final.jar:7.0.0.Final]
	at org.hibernate.internal.SessionFactoryObserverChain.sessionFactoryCreated(SessionFactoryObserverChain.java:33) [hibernate-core-7.0.0.Final.jar:7.0.0.Final]
	at org.hibernate.internal.SessionFactoryImpl.<init>(SessionFactoryImpl.java:350) [hibernate-core-7.0.0.Final.jar:7.0.0.Final]
	at org.hibernate.boot.internal.SessionFactoryBuilderImpl.build(SessionFactoryBuilderImpl.java:430) [hibernate-core-7.0.0.Final.jar:7.0.0.Final]
	at org.hibernate.cfg.Configuration.buildSessionFactory(Configuration.java:1089) [hibernate-core-7.0.0.Final.jar:7.0.0.Final]
	at org.hibernate.cfg.Configuration.buildSessionFactory(Configuration.java:1108) [hibernate-core-7.0.0.Final.jar:7.0.0.Final]
	at com.test.TestMappings.main(TestMappings.java:15) [classes/:?]
Caused by: java.sql.SQLSyntaxErrorException: Table 'employee' already exists
	at com.mysql.cj.jdbc.exceptions.SQLError.createSQLException(SQLError.java:121) ~[mysql-connector-j-8.0.33.jar:8.0.33]
	at com.mysql.cj.jdbc.exceptions.SQLExceptionsMapping.translateException(SQLExceptionsMapping.java:122) ~[mysql-connector-j-8.0.33.jar:8.0.33]
	at com.mysql.cj.jdbc.StatementImpl.executeInternal(StatementImpl.java:763) ~[mysql-connector-j-8.0.33.jar:8.0.33]
	at com.mysql.cj.jdbc.StatementImpl.execute(StatementImpl.java:648) ~[mysql-connector-j-8.0.33.jar:8.0.33]
	at org.hibernate.tool.schema.internal.exec.GenerationTargetToDatabase.accept(GenerationTargetToDatabase.java:79) ~[hibernate-core-7.0.0.Final.jar:7.0.0.Final]
	... 19 more
2026-01-07 15:24:51 DEBUG SQL:130 - 
    create table employee_SEQ (
        next_val bigint
    ) engine=InnoDB
2026-01-07 15:24:51 DEBUG SQL:130 - 
    insert into employee_SEQ values ( 1 )
2026-01-07 15:24:51 DEBUG SQL:130 - 
    alter table employee 
       add constraint UKga9pb8ju9od45t0c04699uf08 unique (address)
2026-01-07 15:24:51 WARN  ExceptionHandlerLoggedImpl:25 - GenerationTarget encountered exception accepting command : Error executing DDL "
    alter table employee 
       add constraint UKga9pb8ju9od45t0c04699uf08 unique (address)" via JDBC [Key column 'address' doesn't exist in table]
org.hibernate.tool.schema.spi.CommandAcceptanceException: Error executing DDL "
    alter table employee 
       add constraint UKga9pb8ju9od45t0c04699uf08 unique (address)" via JDBC [Key column 'address' doesn't exist in table]
	at org.hibernate.tool.schema.internal.exec.GenerationTargetToDatabase.accept(GenerationTargetToDatabase.java:93) ~[hibernate-core-7.0.0.Final.jar:7.0.0.Final]
	at org.hibernate.tool.schema.internal.Helper.applySqlString(Helper.java:221) ~[hibernate-core-7.0.0.Final.jar:7.0.0.Final]
	at org.hibernate.tool.schema.internal.Helper.applySqlStrings(Helper.java:207) ~[hibernate-core-7.0.0.Final.jar:7.0.0.Final]
	at org.hibernate.tool.schema.internal.SchemaCreatorImpl.createTableConstraints(SchemaCreatorImpl.java:389) ~[hibernate-core-7.0.0.Final.jar:7.0.0.Final]
	at org.hibernate.tool.schema.internal.SchemaCreatorImpl.createSequencesTablesConstraints(SchemaCreatorImpl.java:345) ~[hibernate-core-7.0.0.Final.jar:7.0.0.Final]
	at org.hibernate.tool.schema.internal.SchemaCreatorImpl.createFromMetadata(SchemaCreatorImpl.java:228) ~[hibernate-core-7.0.0.Final.jar:7.0.0.Final]
	at org.hibernate.tool.schema.internal.SchemaCreatorImpl.performCreation(SchemaCreatorImpl.java:160) ~[hibernate-core-7.0.0.Final.jar:7.0.0.Final]
	at org.hibernate.tool.schema.internal.SchemaCreatorImpl.doCreation(SchemaCreatorImpl.java:130) ~[hibernate-core-7.0.0.Final.jar:7.0.0.Final]
	at org.hibernate.tool.schema.internal.SchemaCreatorImpl.doCreation(SchemaCreatorImpl.java:106) ~[hibernate-core-7.0.0.Final.jar:7.0.0.Final]
	at org.hibernate.tool.schema.spi.SchemaManagementToolCoordinator.performDatabaseAction(SchemaManagementToolCoordinator.java:237) ~[hibernate-core-7.0.0.Final.jar:7.0.0.Final]
	at org.hibernate.tool.schema.spi.SchemaManagementToolCoordinator.lambda$process$5(SchemaManagementToolCoordinator.java:142) ~[hibernate-core-7.0.0.Final.jar:7.0.0.Final]
	at java.util.HashMap.forEach(HashMap.java:1429) [?:?]
	at org.hibernate.tool.schema.spi.SchemaManagementToolCoordinator.process(SchemaManagementToolCoordinator.java:139) [hibernate-core-7.0.0.Final.jar:7.0.0.Final]
	at org.hibernate.boot.internal.SessionFactoryObserverForSchemaExport.sessionFactoryCreated(SessionFactoryObserverForSchemaExport.java:35) [hibernate-core-7.0.0.Final.jar:7.0.0.Final]
	at org.hibernate.internal.SessionFactoryObserverChain.sessionFactoryCreated(SessionFactoryObserverChain.java:33) [hibernate-core-7.0.0.Final.jar:7.0.0.Final]
	at org.hibernate.internal.SessionFactoryImpl.<init>(SessionFactoryImpl.java:350) [hibernate-core-7.0.0.Final.jar:7.0.0.Final]
	at org.hibernate.boot.internal.SessionFactoryBuilderImpl.build(SessionFactoryBuilderImpl.java:430) [hibernate-core-7.0.0.Final.jar:7.0.0.Final]
	at org.hibernate.cfg.Configuration.buildSessionFactory(Configuration.java:1089) [hibernate-core-7.0.0.Final.jar:7.0.0.Final]
	at org.hibernate.cfg.Configuration.buildSessionFactory(Configuration.java:1108) [hibernate-core-7.0.0.Final.jar:7.0.0.Final]
	at com.test.TestMappings.main(TestMappings.java:15) [classes/:?]
Caused by: java.sql.SQLSyntaxErrorException: Key column 'address' doesn't exist in table
	at com.mysql.cj.jdbc.exceptions.SQLError.createSQLException(SQLError.java:121) ~[mysql-connector-j-8.0.33.jar:8.0.33]
	at com.mysql.cj.jdbc.exceptions.SQLExceptionsMapping.translateException(SQLExceptionsMapping.java:122) ~[mysql-connector-j-8.0.33.jar:8.0.33]
	at com.mysql.cj.jdbc.StatementImpl.executeInternal(StatementImpl.java:763) ~[mysql-connector-j-8.0.33.jar:8.0.33]
	at com.mysql.cj.jdbc.StatementImpl.execute(StatementImpl.java:648) ~[mysql-connector-j-8.0.33.jar:8.0.33]
	at org.hibernate.tool.schema.internal.exec.GenerationTargetToDatabase.accept(GenerationTargetToDatabase.java:79) ~[hibernate-core-7.0.0.Final.jar:7.0.0.Final]
	... 19 more
2026-01-07 15:24:51 DEBUG SQL:130 - 
    alter table employee 
       add constraint FK4thuma2ldu3bin38ywwjr4p8a 
       foreign key (address) 
       references address (id)
2026-01-07 15:24:51 WARN  ExceptionHandlerLoggedImpl:25 - GenerationTarget encountered exception accepting command : Error executing DDL "
    alter table employee 
       add constraint FK4thuma2ldu3bin38ywwjr4p8a 
       foreign key (address) 
       references address (id)" via JDBC [Key column 'address' doesn't exist in table]
org.hibernate.tool.schema.spi.CommandAcceptanceException: Error executing DDL "
    alter table employee 
       add constraint FK4thuma2ldu3bin38ywwjr4p8a 
       foreign key (address) 
       references address (id)" via JDBC [Key column 'address' doesn't exist in table]
	at org.hibernate.tool.schema.internal.exec.GenerationTargetToDatabase.accept(GenerationTargetToDatabase.java:93) ~[hibernate-core-7.0.0.Final.jar:7.0.0.Final]
	at org.hibernate.tool.schema.internal.Helper.applySqlString(Helper.java:221) ~[hibernate-core-7.0.0.Final.jar:7.0.0.Final]
	at org.hibernate.tool.schema.internal.Helper.applySqlStrings(Helper.java:207) ~[hibernate-core-7.0.0.Final.jar:7.0.0.Final]
	at org.hibernate.tool.schema.internal.SchemaCreatorImpl.createForeignKeys(SchemaCreatorImpl.java:294) ~[hibernate-core-7.0.0.Final.jar:7.0.0.Final]
	at org.hibernate.tool.schema.internal.SchemaCreatorImpl.createFromMetadata(SchemaCreatorImpl.java:240) ~[hibernate-core-7.0.0.Final.jar:7.0.0.Final]
	at org.hibernate.tool.schema.internal.SchemaCreatorImpl.performCreation(SchemaCreatorImpl.java:160) ~[hibernate-core-7.0.0.Final.jar:7.0.0.Final]
	at org.hibernate.tool.schema.internal.SchemaCreatorImpl.doCreation(SchemaCreatorImpl.java:130) ~[hibernate-core-7.0.0.Final.jar:7.0.0.Final]
	at org.hibernate.tool.schema.internal.SchemaCreatorImpl.doCreation(SchemaCreatorImpl.java:106) ~[hibernate-core-7.0.0.Final.jar:7.0.0.Final]
	at org.hibernate.tool.schema.spi.SchemaManagementToolCoordinator.performDatabaseAction(SchemaManagementToolCoordinator.java:237) ~[hibernate-core-7.0.0.Final.jar:7.0.0.Final]
	at org.hibernate.tool.schema.spi.SchemaManagementToolCoordinator.lambda$process$5(SchemaManagementToolCoordinator.java:142) ~[hibernate-core-7.0.0.Final.jar:7.0.0.Final]
	at java.util.HashMap.forEach(HashMap.java:1429) [?:?]
	at org.hibernate.tool.schema.spi.SchemaManagementToolCoordinator.process(SchemaManagementToolCoordinator.java:139) [hibernate-core-7.0.0.Final.jar:7.0.0.Final]
	at org.hibernate.boot.internal.SessionFactoryObserverForSchemaExport.sessionFactoryCreated(SessionFactoryObserverForSchemaExport.java:35) [hibernate-core-7.0.0.Final.jar:7.0.0.Final]
	at org.hibernate.internal.SessionFactoryObserverChain.sessionFactoryCreated(SessionFactoryObserverChain.java:33) [hibernate-core-7.0.0.Final.jar:7.0.0.Final]
	at org.hibernate.internal.SessionFactoryImpl.<init>(SessionFactoryImpl.java:350) [hibernate-core-7.0.0.Final.jar:7.0.0.Final]
	at org.hibernate.boot.internal.SessionFactoryBuilderImpl.build(SessionFactoryBuilderImpl.java:430) [hibernate-core-7.0.0.Final.jar:7.0.0.Final]
	at org.hibernate.cfg.Configuration.buildSessionFactory(Configuration.java:1089) [hibernate-core-7.0.0.Final.jar:7.0.0.Final]
	at org.hibernate.cfg.Configuration.buildSessionFactory(Configuration.java:1108) [hibernate-core-7.0.0.Final.jar:7.0.0.Final]
	at com.test.TestMappings.main(TestMappings.java:15) [classes/:?]
Caused by: java.sql.SQLSyntaxErrorException: Key column 'address' doesn't exist in table
	at com.mysql.cj.jdbc.exceptions.SQLError.createSQLException(SQLError.java:121) ~[mysql-connector-j-8.0.33.jar:8.0.33]
	at com.mysql.cj.jdbc.exceptions.SQLExceptionsMapping.translateException(SQLExceptionsMapping.java:122) ~[mysql-connector-j-8.0.33.jar:8.0.33]
	at com.mysql.cj.jdbc.StatementImpl.executeInternal(StatementImpl.java:763) ~[mysql-connector-j-8.0.33.jar:8.0.33]
	at com.mysql.cj.jdbc.StatementImpl.execute(StatementImpl.java:648) ~[mysql-connector-j-8.0.33.jar:8.0.33]
	at org.hibernate.tool.schema.internal.exec.GenerationTargetToDatabase.accept(GenerationTargetToDatabase.java:79) ~[hibernate-core-7.0.0.Final.jar:7.0.0.Final]
	... 18 more
2026-01-07 15:24:51 DEBUG factoryRegistry:51 - Initializing SessionFactoryRegistry : org.hibernate.internal.SessionFactoryRegistry@1f3c5308
2026-01-07 15:24:51 DEBUG factoryRegistry:73 - HHH020384: Registering SessionFactory: 972b3d49-9fb9-4d9b-af57-5f79ad131f13 (<unnamed>)
2026-01-07 15:24:51 DEBUG factoryRegistry:80 - HHH020385: Not binding SessionFactory to JNDI, no JNDI name configured
2026-01-07 15:24:51 DEBUG SessionFactoryImpl:364 - Instantiated factory
2026-01-07 15:24:51 DEBUG StatisticsInitiator:47 - Statistics initialized [enabled=false]
2026-01-07 15:24:51 DEBUG TransactionImpl:75 - begin transaction
2026-01-07 15:24:51 DEBUG SQL:130 - 
    select
        next_val as id_val 
    from
        address_SEQ 
    for
        update
2026-01-07 15:24:51 DEBUG SQL:130 - 
    update
        address_SEQ 
    set
        next_val= ? 
    where
        next_val=?
2026-01-07 15:24:51 DEBUG AbstractSaveEventListener:163 - Generated identifier [1] using generator 'org.hibernate.id.enhanced.SequenceStyleGenerator'
2026-01-07 15:24:51 DEBUG SQL:130 - 
    select
        next_val as id_val 
    from
        employee_SEQ 
    for
        update
2026-01-07 15:24:51 DEBUG SQL:130 - 
    update
        employee_SEQ 
    set
        next_val= ? 
    where
        next_val=?
2026-01-07 15:24:51 DEBUG AbstractSaveEventListener:163 - Generated identifier [1] using generator 'org.hibernate.id.enhanced.SequenceStyleGenerator'
2026-01-07 15:24:51 DEBUG TransactionImpl:88 - committing transaction
2026-01-07 15:24:51 DEBUG AbstractFlushingEventListener:130 - Processing flush-time cascades
2026-01-07 15:24:51 DEBUG AbstractFlushingEventListener:188 - Dirty checking collections
2026-01-07 15:24:51 DEBUG AbstractFlushingEventListener:105 - Flushed: 2 insertions, 0 updates, 0 deletions to 2 objects
2026-01-07 15:24:51 DEBUG AbstractFlushingEventListener:112 - Flushed: 0 (re)creations, 0 updates, 0 removals to 0 collections
2026-01-07 15:24:51 DEBUG EntityPrinter:102 - Listing entities:
2026-01-07 15:24:51 DEBUG EntityPrinter:113 - com.test.Employee{e_name=Arjun, address=com.test.Address#1, e_company=Mphasis, id=1}
2026-01-07 15:24:51 DEBUG EntityPrinter:113 - com.test.Address{country=India, city=Banglore, id=1, state=KA}
2026-01-07 15:24:51 DEBUG SQL:130 - 
    insert 
    into
        address
        (city, country, state, id) 
    values
        (?, ?, ?, ?)
2026-01-07 15:24:51 DEBUG SQL:130 - 
    insert 
    into
        employee
        (address, e_company, e_name, id) 
    values
        (?, ?, ?, ?)
2026-01-07 15:24:51 WARN  error:143 - HHH000247: ErrorCode: 1054, SQLState: 42S22
2026-01-07 15:24:51 WARN  error:144 - Unknown column 'address' in 'field list'
2026-01-07 15:24:51 DEBUG error:150 - could not execute statement [insert into employee (address,e_company,e_name,id) values (?,?,?,?)]
java.sql.SQLSyntaxErrorException: Unknown column 'address' in 'field list'
	at com.mysql.cj.jdbc.exceptions.SQLError.createSQLException(SQLError.java:121) ~[mysql-connector-j-8.0.33.jar:8.0.33]
	at com.mysql.cj.jdbc.exceptions.SQLExceptionsMapping.translateException(SQLExceptionsMapping.java:122) ~[mysql-connector-j-8.0.33.jar:8.0.33]
	at com.mysql.cj.jdbc.ClientPreparedStatement.executeInternal(ClientPreparedStatement.java:916) ~[mysql-connector-j-8.0.33.jar:8.0.33]
	at com.mysql.cj.jdbc.ClientPreparedStatement.executeUpdateInternal(ClientPreparedStatement.java:1061) ~[mysql-connector-j-8.0.33.jar:8.0.33]
	at com.mysql.cj.jdbc.ClientPreparedStatement.executeUpdateInternal(ClientPreparedStatement.java:1009) ~[mysql-connector-j-8.0.33.jar:8.0.33]
	at com.mysql.cj.jdbc.ClientPreparedStatement.executeLargeUpdate(ClientPreparedStatement.java:1320) ~[mysql-connector-j-8.0.33.jar:8.0.33]
	at com.mysql.cj.jdbc.ClientPreparedStatement.executeUpdate(ClientPreparedStatement.java:994) ~[mysql-connector-j-8.0.33.jar:8.0.33]
	at org.hibernate.engine.jdbc.internal.ResultSetReturnImpl.executeUpdate(ResultSetReturnImpl.java:190) ~[hibernate-core-7.0.0.Final.jar:7.0.0.Final]
	at org.hibernate.engine.jdbc.mutation.internal.AbstractMutationExecutor.performNonBatchedMutation(AbstractMutationExecutor.java:148) ~[hibernate-core-7.0.0.Final.jar:7.0.0.Final]
	at org.hibernate.engine.jdbc.mutation.internal.MutationExecutorSingleNonBatched.performNonBatchedOperations(MutationExecutorSingleNonBatched.java:53) ~[hibernate-core-7.0.0.Final.jar:7.0.0.Final]
	at org.hibernate.engine.jdbc.mutation.internal.AbstractMutationExecutor.execute(AbstractMutationExecutor.java:66) ~[hibernate-core-7.0.0.Final.jar:7.0.0.Final]
	at org.hibernate.engine.jdbc.mutation.internal.AbstractMutationExecutor.execute(AbstractMutationExecutor.java:55) ~[hibernate-core-7.0.0.Final.jar:7.0.0.Final]
	at org.hibernate.persister.entity.mutation.InsertCoordinatorStandard.doStaticInserts(InsertCoordinatorStandard.java:191) ~[hibernate-core-7.0.0.Final.jar:7.0.0.Final]
	at org.hibernate.persister.entity.mutation.InsertCoordinatorStandard.coordinateInsert(InsertCoordinatorStandard.java:129) ~[hibernate-core-7.0.0.Final.jar:7.0.0.Final]
	at org.hibernate.persister.entity.mutation.InsertCoordinatorStandard.insert(InsertCoordinatorStandard.java:101) ~[hibernate-core-7.0.0.Final.jar:7.0.0.Final]
	at org.hibernate.action.internal.EntityInsertAction.execute(EntityInsertAction.java:113) ~[hibernate-core-7.0.0.Final.jar:7.0.0.Final]
	at org.hibernate.engine.spi.ActionQueue.executeActions(ActionQueue.java:642) ~[hibernate-core-7.0.0.Final.jar:7.0.0.Final]
	at org.hibernate.engine.spi.ActionQueue.executeActions(ActionQueue.java:508) ~[hibernate-core-7.0.0.Final.jar:7.0.0.Final]
	at org.hibernate.event.internal.AbstractFlushingEventListener.performExecutions(AbstractFlushingEventListener.java:372) ~[hibernate-core-7.0.0.Final.jar:7.0.0.Final]
	at org.hibernate.event.internal.DefaultFlushEventListener.onFlush(DefaultFlushEventListener.java:39) ~[hibernate-core-7.0.0.Final.jar:7.0.0.Final]
	at org.hibernate.event.service.internal.EventListenerGroupImpl.fireEventOnEachListener(EventListenerGroupImpl.java:140) [hibernate-core-7.0.0.Final.jar:7.0.0.Final]
	at org.hibernate.internal.SessionImpl.doFlush(SessionImpl.java:1448) [hibernate-core-7.0.0.Final.jar:7.0.0.Final]
	at org.hibernate.internal.SessionImpl.managedFlush(SessionImpl.java:490) [hibernate-core-7.0.0.Final.jar:7.0.0.Final]
	at org.hibernate.internal.SessionImpl.flushBeforeTransactionCompletion(SessionImpl.java:2351) [hibernate-core-7.0.0.Final.jar:7.0.0.Final]
	at org.hibernate.internal.SessionImpl.beforeTransactionCompletion(SessionImpl.java:2020) [hibernate-core-7.0.0.Final.jar:7.0.0.Final]
	at org.hibernate.engine.jdbc.internal.JdbcCoordinatorImpl.beforeTransactionCompletion(JdbcCoordinatorImpl.java:379) [hibernate-core-7.0.0.Final.jar:7.0.0.Final]
	at org.hibernate.resource.transaction.backend.jdbc.internal.JdbcResourceLocalTransactionCoordinatorImpl.beforeCompletionCallback(JdbcResourceLocalTransactionCoordinatorImpl.java:167) [hibernate-core-7.0.0.Final.jar:7.0.0.Final]
	at org.hibernate.resource.transaction.backend.jdbc.internal.JdbcResourceLocalTransactionCoordinatorImpl$TransactionDriverControlImpl.commitNoRollbackOnly(JdbcResourceLocalTransactionCoordinatorImpl.java:249) [hibernate-core-7.0.0.Final.jar:7.0.0.Final]
	at org.hibernate.resource.transaction.backend.jdbc.internal.JdbcResourceLocalTransactionCoordinatorImpl$TransactionDriverControlImpl.commit(JdbcResourceLocalTransactionCoordinatorImpl.java:243) [hibernate-core-7.0.0.Final.jar:7.0.0.Final]
	at org.hibernate.engine.transaction.internal.TransactionImpl.commit(TransactionImpl.java:90) [hibernate-core-7.0.0.Final.jar:7.0.0.Final]
	at com.test.TestMappings.main(TestMappings.java:34) [classes/:?]
2026-01-07 15:24:51 DEBUG JdbcResourceLocalTransactionCoordinatorImpl:304 - JDBC transaction marked for rollback only (exception provided for stack trace)
java.lang.Exception: exception just for purpose of providing stack trace
	at org.hibernate.resource.transaction.backend.jdbc.internal.JdbcResourceLocalTransactionCoordinatorImpl$TransactionDriverControlImpl.markRollbackOnly(JdbcResourceLocalTransactionCoordinatorImpl.java:304) [hibernate-core-7.0.0.Final.jar:7.0.0.Final]
	at org.hibernate.engine.transaction.internal.TransactionImpl.markRollbackOnly(TransactionImpl.java:183) [hibernate-core-7.0.0.Final.jar:7.0.0.Final]
	at org.hibernate.internal.AbstractSharedSessionContract.markForRollbackOnly(AbstractSharedSessionContract.java:537) [hibernate-core-7.0.0.Final.jar:7.0.0.Final]
	at org.hibernate.internal.ExceptionConverterImpl.rollbackIfNecessary(ExceptionConverterImpl.java:234) [hibernate-core-7.0.0.Final.jar:7.0.0.Final]
	at org.hibernate.internal.ExceptionConverterImpl.convert(ExceptionConverterImpl.java:148) [hibernate-core-7.0.0.Final.jar:7.0.0.Final]
	at org.hibernate.internal.ExceptionConverterImpl.convert(ExceptionConverterImpl.java:155) [hibernate-core-7.0.0.Final.jar:7.0.0.Final]
	at org.hibernate.internal.ExceptionConverterImpl.convert(ExceptionConverterImpl.java:161) [hibernate-core-7.0.0.Final.jar:7.0.0.Final]
	at org.hibernate.internal.SessionImpl.doFlush(SessionImpl.java:1452) [hibernate-core-7.0.0.Final.jar:7.0.0.Final]
	at org.hibernate.internal.SessionImpl.managedFlush(SessionImpl.java:490) [hibernate-core-7.0.0.Final.jar:7.0.0.Final]
	at org.hibernate.internal.SessionImpl.flushBeforeTransactionCompletion(SessionImpl.java:2351) [hibernate-core-7.0.0.Final.jar:7.0.0.Final]
	at org.hibernate.internal.SessionImpl.beforeTransactionCompletion(SessionImpl.java:2020) [hibernate-core-7.0.0.Final.jar:7.0.0.Final]
	at org.hibernate.engine.jdbc.internal.JdbcCoordinatorImpl.beforeTransactionCompletion(JdbcCoordinatorImpl.java:379) [hibernate-core-7.0.0.Final.jar:7.0.0.Final]
	at org.hibernate.resource.transaction.backend.jdbc.internal.JdbcResourceLocalTransactionCoordinatorImpl.beforeCompletionCallback(JdbcResourceLocalTransactionCoordinatorImpl.java:167) [hibernate-core-7.0.0.Final.jar:7.0.0.Final]
	at org.hibernate.resource.transaction.backend.jdbc.internal.JdbcResourceLocalTransactionCoordinatorImpl$TransactionDriverControlImpl.commitNoRollbackOnly(JdbcResourceLocalTransactionCoordinatorImpl.java:249) [hibernate-core-7.0.0.Final.jar:7.0.0.Final]
	at org.hibernate.resource.transaction.backend.jdbc.internal.JdbcResourceLocalTransactionCoordinatorImpl$TransactionDriverControlImpl.commit(JdbcResourceLocalTransactionCoordinatorImpl.java:243) [hibernate-core-7.0.0.Final.jar:7.0.0.Final]
	at org.hibernate.engine.transaction.internal.TransactionImpl.commit(TransactionImpl.java:90) [hibernate-core-7.0.0.Final.jar:7.0.0.Final]
	at com.test.TestMappings.main(TestMappings.java:34) [classes/:?]
2026-01-07 15:24:51 DEBUG JdbcResourceLocalTransactionCoordinatorImpl:304 - JDBC transaction marked for rollback only (exception provided for stack trace)
java.lang.Exception: exception just for purpose of providing stack trace
	at org.hibernate.resource.transaction.backend.jdbc.internal.JdbcResourceLocalTransactionCoordinatorImpl$TransactionDriverControlImpl.markRollbackOnly(JdbcResourceLocalTransactionCoordinatorImpl.java:304) [hibernate-core-7.0.0.Final.jar:7.0.0.Final]
	at org.hibernate.resource.transaction.backend.jdbc.internal.JdbcResourceLocalTransactionCoordinatorImpl.beforeCompletionCallback(JdbcResourceLocalTransactionCoordinatorImpl.java:176) [hibernate-core-7.0.0.Final.jar:7.0.0.Final]
	at org.hibernate.resource.transaction.backend.jdbc.internal.JdbcResourceLocalTransactionCoordinatorImpl$TransactionDriverControlImpl.commitNoRollbackOnly(JdbcResourceLocalTransactionCoordinatorImpl.java:249) [hibernate-core-7.0.0.Final.jar:7.0.0.Final]
	at org.hibernate.resource.transaction.backend.jdbc.internal.JdbcResourceLocalTransactionCoordinatorImpl$TransactionDriverControlImpl.commit(JdbcResourceLocalTransactionCoordinatorImpl.java:243) [hibernate-core-7.0.0.Final.jar:7.0.0.Final]
	at org.hibernate.engine.transaction.internal.TransactionImpl.commit(TransactionImpl.java:90) [hibernate-core-7.0.0.Final.jar:7.0.0.Final]
	at com.test.TestMappings.main(TestMappings.java:34) [classes/:?]
2026-01-07 15:24:51 DEBUG JdbcEventHandler:127 - Aborting batches as part of ResourceRegistryStandardImpl#releaseResources
2026-01-07 15:24:51 DEBUG LogicalConnectionManagedImpl:182 - Initiating JDBC connection release from afterTransaction
2026-01-07 15:24:51 DEBUG JdbcEventHandler:127 - Aborting batches as part of ResourceRegistryStandardImpl#releaseResources
2026-01-07 15:24:51 DEBUG JdbcEventHandler:127 - Aborting batches as part of ResourceRegistryStandardImpl#releaseResources
2026-01-07 15:24:51 DEBUG LogicalConnectionManagedImpl:182 - Initiating JDBC connection release from afterTransaction
2026-01-07 15:26:04 DEBUG IntegratorServiceImpl:49 - Adding Integrator [org.hibernate.boot.beanvalidation.BeanValidationIntegrator].
2026-01-07 15:26:04 DEBUG IntegratorServiceImpl:49 - Adding Integrator [org.hibernate.cache.internal.CollectionCacheInvalidator].
2026-01-07 15:26:04 INFO  Version:45 - HHH000412: Hibernate ORM core version 7.0.0.Final
2026-01-07 15:26:04 DEBUG Environment:162 - HHH000206: 'hibernate.properties' not found
2026-01-07 15:26:04 DEBUG LocalXmlResourceResolver:87 - Checking public/system identifiers `-//Hibernate/Hibernate Configuration DTD 3.0//EN`/`http://www.hibernate.org/dtd/hibernate-configuration-3.0.dtd` as DTD references
2026-01-07 15:26:04 DEBUG JaxbCfgProcessor:113 - cfg.xml document did not define namespaces; wrapping in custom event reader to introduce namespace information
2026-01-07 15:26:04 DEBUG Configuration:1104 - Building session factory using internal StandardServiceRegistryBuilder
2026-01-07 15:26:04 DEBUG Configuration:1005 - Building session factory using provided StandardServiceRegistry
2026-01-07 15:26:04 DEBUG RegionFactoryInitiator:117 - Cannot default RegionFactory based on registered strategies as `[]` RegionFactory strategies were registered
2026-01-07 15:26:04 DEBUG RegionFactoryInitiator:47 - HHH000026: Second-level cache disabled
2026-01-07 15:26:04 DEBUG BasicTypeRegistry:423 - Adding type registration boolean -> org.hibernate.type.BasicTypeReference@16afbd92
2026-01-07 15:26:04 DEBUG BasicTypeRegistry:423 - Adding type registration boolean -> org.hibernate.type.BasicTypeReference@16afbd92
2026-01-07 15:26:04 DEBUG BasicTypeRegistry:423 - Adding type registration java.lang.Boolean -> org.hibernate.type.BasicTypeReference@16afbd92
2026-01-07 15:26:04 DEBUG BasicTypeRegistry:423 - Adding type registration numeric_boolean -> org.hibernate.type.BasicTypeReference@2c5d601e
2026-01-07 15:26:04 DEBUG BasicTypeRegistry:423 - Adding type registration org.hibernate.type.NumericBooleanConverter -> org.hibernate.type.BasicTypeReference@2c5d601e
2026-01-07 15:26:04 DEBUG BasicTypeRegistry:423 - Adding type registration true_false -> org.hibernate.type.BasicTypeReference@7fe083b1
2026-01-07 15:26:04 DEBUG BasicTypeRegistry:423 - Adding type registration org.hibernate.type.TrueFalseConverter -> org.hibernate.type.BasicTypeReference@7fe083b1
2026-01-07 15:26:04 DEBUG BasicTypeRegistry:423 - Adding type registration yes_no -> org.hibernate.type.BasicTypeReference@23c388c2
2026-01-07 15:26:04 DEBUG BasicTypeRegistry:423 - Adding type registration org.hibernate.type.YesNoConverter -> org.hibernate.type.BasicTypeReference@23c388c2
2026-01-07 15:26:04 DEBUG BasicTypeRegistry:423 - Adding type registration byte -> org.hibernate.type.BasicTypeReference@486be205
2026-01-07 15:26:04 DEBUG BasicTypeRegistry:423 - Adding type registration byte -> org.hibernate.type.BasicTypeReference@486be205
2026-01-07 15:26:04 DEBUG BasicTypeRegistry:423 - Adding type registration java.lang.Byte -> org.hibernate.type.BasicTypeReference@486be205
2026-01-07 15:26:04 DEBUG BasicTypeRegistry:423 - Adding type registration binary -> org.hibernate.type.BasicTypeReference@f713686
2026-01-07 15:26:04 DEBUG BasicTypeRegistry:423 - Adding type registration byte[] -> org.hibernate.type.BasicTypeReference@f713686
2026-01-07 15:26:04 DEBUG BasicTypeRegistry:423 - Adding type registration [B -> org.hibernate.type.BasicTypeReference@f713686
2026-01-07 15:26:04 DEBUG BasicTypeRegistry:423 - Adding type registration binary_wrapper -> org.hibernate.type.BasicTypeReference@74f7d1d2
2026-01-07 15:26:04 DEBUG BasicTypeRegistry:423 - Adding type registration wrapper-binary -> org.hibernate.type.BasicTypeReference@74f7d1d2
2026-01-07 15:26:04 DEBUG BasicTypeRegistry:423 - Adding type registration image -> org.hibernate.type.BasicTypeReference@4b4dd216
2026-01-07 15:26:04 DEBUG BasicTypeRegistry:423 - Adding type registration blob -> org.hibernate.type.BasicTypeReference@5ca17ab0
2026-01-07 15:26:04 DEBUG BasicTypeRegistry:423 - Adding type registration java.sql.Blob -> org.hibernate.type.BasicTypeReference@5ca17ab0
2026-01-07 15:26:04 DEBUG BasicTypeRegistry:423 - Adding type registration materialized_blob -> org.hibernate.type.BasicTypeReference@5a62b2a4
2026-01-07 15:26:04 DEBUG BasicTypeRegistry:423 - Adding type registration materialized_blob_wrapper -> org.hibernate.type.BasicTypeReference@1051817b
2026-01-07 15:26:04 DEBUG BasicTypeRegistry:423 - Adding type registration short -> org.hibernate.type.BasicTypeReference@35293c05
2026-01-07 15:26:04 DEBUG BasicTypeRegistry:423 - Adding type registration short -> org.hibernate.type.BasicTypeReference@35293c05
2026-01-07 15:26:04 DEBUG BasicTypeRegistry:423 - Adding type registration java.lang.Short -> org.hibernate.type.BasicTypeReference@35293c05
2026-01-07 15:26:04 DEBUG BasicTypeRegistry:423 - Adding type registration integer -> org.hibernate.type.BasicTypeReference@620aa4ea
2026-01-07 15:26:04 DEBUG BasicTypeRegistry:423 - Adding type registration int -> org.hibernate.type.BasicTypeReference@620aa4ea
2026-01-07 15:26:04 DEBUG BasicTypeRegistry:423 - Adding type registration java.lang.Integer -> org.hibernate.type.BasicTypeReference@620aa4ea
2026-01-07 15:26:04 DEBUG BasicTypeRegistry:423 - Adding type registration long -> org.hibernate.type.BasicTypeReference@2db2dd9d
2026-01-07 15:26:04 DEBUG BasicTypeRegistry:423 - Adding type registration long -> org.hibernate.type.BasicTypeReference@2db2dd9d
2026-01-07 15:26:04 DEBUG BasicTypeRegistry:423 - Adding type registration java.lang.Long -> org.hibernate.type.BasicTypeReference@2db2dd9d
2026-01-07 15:26:04 DEBUG BasicTypeRegistry:423 - Adding type registration float -> org.hibernate.type.BasicTypeReference@3174cb09
2026-01-07 15:26:04 DEBUG BasicTypeRegistry:423 - Adding type registration float -> org.hibernate.type.BasicTypeReference@3174cb09
2026-01-07 15:26:04 DEBUG BasicTypeRegistry:423 - Adding type registration java.lang.Float -> org.hibernate.type.BasicTypeReference@3174cb09
2026-01-07 15:26:04 DEBUG BasicTypeRegistry:423 - Adding type registration double -> org.hibernate.type.BasicTypeReference@4d411036
2026-01-07 15:26:04 DEBUG BasicTypeRegistry:423 - Adding type registration double -> org.hibernate.type.BasicTypeReference@4d411036
2026-01-07 15:26:04 DEBUG BasicTypeRegistry:423 - Adding type registration java.lang.Double -> org.hibernate.type.BasicTypeReference@4d411036
2026-01-07 15:26:04 DEBUG BasicTypeRegistry:423 - Adding type registration big_integer -> org.hibernate.type.BasicTypeReference@7adbd080
2026-01-07 15:26:04 DEBUG BasicTypeRegistry:423 - Adding type registration java.math.BigInteger -> org.hibernate.type.BasicTypeReference@7adbd080
2026-01-07 15:26:04 DEBUG BasicTypeRegistry:423 - Adding type registration big_decimal -> org.hibernate.type.BasicTypeReference@41beb473
2026-01-07 15:26:04 DEBUG BasicTypeRegistry:423 - Adding type registration java.math.BigDecimal -> org.hibernate.type.BasicTypeReference@41beb473
2026-01-07 15:26:04 DEBUG BasicTypeRegistry:423 - Adding type registration character -> org.hibernate.type.BasicTypeReference@560513ce
2026-01-07 15:26:04 DEBUG BasicTypeRegistry:423 - Adding type registration char -> org.hibernate.type.BasicTypeReference@560513ce
2026-01-07 15:26:04 DEBUG BasicTypeRegistry:423 - Adding type registration java.lang.Character -> org.hibernate.type.BasicTypeReference@560513ce
2026-01-07 15:26:04 DEBUG BasicTypeRegistry:423 - Adding type registration character_nchar -> org.hibernate.type.BasicTypeReference@13006998
2026-01-07 15:26:04 DEBUG BasicTypeRegistry:423 - Adding type registration string -> org.hibernate.type.BasicTypeReference@37fbe4a8
2026-01-07 15:26:04 DEBUG BasicTypeRegistry:423 - Adding type registration java.lang.String -> org.hibernate.type.BasicTypeReference@37fbe4a8
2026-01-07 15:26:04 DEBUG BasicTypeRegistry:423 - Adding type registration nstring -> org.hibernate.type.BasicTypeReference@352c308
2026-01-07 15:26:04 DEBUG BasicTypeRegistry:423 - Adding type registration characters -> org.hibernate.type.BasicTypeReference@7d373bcf
2026-01-07 15:26:04 DEBUG BasicTypeRegistry:423 - Adding type registration char[] -> org.hibernate.type.BasicTypeReference@7d373bcf
2026-01-07 15:26:04 DEBUG BasicTypeRegistry:423 - Adding type registration [C -> org.hibernate.type.BasicTypeReference@7d373bcf
2026-01-07 15:26:04 DEBUG BasicTypeRegistry:423 - Adding type registration wrapper-characters -> org.hibernate.type.BasicTypeReference@6d6bc158
2026-01-07 15:26:04 DEBUG BasicTypeRegistry:423 - Adding type registration text -> org.hibernate.type.BasicTypeReference@5dda6f9
2026-01-07 15:26:04 DEBUG BasicTypeRegistry:423 - Adding type registration ntext -> org.hibernate.type.BasicTypeReference@10027fc9
2026-01-07 15:26:04 DEBUG BasicTypeRegistry:423 - Adding type registration clob -> org.hibernate.type.BasicTypeReference@54afd745
2026-01-07 15:26:04 DEBUG BasicTypeRegistry:423 - Adding type registration java.sql.Clob -> org.hibernate.type.BasicTypeReference@54afd745
2026-01-07 15:26:04 DEBUG BasicTypeRegistry:423 - Adding type registration nclob -> org.hibernate.type.BasicTypeReference@677dbd89
2026-01-07 15:26:04 DEBUG BasicTypeRegistry:423 - Adding type registration java.sql.NClob -> org.hibernate.type.BasicTypeReference@677dbd89
2026-01-07 15:26:04 DEBUG BasicTypeRegistry:423 - Adding type registration materialized_clob -> org.hibernate.type.BasicTypeReference@fff25f1
2026-01-07 15:26:04 DEBUG BasicTypeRegistry:423 - Adding type registration materialized_clob_char_array -> org.hibernate.type.BasicTypeReference@c00fff0
2026-01-07 15:26:04 DEBUG BasicTypeRegistry:423 - Adding type registration materialized_clob_character_array -> org.hibernate.type.BasicTypeReference@263f04ca
2026-01-07 15:26:04 DEBUG BasicTypeRegistry:423 - Adding type registration materialized_nclob -> org.hibernate.type.BasicTypeReference@2ca47471
2026-01-07 15:26:04 DEBUG BasicTypeRegistry:423 - Adding type registration materialized_nclob_character_array -> org.hibernate.type.BasicTypeReference@5a021cb9
2026-01-07 15:26:04 DEBUG BasicTypeRegistry:423 - Adding type registration materialized_nclob_char_array -> org.hibernate.type.BasicTypeReference@51768776
2026-01-07 15:26:04 DEBUG BasicTypeRegistry:423 - Adding type registration Duration -> org.hibernate.type.BasicTypeReference@f31c0c6
2026-01-07 15:26:04 DEBUG BasicTypeRegistry:423 - Adding type registration java.time.Duration -> org.hibernate.type.BasicTypeReference@f31c0c6
2026-01-07 15:26:04 DEBUG BasicTypeRegistry:423 - Adding type registration LocalDateTime -> org.hibernate.type.BasicTypeReference@b93aad
2026-01-07 15:26:04 DEBUG BasicTypeRegistry:423 - Adding type registration java.time.LocalDateTime -> org.hibernate.type.BasicTypeReference@b93aad
2026-01-07 15:26:04 DEBUG BasicTypeRegistry:423 - Adding type registration LocalDate -> org.hibernate.type.BasicTypeReference@4a9419d7
2026-01-07 15:26:04 DEBUG BasicTypeRegistry:423 - Adding type registration java.time.LocalDate -> org.hibernate.type.BasicTypeReference@4a9419d7
2026-01-07 15:26:04 DEBUG BasicTypeRegistry:423 - Adding type registration LocalTime -> org.hibernate.type.BasicTypeReference@2f3c6ac4
2026-01-07 15:26:04 DEBUG BasicTypeRegistry:423 - Adding type registration java.time.LocalTime -> org.hibernate.type.BasicTypeReference@2f3c6ac4
2026-01-07 15:26:04 DEBUG BasicTypeRegistry:423 - Adding type registration OffsetDateTime -> org.hibernate.type.BasicTypeReference@2e8ab815
2026-01-07 15:26:04 DEBUG BasicTypeRegistry:423 - Adding type registration java.time.OffsetDateTime -> org.hibernate.type.BasicTypeReference@2e8ab815
2026-01-07 15:26:04 DEBUG BasicTypeRegistry:423 - Adding type registration OffsetDateTimeWithTimezone -> org.hibernate.type.BasicTypeReference@67af833b
2026-01-07 15:26:04 DEBUG BasicTypeRegistry:423 - Adding type registration OffsetDateTimeWithoutTimezone -> org.hibernate.type.BasicTypeReference@d1f74b8
2026-01-07 15:26:04 DEBUG BasicTypeRegistry:423 - Adding type registration OffsetTime -> org.hibernate.type.BasicTypeReference@41394595
2026-01-07 15:26:04 DEBUG BasicTypeRegistry:423 - Adding type registration java.time.OffsetTime -> org.hibernate.type.BasicTypeReference@41394595
2026-01-07 15:26:04 DEBUG BasicTypeRegistry:423 - Adding type registration OffsetTimeUtc -> org.hibernate.type.BasicTypeReference@3a0807b7
2026-01-07 15:26:04 DEBUG BasicTypeRegistry:423 - Adding type registration OffsetTimeWithTimezone -> org.hibernate.type.BasicTypeReference@21a5fd96
2026-01-07 15:26:04 DEBUG BasicTypeRegistry:423 - Adding type registration OffsetTimeWithoutTimezone -> org.hibernate.type.BasicTypeReference@5769e7ae
2026-01-07 15:26:04 DEBUG BasicTypeRegistry:423 - Adding type registration ZonedDateTime -> org.hibernate.type.BasicTypeReference@5c77053b
2026-01-07 15:26:04 DEBUG BasicTypeRegistry:423 - Adding type registration java.time.ZonedDateTime -> org.hibernate.type.BasicTypeReference@5c77053b
2026-01-07 15:26:04 DEBUG BasicTypeRegistry:423 - Adding type registration ZonedDateTimeWithTimezone -> org.hibernate.type.BasicTypeReference@26b894bd
2026-01-07 15:26:04 DEBUG BasicTypeRegistry:423 - Adding type registration ZonedDateTimeWithoutTimezone -> org.hibernate.type.BasicTypeReference@287f94b1
2026-01-07 15:26:04 DEBUG BasicTypeRegistry:423 - Adding type registration date -> org.hibernate.type.BasicTypeReference@30b34287
2026-01-07 15:26:04 DEBUG BasicTypeRegistry:423 - Adding type registration java.sql.Date -> org.hibernate.type.BasicTypeReference@30b34287
2026-01-07 15:26:04 DEBUG BasicTypeRegistry:423 - Adding type registration time -> org.hibernate.type.BasicTypeReference@5489c777
2026-01-07 15:26:04 DEBUG BasicTypeRegistry:423 - Adding type registration java.sql.Time -> org.hibernate.type.BasicTypeReference@5489c777
2026-01-07 15:26:04 DEBUG BasicTypeRegistry:423 - Adding type registration timestamp -> org.hibernate.type.BasicTypeReference@3676ac27
2026-01-07 15:26:04 DEBUG BasicTypeRegistry:423 - Adding type registration java.sql.Timestamp -> org.hibernate.type.BasicTypeReference@3676ac27
2026-01-07 15:26:04 DEBUG BasicTypeRegistry:423 - Adding type registration java.util.Date -> org.hibernate.type.BasicTypeReference@3676ac27
2026-01-07 15:26:04 DEBUG BasicTypeRegistry:423 - Adding type registration calendar -> org.hibernate.type.BasicTypeReference@62f87c44
2026-01-07 15:26:04 DEBUG BasicTypeRegistry:423 - Adding type registration java.util.Calendar -> org.hibernate.type.BasicTypeReference@62f87c44
2026-01-07 15:26:04 DEBUG BasicTypeRegistry:423 - Adding type registration java.util.GregorianCalendar -> org.hibernate.type.BasicTypeReference@62f87c44
2026-01-07 15:26:04 DEBUG BasicTypeRegistry:423 - Adding type registration calendar_date -> org.hibernate.type.BasicTypeReference@48f5bde6
2026-01-07 15:26:04 DEBUG BasicTypeRegistry:423 - Adding type registration calendar_time -> org.hibernate.type.BasicTypeReference@525d79f0
2026-01-07 15:26:04 DEBUG BasicTypeRegistry:423 - Adding type registration instant -> org.hibernate.type.BasicTypeReference@5149f008
2026-01-07 15:26:04 DEBUG BasicTypeRegistry:423 - Adding type registration java.time.Instant -> org.hibernate.type.BasicTypeReference@5149f008
2026-01-07 15:26:04 DEBUG BasicTypeRegistry:423 - Adding type registration uuid -> org.hibernate.type.BasicTypeReference@7072bc39
2026-01-07 15:26:04 DEBUG BasicTypeRegistry:423 - Adding type registration java.util.UUID -> org.hibernate.type.BasicTypeReference@7072bc39
2026-01-07 15:26:04 DEBUG BasicTypeRegistry:423 - Adding type registration pg-uuid -> org.hibernate.type.BasicTypeReference@7072bc39
2026-01-07 15:26:04 DEBUG BasicTypeRegistry:423 - Adding type registration uuid-binary -> org.hibernate.type.BasicTypeReference@158d255c
2026-01-07 15:26:04 DEBUG BasicTypeRegistry:423 - Adding type registration uuid-char -> org.hibernate.type.BasicTypeReference@2ca65ce4
2026-01-07 15:26:04 DEBUG BasicTypeRegistry:423 - Adding type registration class -> org.hibernate.type.BasicTypeReference@327120c8
2026-01-07 15:26:04 DEBUG BasicTypeRegistry:423 - Adding type registration java.lang.Class -> org.hibernate.type.BasicTypeReference@327120c8
2026-01-07 15:26:04 DEBUG BasicTypeRegistry:423 - Adding type registration currency -> org.hibernate.type.BasicTypeReference@5707c1cb
2026-01-07 15:26:04 DEBUG BasicTypeRegistry:423 - Adding type registration Currency -> org.hibernate.type.BasicTypeReference@5707c1cb
2026-01-07 15:26:04 DEBUG BasicTypeRegistry:423 - Adding type registration java.util.Currency -> org.hibernate.type.BasicTypeReference@5707c1cb
2026-01-07 15:26:04 DEBUG BasicTypeRegistry:423 - Adding type registration locale -> org.hibernate.type.BasicTypeReference@2b5cb9b2
2026-01-07 15:26:04 DEBUG BasicTypeRegistry:423 - Adding type registration java.util.Locale -> org.hibernate.type.BasicTypeReference@2b5cb9b2
2026-01-07 15:26:04 DEBUG BasicTypeRegistry:423 - Adding type registration serializable -> org.hibernate.type.BasicTypeReference@35038141
2026-01-07 15:26:04 DEBUG BasicTypeRegistry:423 - Adding type registration java.io.Serializable -> org.hibernate.type.BasicTypeReference@35038141
2026-01-07 15:26:04 DEBUG BasicTypeRegistry:423 - Adding type registration timezone -> org.hibernate.type.BasicTypeReference@ecf9049
2026-01-07 15:26:04 DEBUG BasicTypeRegistry:423 - Adding type registration java.util.TimeZone -> org.hibernate.type.BasicTypeReference@ecf9049
2026-01-07 15:26:04 DEBUG BasicTypeRegistry:423 - Adding type registration ZoneOffset -> org.hibernate.type.BasicTypeReference@672f11c2
2026-01-07 15:26:04 DEBUG BasicTypeRegistry:423 - Adding type registration java.time.ZoneOffset -> org.hibernate.type.BasicTypeReference@672f11c2
2026-01-07 15:26:04 DEBUG BasicTypeRegistry:423 - Adding type registration url -> org.hibernate.type.BasicTypeReference@2970a5bc
2026-01-07 15:26:04 DEBUG BasicTypeRegistry:423 - Adding type registration java.net.URL -> org.hibernate.type.BasicTypeReference@2970a5bc
2026-01-07 15:26:04 DEBUG BasicTypeRegistry:423 - Adding type registration vector -> org.hibernate.type.BasicTypeReference@50305a
2026-01-07 15:26:04 DEBUG BasicTypeRegistry:423 - Adding type registration float_vector -> org.hibernate.type.BasicTypeReference@72efb5c1
2026-01-07 15:26:04 DEBUG BasicTypeRegistry:423 - Adding type registration double_vector -> org.hibernate.type.BasicTypeReference@6d511b5f
2026-01-07 15:26:04 DEBUG BasicTypeRegistry:423 - Adding type registration byte_vector -> org.hibernate.type.BasicTypeReference@41200e0c
2026-01-07 15:26:04 DEBUG BasicTypeRegistry:423 - Adding type registration row_version -> org.hibernate.type.BasicTypeReference@40f33492
2026-01-07 15:26:04 DEBUG BasicTypeRegistry:398 - Adding type registration object -> org.hibernate.type.JavaObjectType@f8908f6
2026-01-07 15:26:04 DEBUG BasicTypeRegistry:398 - Adding type registration java.lang.Object -> org.hibernate.type.JavaObjectType@f8908f6
2026-01-07 15:26:04 DEBUG BasicTypeRegistry:398 - Adding type registration null -> org.hibernate.type.NullType@4fdfa676
2026-01-07 15:26:04 DEBUG BasicTypeRegistry:423 - Adding type registration imm_date -> org.hibernate.type.BasicTypeReference@82c57b3
2026-01-07 15:26:04 DEBUG BasicTypeRegistry:423 - Adding type registration imm_time -> org.hibernate.type.BasicTypeReference@5be82d43
2026-01-07 15:26:04 DEBUG BasicTypeRegistry:423 - Adding type registration imm_timestamp -> org.hibernate.type.BasicTypeReference@600b0b7
2026-01-07 15:26:04 DEBUG BasicTypeRegistry:423 - Adding type registration imm_calendar -> org.hibernate.type.BasicTypeReference@345e5a17
2026-01-07 15:26:04 DEBUG BasicTypeRegistry:423 - Adding type registration imm_calendar_date -> org.hibernate.type.BasicTypeReference@5ea502e0
2026-01-07 15:26:04 DEBUG BasicTypeRegistry:423 - Adding type registration imm_calendar_time -> org.hibernate.type.BasicTypeReference@443dbe42
2026-01-07 15:26:04 DEBUG BasicTypeRegistry:423 - Adding type registration imm_binary -> org.hibernate.type.BasicTypeReference@473b3b7a
2026-01-07 15:26:04 DEBUG BasicTypeRegistry:423 - Adding type registration imm_serializable -> org.hibernate.type.BasicTypeReference@1734f68
2026-01-07 15:26:04 WARN  pooling:84 - HHH10001002: Using built-in connection pool (not intended for production use)
2026-01-07 15:26:04 DEBUG pooling:383 - Initializing Connection pool with 1 Connections
2026-01-07 15:26:05 DEBUG JdbcEnvironmentInitiator:432 - Database ->
	   name : MySQL
	version : 8.0.42
	  major : 8
	  minor : 0
2026-01-07 15:26:05 DEBUG JdbcEnvironmentInitiator:443 - Driver ->
	   name : MySQL Connector/J
	version : mysql-connector-j-8.0.33 (Revision: 7d6b0800528b6b25c68b52dc10d6c1c8429c100c)
	  major : 8
	  minor : 0
2026-01-07 15:26:05 DEBUG JdbcEnvironmentInitiator:388 - JDBC version : 4.2
2026-01-07 15:26:05 WARN  deprecation:152 - HHH90000025: MySQLDialect does not need to be specified explicitly using 'hibernate.dialect' (remove the property setting and it will be selected by default)
2026-01-07 15:26:05 DEBUG dialect:93 - HHH035001: Using dialect: org.hibernate.dialect.MySQLDialect, version: 8.0.42
2026-01-07 15:26:05 DEBUG IdentifierHelperBuilder:115 - JDBC driver metadata reported database stores quoted identifiers in more than one case
2026-01-07 15:26:05 DEBUG IdentifierHelperBuilder:208 - IdentifierCaseStrategy for both quoted and unquoted identifiers was set to the same strategy [LOWER]; that will likely lead to problems in schema update and validation if using quoted identifiers
2026-01-07 15:26:05 INFO  pooling:182 - HHH10001005: Database info:
	Database JDBC URL [jdbc:mysql://localhost:3306/mladec1]
	Database driver: com.mysql.jdbc.Driver
	Database version: 8.0.42
	Autocommit mode: false
	Isolation level: undefined/unknown
	Pool: DriverManagerConnectionProviderImpl
	Minimum pool size: 1
	Maximum pool size: 20
2026-01-07 15:26:05 DEBUG DdlTypeRegistry:62 - addDescriptor(12, org.hibernate.type.descriptor.sql.internal.CapacityDependentDdlType@a50d709) replaced previous registration(org.hibernate.type.descriptor.sql.internal.CapacityDependentDdlType@5ed4bc)
2026-01-07 15:26:05 DEBUG DdlTypeRegistry:62 - addDescriptor(-9, org.hibernate.type.descriptor.sql.internal.CapacityDependentDdlType@6920b0bc) replaced previous registration(org.hibernate.type.descriptor.sql.internal.CapacityDependentDdlType@65f651eb)
2026-01-07 15:26:05 DEBUG DdlTypeRegistry:62 - addDescriptor(-3, org.hibernate.type.descriptor.sql.internal.CapacityDependentDdlType@69923ac3) replaced previous registration(org.hibernate.type.descriptor.sql.internal.CapacityDependentDdlType@1f1ff879)
2026-01-07 15:26:05 DEBUG DdlTypeRegistry:62 - addDescriptor(4003, org.hibernate.type.descriptor.sql.internal.DdlTypeImpl@73d60e76) replaced previous registration(org.hibernate.type.descriptor.sql.internal.DdlTypeImpl@24f870ee)
2026-01-07 15:26:05 DEBUG DdlTypeRegistry:62 - addDescriptor(4001, org.hibernate.type.descriptor.sql.internal.DdlTypeImpl@5c441290) replaced previous registration(org.hibernate.type.descriptor.sql.internal.DdlTypeImpl@3c78e551)
2026-01-07 15:26:05 DEBUG DdlTypeRegistry:62 - addDescriptor(4002, org.hibernate.type.descriptor.sql.internal.DdlTypeImpl@7f1ef916) replaced previous registration(org.hibernate.type.descriptor.sql.internal.DdlTypeImpl@1886991b)
2026-01-07 15:26:05 DEBUG DdlTypeRegistry:62 - addDescriptor(2004, org.hibernate.type.descriptor.sql.internal.CapacityDependentDdlType@64aad809) replaced previous registration(org.hibernate.type.descriptor.sql.internal.DdlTypeImpl@1f03fba0)
2026-01-07 15:26:05 DEBUG DdlTypeRegistry:62 - addDescriptor(2005, org.hibernate.type.descriptor.sql.internal.CapacityDependentDdlType@17dd671f) replaced previous registration(org.hibernate.type.descriptor.sql.internal.DdlTypeImpl@3bbf6abe)
2026-01-07 15:26:05 DEBUG DdlTypeRegistry:62 - addDescriptor(2011, org.hibernate.type.descriptor.sql.internal.CapacityDependentDdlType@9679750) replaced previous registration(org.hibernate.type.descriptor.sql.internal.DdlTypeImpl@9b9a327)
2026-01-07 15:26:05 DEBUG JdbcTypeRegistry:73 - addDescriptor(NCharTypeDescriptor) replaced previous registration(CharTypeDescriptor)
2026-01-07 15:26:05 DEBUG JdbcTypeRegistry:73 - addDescriptor(NVarcharTypeDescriptor) replaced previous registration(VarcharTypeDescriptor)
2026-01-07 15:26:05 DEBUG JdbcTypeRegistry:73 - addDescriptor(LongNVarcharTypeDescriptor) replaced previous registration(LongVarcharTypeDescriptor)
2026-01-07 15:26:05 DEBUG JdbcTypeRegistry:73 - addDescriptor(NClobTypeDescriptor(DEFAULT)) replaced previous registration(ClobTypeDescriptor(DEFAULT))
2026-01-07 15:26:05 DEBUG BasicTypeRegistry:398 - Adding type registration null -> org.hibernate.type.NullType@514de325
2026-01-07 15:26:05 DEBUG BasicTypeRegistry:402 - Type registration key [null] overrode previous entry : `org.hibernate.type.NullType@4fdfa676`
2026-01-07 15:26:05 DEBUG BasicTypeRegistry:398 - Adding type registration org.hibernate.type.DurationType -> basicType@1(java.time.Duration,3015)
2026-01-07 15:26:05 DEBUG BasicTypeRegistry:398 - Adding type registration Duration -> basicType@1(java.time.Duration,3015)
2026-01-07 15:26:05 DEBUG BasicTypeRegistry:398 - Adding type registration java.time.Duration -> basicType@1(java.time.Duration,3015)
2026-01-07 15:26:05 DEBUG BasicTypeRegistry:398 - Adding type registration org.hibernate.type.OffsetDateTimeType -> basicType@2(java.time.OffsetDateTime,3003)
2026-01-07 15:26:05 DEBUG BasicTypeRegistry:398 - Adding type registration OffsetDateTime -> basicType@2(java.time.OffsetDateTime,3003)
2026-01-07 15:26:05 DEBUG BasicTypeRegistry:398 - Adding type registration java.time.OffsetDateTime -> basicType@2(java.time.OffsetDateTime,3003)
2026-01-07 15:26:05 DEBUG BasicTypeRegistry:398 - Adding type registration org.hibernate.type.ZonedDateTimeType -> basicType@3(java.time.ZonedDateTime,3003)
2026-01-07 15:26:05 DEBUG BasicTypeRegistry:398 - Adding type registration ZonedDateTime -> basicType@3(java.time.ZonedDateTime,3003)
2026-01-07 15:26:05 DEBUG BasicTypeRegistry:398 - Adding type registration java.time.ZonedDateTime -> basicType@3(java.time.ZonedDateTime,3003)
2026-01-07 15:26:05 DEBUG BasicTypeRegistry:398 - Adding type registration org.hibernate.type.OffsetTimeType -> basicType@4(java.time.OffsetTime,3007)
2026-01-07 15:26:05 DEBUG BasicTypeRegistry:398 - Adding type registration OffsetTime -> basicType@4(java.time.OffsetTime,3007)
2026-01-07 15:26:05 DEBUG BasicTypeRegistry:398 - Adding type registration java.time.OffsetTime -> basicType@4(java.time.OffsetTime,3007)
2026-01-07 15:26:05 DEBUG TypeConfiguration$Scope:197 - Scoping TypeConfiguration [org.hibernate.type.spi.TypeConfiguration@5f2de715] to MetadataBuildingContext [org.hibernate.boot.internal.MetadataBuildingContextRootImpl@5922d3e9]
2026-01-07 15:26:05 DEBUG Namespace:62 - Created database namespace [logicalName=Name[catalog=null, schema=null], physicalName=Name[catalog=null, schema=null]]
2026-01-07 15:26:05 DEBUG EntityBinder:183 - Binding entity from annotated class: com.test.Address
2026-01-07 15:26:05 DEBUG AnnotatedColumn:278 - Binding column: DTYPE
2026-01-07 15:26:05 DEBUG AnnotatedColumn:278 - Binding column: null
2026-01-07 15:26:05 DEBUG BasicValue:292 - Skipping column re-registration: address.id
2026-01-07 15:26:05 DEBUG AnnotatedColumn:278 - Binding column: null
2026-01-07 15:26:05 DEBUG BasicValue:292 - Skipping column re-registration: address.city
2026-01-07 15:26:05 DEBUG AnnotatedColumn:278 - Binding column: null
2026-01-07 15:26:05 DEBUG BasicValue:292 - Skipping column re-registration: address.country
2026-01-07 15:26:05 DEBUG AnnotatedColumn:278 - Binding column: null
2026-01-07 15:26:05 DEBUG BasicValue:292 - Skipping column re-registration: address.state
2026-01-07 15:26:05 DEBUG EntityBinder:183 - Binding entity from annotated class: com.test.Employee
2026-01-07 15:26:05 DEBUG AnnotatedColumn:278 - Binding column: DTYPE
2026-01-07 15:26:05 DEBUG AnnotatedColumn:278 - Binding column: null
2026-01-07 15:26:05 DEBUG BasicValue:292 - Skipping column re-registration: employee.id
2026-01-07 15:26:05 DEBUG AnnotatedColumn:278 - Binding column: address
2026-01-07 15:26:05 DEBUG AnnotatedColumn:278 - Binding column: null
2026-01-07 15:26:05 DEBUG AnnotatedColumn:278 - Binding column: null
2026-01-07 15:26:05 DEBUG BasicValue:292 - Skipping column re-registration: employee.e_company
2026-01-07 15:26:05 DEBUG AnnotatedColumn:278 - Binding column: null
2026-01-07 15:26:05 DEBUG BasicValue:292 - Skipping column re-registration: employee.e_name
2026-01-07 15:26:05 DEBUG SessionFactoryImpl:230 - Building session factory
2026-01-07 15:26:05 DEBUG ClassLoaderAccessImpl:58 - Not known whether passed class name [com.test.Address] is safe
2026-01-07 15:26:05 DEBUG ClassLoaderAccessImpl:60 - No temp ClassLoader provided; using live ClassLoader for loading potentially unsafe class : com.test.Address
2026-01-07 15:26:05 DEBUG ClassLoaderAccessImpl:58 - Not known whether passed class name [com.test.Employee] is safe
2026-01-07 15:26:05 DEBUG ClassLoaderAccessImpl:60 - No temp ClassLoader provided; using live ClassLoader for loading potentially unsafe class : com.test.Employee
2026-01-07 15:26:05 DEBUG SessionFactoryServiceRegistryImpl:103 - EventListenerRegistry access via ServiceRegistry is deprecated.  Use `sessionFactory.getEventEngine().getListenerRegistry()` instead
2026-01-07 15:26:05 DEBUG SessionFactoryImpl:249 - HHH000030: Instantiating factory with settings: {hibernate.format_sql=true, java.specification.version=21, sun.cpu.isalist=amd64, sun.jnu.encoding=Cp1252, hibernate.dialect=org.hibernate.dialect.MySQLDialect, java.class.path=C:\Users\shubham.varma1\Desktop\mla256\HibernateMappings\target\classes;C:\Users\shubham.varma1\.m2\repository\org\hibernate\orm\hibernate-core\7.0.0.Final\hibernate-core-7.0.0.Final.jar;C:\Users\shubham.varma1\.m2\repository\jakarta\persistence\jakarta.persistence-api\3.2.0\jakarta.persistence-api-3.2.0.jar;C:\Users\shubham.varma1\.m2\repository\jakarta\transaction\jakarta.transaction-api\2.0.1\jakarta.transaction-api-2.0.1.jar;C:\Users\shubham.varma1\.m2\repository\org\jboss\logging\jboss-logging\3.6.1.Final\jboss-logging-3.6.1.Final.jar;C:\Users\shubham.varma1\.m2\repository\org\hibernate\models\hibernate-models\1.0.0.CR3\hibernate-models-1.0.0.CR3.jar;C:\Users\shubham.varma1\.m2\repository\com\fasterxml\classmate\1.7.0\classmate-1.7.0.jar;C:\Users\shubham.varma1\.m2\repository\net\bytebuddy\byte-buddy\1.15.11\byte-buddy-1.15.11.jar;C:\Users\shubham.varma1\.m2\repository\jakarta\xml\bind\jakarta.xml.bind-api\4.0.2\jakarta.xml.bind-api-4.0.2.jar;C:\Users\shubham.varma1\.m2\repository\jakarta\activation\jakarta.activation-api\2.1.3\jakarta.activation-api-2.1.3.jar;C:\Users\shubham.varma1\.m2\repository\org\glassfish\jaxb\jaxb-runtime\4.0.5\jaxb-runtime-4.0.5.jar;C:\Users\shubham.varma1\.m2\repository\org\glassfish\jaxb\jaxb-core\4.0.5\jaxb-core-4.0.5.jar;C:\Users\shubham.varma1\.m2\repository\org\eclipse\angus\angus-activation\2.0.2\angus-activation-2.0.2.jar;C:\Users\shubham.varma1\.m2\repository\org\glassfish\jaxb\txw2\4.0.5\txw2-4.0.5.jar;C:\Users\shubham.varma1\.m2\repository\com\sun\istack\istack-commons-runtime\4.1.2\istack-commons-runtime-4.1.2.jar;C:\Users\shubham.varma1\.m2\repository\jakarta\inject\jakarta.inject-api\2.0.1\jakarta.inject-api-2.0.1.jar;C:\Users\shubham.varma1\.m2\repository\org\antlr\antlr4-runtime\4.13.2\antlr4-runtime-4.13.2.jar;C:\Users\shubham.varma1\.m2\repository\com\mysql\mysql-connector-j\8.0.33\mysql-connector-j-8.0.33.jar;C:\Users\shubham.varma1\.m2\repository\com\google\protobuf\protobuf-java\3.21.9\protobuf-java-3.21.9.jar;C:\Users\shubham.varma1\.m2\repository\org\apache\logging\log4j\log4j-core\2.17.1\log4j-core-2.17.1.jar;C:\Users\shubham.varma1\.m2\repository\org\apache\logging\log4j\log4j-api\2.17.1\log4j-api-2.17.1.jar;C:\Users\shubham.varma1\.m2\repository\org\apache\logging\log4j\log4j-slf4j-impl\2.17.1\log4j-slf4j-impl-2.17.1.jar;C:\Users\shubham.varma1\.m2\repository\org\slf4j\slf4j-api\1.7.25\slf4j-api-1.7.25.jar, java.vm.vendor=Microsoft, sun.arch.data.model=64, hbm2ddl.auto=update, user.variant=, java.vendor.url=https://www.microsoft.com, user.timezone=Asia/Calcutta, java.vm.specification.version=21, os.name=Windows 11, sun.java.launcher=SUN_STANDARD, user.country=US, sun.boot.library.path=C:\Program Files\Microsoft\jdk-21.0.7.6-hotspot\bin, sun.java.command=com.test.TestMappings, jdk.debug=release, sun.cpu.endian=little, user.home=C:\Users\shubham.varma1, user.language=en, java.specification.vendor=Oracle Corporation, java.version.date=2025-04-15, java.home=C:\Program Files\Microsoft\jdk-21.0.7.6-hotspot, file.separator=\, java.vm.compressedOopsMode=Zero based, line.separator=
, java.vm.specification.vendor=Oracle Corporation, java.specification.name=Java Platform API Specification, hibernate.hbm2ddl.auto=update, user.script=, sun.management.compiler=HotSpot 64-Bit Tiered Compilers, java.runtime.version=21.0.7+6-LTS, user.name=shubham.varma1, stdout.encoding=UTF-8, path.separator=;, hibernate.connection.username=****, os.version=10.0, java.runtime.name=OpenJDK Runtime Environment, hibernate.connection.url=jdbc:mysql://localhost:3306/mladec1, file.encoding=UTF-8, format_sql=true, java.vm.name=OpenJDK 64-Bit Server VM, hibernate.show_sql=true, java.vendor.version=Microsoft-11369940, show_sql=true, hibernate.connection.driver_class=com.mysql.jdbc.Driver, java.vendor.url.bug=https://github.com/microsoft/openjdk/issues, java.io.tmpdir=C:\Users\SHUBHA~1.VAR\AppData\Local\Temp\, java.version=21.0.7, user.dir=C:\Users\shubham.varma1\Desktop\mla256\HibernateMappings, os.arch=amd64, java.vm.specification.name=Java Virtual Machine Specification, hibernate.connection.password=****, sun.os.patch.level=, hibernate.boot.CfgXmlAccessService.key=org.hibernate.boot.cfgxml.spi.LoadedConfig@707865bd, native.encoding=Cp1252, java.library.path=C:\Program Files\Microsoft\jdk-21.0.7.6-hotspot\bin;C:\WINDOWS\Sun\Java\bin;C:\WINDOWS\system32;C:\WINDOWS;C:/Users/shubham.varma1/Downloads/sts-5.0.1.RELEASE//plugins/org.eclipse.justj.openjdk.hotspot.jre.full.win32.x86_64_25.0.1.v20251108-1451/jre/bin/server;C:/Users/shubham.varma1/Downloads/sts-5.0.1.RELEASE//plugins/org.eclipse.justj.openjdk.hotspot.jre.full.win32.x86_64_25.0.1.v20251108-1451/jre/bin;C:\Program Files\Microsoft\jdk-21.0.7.6-hotspot\bin;C:\Program Files\Microsoft\jdk-17.0.15.6-hotspot\bin;C:\Program Files\Python313\Scripts\;C:\Program Files\Python313\;C:\Program Files\Microsoft\jdk-11.0.23.9-hotspot\bin;C:\WINDOWS\system32;C:\WINDOWS;C:\WINDOWS\System32\Wbem;C:\WINDOWS\System32\WindowsPowerShell\v1.0\;C:\WINDOWS\System32\OpenSSH\;C:\Program Files (x86)\Microsoft SQL Server\160\Tools\Binn\;C:\Program Files\Microsoft SQL Server\160\Tools\Binn\;C:\Program Files\Microsoft SQL Server\Client SDK\ODBC\170\Tools\Binn\;C:\Program Files\Microsoft SQL Server\160\DTS\Binn\;C:\Program Files (x86)\Microsoft SQL Server\160\DTS\Binn\;C:\Program Files\PuTTY\;C:\Program Files\apache-maven-3.9.10\bin;C:\Program Files\nodejs\;C:\Program Files\dotnet\;C:\Program Files\Microsoft VS Code\bin;C:\Program Files\Git\cmd;C:\Users\shubham.varma1\AppData\Local\Microsoft\WindowsApps;C:\Users\shubham.varma1\AppData\Local\GitHubDesktop\bin;C:\Users\shubham.varma1\Downloads\sts-5.0.1.RELEASE;;., stderr.encoding=UTF-8, java.vendor=Microsoft, java.vm.info=mixed mode, sharing, java.vm.version=21.0.7+6-LTS, sun.io.unicode.encoding=UnicodeLittle, java.class.version=65.0}
2026-01-07 15:26:05 DEBUG SqmFunctionRegistry:128 - Registered SqmFunctionTemplate [NamedSqmFunctionTemplate(max)] under max; prior registration was null
2026-01-07 15:26:05 DEBUG SqmFunctionRegistry:128 - Registered SqmFunctionTemplate [NamedSqmFunctionTemplate(min)] under min; prior registration was null
2026-01-07 15:26:05 DEBUG SqmFunctionRegistry:128 - Registered SqmFunctionTemplate [NamedSqmFunctionTemplate(sum)] under sum; prior registration was null
2026-01-07 15:26:05 DEBUG SqmFunctionRegistry:128 - Registered SqmFunctionTemplate [NamedSqmFunctionTemplate(avg)] under avg; prior registration was null
2026-01-07 15:26:05 DEBUG SqmFunctionRegistry:128 - Registered SqmFunctionTemplate [org.hibernate.dialect.function.CountFunction@4a216eb4] under count; prior registration was null
2026-01-07 15:26:05 DEBUG SqmFunctionRegistry:128 - Registered SqmFunctionTemplate [org.hibernate.dialect.function.EveryAnyEmulation@349c4d1c] under every; prior registration was null
2026-01-07 15:26:05 DEBUG SqmFunctionRegistry:128 - Registered SqmFunctionTemplate [org.hibernate.dialect.function.EveryAnyEmulation@21edd891] under any; prior registration was null
2026-01-07 15:26:05 DEBUG SqmFunctionRegistry:128 - Registered SqmFunctionTemplate [NamedSqmFunctionTemplate(floor)] under floor; prior registration was null
2026-01-07 15:26:05 DEBUG SqmFunctionRegistry:128 - Registered SqmFunctionTemplate [NamedSqmFunctionTemplate(ceiling)] under ceiling; prior registration was null
2026-01-07 15:26:05 DEBUG SqmFunctionRegistry:128 - Registered SqmFunctionTemplate [NamedSqmFunctionTemplate(mod)] under mod; prior registration was null
2026-01-07 15:26:05 DEBUG SqmFunctionRegistry:128 - Registered SqmFunctionTemplate [NamedSqmFunctionTemplate(abs)] under abs; prior registration was null
2026-01-07 15:26:05 DEBUG SqmFunctionRegistry:128 - Registered SqmFunctionTemplate [NamedSqmFunctionTemplate(sign)] under sign; prior registration was null
2026-01-07 15:26:05 DEBUG SqmFunctionRegistry:128 - Registered SqmFunctionTemplate [NamedSqmFunctionTemplate(sqrt)] under sqrt; prior registration was null
2026-01-07 15:26:05 DEBUG SqmFunctionRegistry:128 - Registered SqmFunctionTemplate [NamedSqmFunctionTemplate(ln)] under ln; prior registration was null
2026-01-07 15:26:05 DEBUG SqmFunctionRegistry:128 - Registered SqmFunctionTemplate [NamedSqmFunctionTemplate(exp)] under exp; prior registration was null
2026-01-07 15:26:05 DEBUG SqmFunctionRegistry:128 - Registered SqmFunctionTemplate [NamedSqmFunctionTemplate(power)] under power; prior registration was null
2026-01-07 15:26:05 DEBUG SqmFunctionRegistry:128 - Registered SqmFunctionTemplate [NamedSqmFunctionTemplate(round)] under round; prior registration was null
2026-01-07 15:26:05 DEBUG SqmFunctionRegistry:128 - Registered SqmFunctionTemplate [NamedSqmFunctionTemplate(sin)] under sin; prior registration was null
2026-01-07 15:26:05 DEBUG SqmFunctionRegistry:128 - Registered SqmFunctionTemplate [NamedSqmFunctionTemplate(cos)] under cos; prior registration was null
2026-01-07 15:26:05 DEBUG SqmFunctionRegistry:128 - Registered SqmFunctionTemplate [NamedSqmFunctionTemplate(tan)] under tan; prior registration was null
2026-01-07 15:26:05 DEBUG SqmFunctionRegistry:128 - Registered SqmFunctionTemplate [NamedSqmFunctionTemplate(asin)] under asin; prior registration was null
2026-01-07 15:26:05 DEBUG SqmFunctionRegistry:128 - Registered SqmFunctionTemplate [NamedSqmFunctionTemplate(acos)] under acos; prior registration was null
2026-01-07 15:26:05 DEBUG SqmFunctionRegistry:128 - Registered SqmFunctionTemplate [NamedSqmFunctionTemplate(atan)] under atan; prior registration was null
2026-01-07 15:26:05 DEBUG SqmFunctionRegistry:128 - Registered SqmFunctionTemplate [NamedSqmFunctionTemplate(atan2)] under atan2; prior registration was null
2026-01-07 15:26:05 DEBUG SqmFunctionRegistry:128 - Registered SqmFunctionTemplate [org.hibernate.query.sqm.function.PatternBasedSqmFunctionDescriptor@16bd7ae1] under sinh; prior registration was null
2026-01-07 15:26:05 DEBUG SqmFunctionRegistry:128 - Registered SqmFunctionTemplate [org.hibernate.query.sqm.function.PatternBasedSqmFunctionDescriptor@15d114ce] under cosh; prior registration was null
2026-01-07 15:26:05 DEBUG SqmFunctionRegistry:128 - Registered SqmFunctionTemplate [org.hibernate.query.sqm.function.PatternBasedSqmFunctionDescriptor@3312f4f4] under tanh; prior registration was null
2026-01-07 15:26:05 DEBUG SqmFunctionRegistry:128 - Registered SqmFunctionTemplate [org.hibernate.query.sqm.function.PatternBasedSqmFunctionDescriptor@b5aa65b] under pi; prior registration was null
2026-01-07 15:26:05 DEBUG SqmFunctionRegistry:128 - Registered SqmFunctionTemplate [org.hibernate.query.sqm.function.PatternBasedSqmFunctionDescriptor@76cdafa3] under log; prior registration was null
2026-01-07 15:26:05 DEBUG SqmFunctionRegistry:128 - Registered SqmFunctionTemplate [NamedSqmFunctionTemplate(coalesce)] under coalesce; prior registration was null
2026-01-07 15:26:05 DEBUG SqmFunctionRegistry:128 - Registered SqmFunctionTemplate [NamedSqmFunctionTemplate(nullif)] under nullif; prior registration was null
2026-01-07 15:26:05 DEBUG SqmFunctionRegistry:128 - Registered SqmFunctionTemplate [NamedSqmFunctionTemplate(left)] under left; prior registration was null
2026-01-07 15:26:05 DEBUG SqmFunctionRegistry:128 - Registered SqmFunctionTemplate [NamedSqmFunctionTemplate(right)] under right; prior registration was null
2026-01-07 15:26:05 DEBUG SqmFunctionRegistry:128 - Registered SqmFunctionTemplate [NamedSqmFunctionTemplate(replace)] under replace; prior registration was null
2026-01-07 15:26:05 DEBUG SqmFunctionRegistry:128 - Registered SqmFunctionTemplate [NamedSqmFunctionTemplate(concat)] under concat; prior registration was null
2026-01-07 15:26:05 DEBUG SqmFunctionRegistry:128 - Registered SqmFunctionTemplate [NamedSqmFunctionTemplate(lower)] under lower; prior registration was null
2026-01-07 15:26:05 DEBUG SqmFunctionRegistry:128 - Registered SqmFunctionTemplate [NamedSqmFunctionTemplate(upper)] under upper; prior registration was null
2026-01-07 15:26:05 DEBUG SqmFunctionRegistry:128 - Registered SqmFunctionTemplate [NamedSqmFunctionTemplate(substring)] under substring; prior registration was null
2026-01-07 15:26:05 DEBUG SqmFunctionRegistry:128 - Registered SqmFunctionTemplate [NamedSqmFunctionTemplate(locate)] under locate; prior registration was null
2026-01-07 15:26:05 DEBUG SqmFunctionRegistry:128 - Registered SqmFunctionTemplate [NamedSqmFunctionTemplate(character_length)] under character_length; prior registration was null
2026-01-07 15:26:05 DEBUG SqmFunctionRegistry:392 - Registering alternate key : length -> character_length
2026-01-07 15:26:05 DEBUG SqmFunctionRegistry:128 - Registered SqmFunctionTemplate [org.hibernate.dialect.function.LocatePositionEmulation@3af2f846] under position; prior registration was null
2026-01-07 15:26:05 DEBUG SqmFunctionRegistry:128 - Registered SqmFunctionTemplate [org.hibernate.dialect.function.InsertSubstringOverlayEmulation@75eaba95] under overlay; prior registration was null
2026-01-07 15:26:05 DEBUG SqmFunctionRegistry:128 - Registered SqmFunctionTemplate [org.hibernate.dialect.function.TrimFunction@4aed311e] under trim; prior registration was null
2026-01-07 15:26:05 DEBUG SqmFunctionRegistry:128 - Registered SqmFunctionTemplate [org.hibernate.dialect.function.CastFunction@6e9a0bea] under cast; prior registration was null
2026-01-07 15:26:05 DEBUG SqmFunctionRegistry:128 - Registered SqmFunctionTemplate [org.hibernate.query.sqm.function.PatternBasedSqmFunctionDescriptor@28fc1132] under collate; prior registration was null
2026-01-07 15:26:05 DEBUG SqmFunctionRegistry:128 - Registered SqmFunctionTemplate [org.hibernate.dialect.function.ExtractFunction@560271a1] under extract; prior registration was null
2026-01-07 15:26:05 DEBUG SqmFunctionRegistry:128 - Registered SqmFunctionTemplate [NamedSqmFunctionTemplate(least)] under least; prior registration was null
2026-01-07 15:26:05 DEBUG SqmFunctionRegistry:128 - Registered SqmFunctionTemplate [NamedSqmFunctionTemplate(greatest)] under greatest; prior registration was null
2026-01-07 15:26:05 DEBUG SqmFunctionRegistry:128 - Registered SqmFunctionTemplate [org.hibernate.dialect.function.CoalesceIfnullEmulation@233f52f8] under ifnull; prior registration was null
2026-01-07 15:26:05 DEBUG SqmFunctionRegistry:128 - Registered SqmFunctionTemplate [NamedSqmFunctionTemplate(lpad)] under lpad; prior registration was null
2026-01-07 15:26:05 DEBUG SqmFunctionRegistry:128 - Registered SqmFunctionTemplate [NamedSqmFunctionTemplate(rpad)] under rpad; prior registration was null
2026-01-07 15:26:05 DEBUG SqmFunctionRegistry:128 - Registered SqmFunctionTemplate [org.hibernate.dialect.function.LpadRpadPadEmulation@b768a65] under pad; prior registration was null
2026-01-07 15:26:05 DEBUG SqmFunctionRegistry:128 - Registered SqmFunctionTemplate [org.hibernate.dialect.function.CastStrEmulation@39266403] under str; prior registration was null
2026-01-07 15:26:05 DEBUG SqmFunctionRegistry:128 - Registered SqmFunctionTemplate [org.hibernate.dialect.function.OrdinalFunction@4168f3d9] under ordinal; prior registration was null
2026-01-07 15:26:05 DEBUG SqmFunctionRegistry:128 - Registered SqmFunctionTemplate [org.hibernate.dialect.function.FormatFunction@68631b1d] under format; prior registration was null
2026-01-07 15:26:05 DEBUG SqmFunctionRegistry:128 - Registered SqmFunctionTemplate [org.hibernate.dialect.function.TimestampaddFunction@14efa279] under timestampadd; prior registration was null
2026-01-07 15:26:05 DEBUG SqmFunctionRegistry:128 - Registered SqmFunctionTemplate [org.hibernate.dialect.function.TimestampdiffFunction@183fc2fa] under timestampdiff; prior registration was null
2026-01-07 15:26:05 DEBUG SqmFunctionRegistry:392 - Registering alternate key : dateadd -> timestampadd
2026-01-07 15:26:05 DEBUG SqmFunctionRegistry:392 - Registering alternate key : datediff -> timestampdiff
2026-01-07 15:26:05 DEBUG SqmFunctionRegistry:128 - Registered SqmFunctionTemplate [org.hibernate.dialect.function.CurrentFunction@4a62062a] under current_date; prior registration was null
2026-01-07 15:26:05 DEBUG SqmFunctionRegistry:128 - Registered SqmFunctionTemplate [org.hibernate.dialect.function.CurrentFunction@7ec08115] under current_time; prior registration was null
2026-01-07 15:26:05 DEBUG SqmFunctionRegistry:128 - Registered SqmFunctionTemplate [org.hibernate.dialect.function.CurrentFunction@53dd42d6] under current_timestamp; prior registration was null
2026-01-07 15:26:05 DEBUG SqmFunctionRegistry:392 - Registering alternate key : current date -> current_date
2026-01-07 15:26:05 DEBUG SqmFunctionRegistry:392 - Registering alternate key : current time -> current_time
2026-01-07 15:26:05 DEBUG SqmFunctionRegistry:392 - Registering alternate key : current timestamp -> current_timestamp
2026-01-07 15:26:05 DEBUG SqmFunctionRegistry:128 - Registered SqmFunctionTemplate [org.hibernate.dialect.function.CurrentFunction@1e76afeb] under local_date; prior registration was null
2026-01-07 15:26:05 DEBUG SqmFunctionRegistry:128 - Registered SqmFunctionTemplate [org.hibernate.dialect.function.CurrentFunction@447fa959] under local_time; prior registration was null
2026-01-07 15:26:05 DEBUG SqmFunctionRegistry:128 - Registered SqmFunctionTemplate [org.hibernate.dialect.function.CurrentFunction@3e4d40ea] under local_datetime; prior registration was null
2026-01-07 15:26:05 DEBUG SqmFunctionRegistry:128 - Registered SqmFunctionTemplate [org.hibernate.dialect.function.CurrentFunction@73f6e07] under offset_datetime; prior registration was null
2026-01-07 15:26:05 DEBUG SqmFunctionRegistry:392 - Registering alternate key : local date -> local_date
2026-01-07 15:26:05 DEBUG SqmFunctionRegistry:392 - Registering alternate key : local time -> local_time
2026-01-07 15:26:05 DEBUG SqmFunctionRegistry:392 - Registering alternate key : local datetime -> local_datetime
2026-01-07 15:26:05 DEBUG SqmFunctionRegistry:392 - Registering alternate key : offset datetime -> offset_datetime
2026-01-07 15:26:05 DEBUG SqmFunctionRegistry:128 - Registered SqmFunctionTemplate [org.hibernate.dialect.function.CurrentFunction@2c9d90fc] under instant; prior registration was null
2026-01-07 15:26:05 DEBUG SqmFunctionRegistry:392 - Registering alternate key : current_instant -> instant
2026-01-07 15:26:05 DEBUG SqmFunctionRegistry:128 - Registered SqmFunctionTemplate [org.hibernate.dialect.function.SqlFunction@7d66e544] under sql; prior registration was null
2026-01-07 15:26:05 DEBUG SqmFunctionRegistry:128 - Registered SqmFunctionTemplate [NamedSqmFunctionTemplate(soundex)] under soundex; prior registration was null
2026-01-07 15:26:05 DEBUG SqmFunctionRegistry:128 - Registered SqmFunctionTemplate [NamedSqmFunctionTemplate(radians)] under radians; prior registration was null
2026-01-07 15:26:05 DEBUG SqmFunctionRegistry:128 - Registered SqmFunctionTemplate [NamedSqmFunctionTemplate(degrees)] under degrees; prior registration was null
2026-01-07 15:26:05 DEBUG SqmFunctionRegistry:128 - Registered SqmFunctionTemplate [NamedSqmFunctionTemplate(cot)] under cot; prior registration was null
2026-01-07 15:26:05 DEBUG SqmFunctionRegistry:128 - Registered SqmFunctionTemplate [NamedSqmFunctionTemplate(log)] under log; prior registration was org.hibernate.query.sqm.function.PatternBasedSqmFunctionDescriptor@76cdafa3
2026-01-07 15:26:05 DEBUG SqmFunctionRegistry:128 - Registered SqmFunctionTemplate [NamedSqmFunctionTemplate(log2)] under log2; prior registration was null
2026-01-07 15:26:05 DEBUG SqmFunctionRegistry:128 - Registered SqmFunctionTemplate [NamedSqmFunctionTemplate(log10)] under log10; prior registration was null
2026-01-07 15:26:05 DEBUG SqmFunctionRegistry:128 - Registered SqmFunctionTemplate [NamedSqmFunctionTemplate(ltrim)] under ltrim; prior registration was null
2026-01-07 15:26:05 DEBUG SqmFunctionRegistry:128 - Registered SqmFunctionTemplate [NamedSqmFunctionTemplate(rtrim)] under rtrim; prior registration was null
2026-01-07 15:26:05 DEBUG SqmFunctionRegistry:128 - Registered SqmFunctionTemplate [NamedSqmFunctionTemplate(octet_length)] under octet_length; prior registration was null
2026-01-07 15:26:05 DEBUG SqmFunctionRegistry:128 - Registered SqmFunctionTemplate [NamedSqmFunctionTemplate(reverse)] under reverse; prior registration was null
2026-01-07 15:26:05 DEBUG SqmFunctionRegistry:128 - Registered SqmFunctionTemplate [NamedSqmFunctionTemplate(space)] under space; prior registration was null
2026-01-07 15:26:05 DEBUG SqmFunctionRegistry:128 - Registered SqmFunctionTemplate [NamedSqmFunctionTemplate(repeat)] under repeat; prior registration was null
2026-01-07 15:26:05 DEBUG SqmFunctionRegistry:128 - Registered SqmFunctionTemplate [org.hibernate.query.sqm.function.MultipatternSqmFunctionDescriptor@48bc2fce] under lpad; prior registration was NamedSqmFunctionTemplate(lpad)
2026-01-07 15:26:05 DEBUG SqmFunctionRegistry:128 - Registered SqmFunctionTemplate [org.hibernate.query.sqm.function.MultipatternSqmFunctionDescriptor@1eca3ea7] under rpad; prior registration was NamedSqmFunctionTemplate(rpad)
2026-01-07 15:26:05 DEBUG SqmFunctionRegistry:128 - Registered SqmFunctionTemplate [NamedSqmFunctionTemplate(day)] under day; prior registration was null
2026-01-07 15:26:05 DEBUG SqmFunctionRegistry:128 - Registered SqmFunctionTemplate [NamedSqmFunctionTemplate(month)] under month; prior registration was null
2026-01-07 15:26:05 DEBUG SqmFunctionRegistry:128 - Registered SqmFunctionTemplate [NamedSqmFunctionTemplate(year)] under year; prior registration was null
2026-01-07 15:26:05 DEBUG SqmFunctionRegistry:128 - Registered SqmFunctionTemplate [NamedSqmFunctionTemplate(hour)] under hour; prior registration was null
2026-01-07 15:26:05 DEBUG SqmFunctionRegistry:128 - Registered SqmFunctionTemplate [NamedSqmFunctionTemplate(minute)] under minute; prior registration was null
2026-01-07 15:26:05 DEBUG SqmFunctionRegistry:128 - Registered SqmFunctionTemplate [NamedSqmFunctionTemplate(second)] under second; prior registration was null
2026-01-07 15:26:05 DEBUG SqmFunctionRegistry:128 - Registered SqmFunctionTemplate [NamedSqmFunctionTemplate(microsecond)] under microsecond; prior registration was null
2026-01-07 15:26:05 DEBUG SqmFunctionRegistry:128 - Registered SqmFunctionTemplate [NamedSqmFunctionTemplate(dayofweek)] under dayofweek; prior registration was null
2026-01-07 15:26:05 DEBUG SqmFunctionRegistry:128 - Registered SqmFunctionTemplate [NamedSqmFunctionTemplate(dayofmonth)] under dayofmonth; prior registration was null
2026-01-07 15:26:05 DEBUG SqmFunctionRegistry:392 - Registering alternate key : day -> dayofmonth
2026-01-07 15:26:05 DEBUG SqmFunctionRegistry:128 - Registered SqmFunctionTemplate [NamedSqmFunctionTemplate(dayofyear)] under dayofyear; prior registration was null
2026-01-07 15:26:05 DEBUG SqmFunctionRegistry:128 - Registered SqmFunctionTemplate [NamedSqmFunctionTemplate(week)] under week; prior registration was null
2026-01-07 15:26:05 DEBUG SqmFunctionRegistry:128 - Registered SqmFunctionTemplate [NamedSqmFunctionTemplate(quarter)] under quarter; prior registration was null
2026-01-07 15:26:05 DEBUG SqmFunctionRegistry:128 - Registered SqmFunctionTemplate [NamedSqmFunctionTemplate(monthname)] under monthname; prior registration was null
2026-01-07 15:26:05 DEBUG SqmFunctionRegistry:128 - Registered SqmFunctionTemplate [NamedSqmFunctionTemplate(dayname)] under dayname; prior registration was null
2026-01-07 15:26:05 DEBUG SqmFunctionRegistry:128 - Registered SqmFunctionTemplate [NamedSqmFunctionTemplate(last_day)] under last_day; prior registration was null
2026-01-07 15:26:05 DEBUG SqmFunctionRegistry:128 - Registered SqmFunctionTemplate [NamedSqmFunctionTemplate(date)] under date; prior registration was null
2026-01-07 15:26:05 DEBUG SqmFunctionRegistry:128 - Registered SqmFunctionTemplate [NamedSqmFunctionTemplate(timestamp)] under timestamp; prior registration was null
2026-01-07 15:26:05 DEBUG SqmFunctionRegistry:128 - Registered SqmFunctionTemplate [NamedSqmFunctionTemplate(time)] under time; prior registration was null
2026-01-07 15:26:05 DEBUG SqmFunctionRegistry:128 - Registered SqmFunctionTemplate [NamedSqmFunctionTemplate(utc_date)] under utc_date; prior registration was null
2026-01-07 15:26:05 DEBUG SqmFunctionRegistry:128 - Registered SqmFunctionTemplate [NamedSqmFunctionTemplate(utc_time)] under utc_time; prior registration was null
2026-01-07 15:26:05 DEBUG SqmFunctionRegistry:128 - Registered SqmFunctionTemplate [NamedSqmFunctionTemplate(utc_timestamp)] under utc_timestamp; prior registration was null
2026-01-07 15:26:05 DEBUG SqmFunctionRegistry:128 - Registered SqmFunctionTemplate [NamedSqmFunctionTemplate(rand)] under rand; prior registration was null
2026-01-07 15:26:05 DEBUG SqmFunctionRegistry:128 - Registered SqmFunctionTemplate [NamedSqmFunctionTemplate(crc32)] under crc32; prior registration was null
2026-01-07 15:26:05 DEBUG SqmFunctionRegistry:128 - Registered SqmFunctionTemplate [NamedSqmFunctionTemplate(sha1)] under sha1; prior registration was null
2026-01-07 15:26:05 DEBUG SqmFunctionRegistry:128 - Registered SqmFunctionTemplate [NamedSqmFunctionTemplate(sha2)] under sha2; prior registration was null
2026-01-07 15:26:05 DEBUG SqmFunctionRegistry:128 - Registered SqmFunctionTemplate [NamedSqmFunctionTemplate(bit_length)] under bit_length; prior registration was null
2026-01-07 15:26:05 DEBUG SqmFunctionRegistry:128 - Registered SqmFunctionTemplate [NamedSqmFunctionTemplate(octet_length)] under octet_length; prior registration was NamedSqmFunctionTemplate(octet_length)
2026-01-07 15:26:05 DEBUG SqmFunctionRegistry:128 - Registered SqmFunctionTemplate [NamedSqmFunctionTemplate(ascii)] under ascii; prior registration was null
2026-01-07 15:26:05 DEBUG SqmFunctionRegistry:128 - Registered SqmFunctionTemplate [NamedSqmFunctionTemplate(instr)] under instr; prior registration was null
2026-01-07 15:26:05 DEBUG SqmFunctionRegistry:128 - Registered SqmFunctionTemplate [NamedSqmFunctionTemplate(substr)] under substr; prior registration was null
2026-01-07 15:26:05 DEBUG SqmFunctionRegistry:128 - Registered SqmFunctionTemplate [org.hibernate.query.sqm.function.PatternBasedSqmFunctionDescriptor@24fba488] under position; prior registration was org.hibernate.dialect.function.LocatePositionEmulation@3af2f846
2026-01-07 15:26:05 DEBUG SqmFunctionRegistry:128 - Registered SqmFunctionTemplate [NamedSqmFunctionTemplate(curtime)] under curtime; prior registration was null
2026-01-07 15:26:05 DEBUG SqmFunctionRegistry:128 - Registered SqmFunctionTemplate [NamedSqmFunctionTemplate(curdate)] under curdate; prior registration was null
2026-01-07 15:26:05 DEBUG SqmFunctionRegistry:128 - Registered SqmFunctionTemplate [NamedSqmFunctionTemplate(now)] under now; prior registration was null
2026-01-07 15:26:05 DEBUG SqmFunctionRegistry:128 - Registered SqmFunctionTemplate [org.hibernate.dialect.function.TruncFunction@76216830] under trunc; prior registration was null
2026-01-07 15:26:05 DEBUG SqmFunctionRegistry:392 - Registering alternate key : truncate -> trunc
2026-01-07 15:26:05 DEBUG SqmFunctionRegistry:128 - Registered SqmFunctionTemplate [NamedSqmFunctionTemplate(insert)] under insert; prior registration was null
2026-01-07 15:26:05 DEBUG SqmFunctionRegistry:128 - Registered SqmFunctionTemplate [org.hibernate.query.sqm.function.PatternBasedSqmFunctionDescriptor@7aded903] under bitand; prior registration was null
2026-01-07 15:26:05 DEBUG SqmFunctionRegistry:128 - Registered SqmFunctionTemplate [org.hibernate.query.sqm.function.PatternBasedSqmFunctionDescriptor@2db86a7c] under bitor; prior registration was null
2026-01-07 15:26:05 DEBUG SqmFunctionRegistry:128 - Registered SqmFunctionTemplate [org.hibernate.query.sqm.function.PatternBasedSqmFunctionDescriptor@261f359f] under bitxor; prior registration was null
2026-01-07 15:26:05 DEBUG SqmFunctionRegistry:128 - Registered SqmFunctionTemplate [org.hibernate.query.sqm.function.PatternBasedSqmFunctionDescriptor@5b02a984] under bitnot; prior registration was null
2026-01-07 15:26:05 DEBUG SqmFunctionRegistry:128 - Registered SqmFunctionTemplate [NamedSqmFunctionTemplate(bit_and)] under bit_and; prior registration was null
2026-01-07 15:26:05 DEBUG SqmFunctionRegistry:128 - Registered SqmFunctionTemplate [NamedSqmFunctionTemplate(bit_or)] under bit_or; prior registration was null
2026-01-07 15:26:05 DEBUG SqmFunctionRegistry:128 - Registered SqmFunctionTemplate [NamedSqmFunctionTemplate(stddev)] under stddev; prior registration was null
2026-01-07 15:26:05 DEBUG SqmFunctionRegistry:128 - Registered SqmFunctionTemplate [NamedSqmFunctionTemplate(stddev_pop)] under stddev_pop; prior registration was null
2026-01-07 15:26:05 DEBUG SqmFunctionRegistry:128 - Registered SqmFunctionTemplate [NamedSqmFunctionTemplate(stddev_samp)] under stddev_samp; prior registration was null
2026-01-07 15:26:05 DEBUG SqmFunctionRegistry:128 - Registered SqmFunctionTemplate [NamedSqmFunctionTemplate(variance)] under variance; prior registration was null
2026-01-07 15:26:05 DEBUG SqmFunctionRegistry:128 - Registered SqmFunctionTemplate [NamedSqmFunctionTemplate(var_pop)] under var_pop; prior registration was null
2026-01-07 15:26:05 DEBUG SqmFunctionRegistry:128 - Registered SqmFunctionTemplate [NamedSqmFunctionTemplate(var_samp)] under var_samp; prior registration was null
2026-01-07 15:26:05 DEBUG SqmFunctionRegistry:128 - Registered SqmFunctionTemplate [NamedSqmFunctionTemplate(datediff)] under datediff; prior registration was null
2026-01-07 15:26:05 DEBUG SqmFunctionRegistry:128 - Registered SqmFunctionTemplate [NamedSqmFunctionTemplate(adddate)] under adddate; prior registration was null
2026-01-07 15:26:05 DEBUG SqmFunctionRegistry:128 - Registered SqmFunctionTemplate [NamedSqmFunctionTemplate(subdate)] under subdate; prior registration was null
2026-01-07 15:26:05 DEBUG SqmFunctionRegistry:128 - Registered SqmFunctionTemplate [NamedSqmFunctionTemplate(addtime)] under addtime; prior registration was null
2026-01-07 15:26:05 DEBUG SqmFunctionRegistry:128 - Registered SqmFunctionTemplate [NamedSqmFunctionTemplate(subtime)] under subtime; prior registration was null
2026-01-07 15:26:05 DEBUG SqmFunctionRegistry:128 - Registered SqmFunctionTemplate [org.hibernate.dialect.function.FormatFunction@57186526] under format; prior registration was org.hibernate.dialect.function.FormatFunction@68631b1d
2026-01-07 15:26:05 DEBUG SqmFunctionRegistry:128 - Registered SqmFunctionTemplate [NamedSqmFunctionTemplate(makedate)] under makedate; prior registration was null
2026-01-07 15:26:05 DEBUG SqmFunctionRegistry:128 - Registered SqmFunctionTemplate [NamedSqmFunctionTemplate(maketime)] under maketime; prior registration was null
2026-01-07 15:26:05 DEBUG SqmFunctionRegistry:128 - Registered SqmFunctionTemplate [NamedSqmFunctionTemplate(localtime)] under localtime; prior registration was null
2026-01-07 15:26:05 DEBUG SqmFunctionRegistry:128 - Registered SqmFunctionTemplate [NamedSqmFunctionTemplate(localtimestamp)] under localtimestamp; prior registration was null
2026-01-07 15:26:05 DEBUG SqmFunctionRegistry:128 - Registered SqmFunctionTemplate [NamedSqmFunctionTemplate(localtime)] under local_time; prior registration was org.hibernate.dialect.function.CurrentFunction@447fa959
2026-01-07 15:26:05 DEBUG SqmFunctionRegistry:128 - Registered SqmFunctionTemplate [NamedSqmFunctionTemplate(localtimestamp)] under local_datetime; prior registration was org.hibernate.dialect.function.CurrentFunction@3e4d40ea
2026-01-07 15:26:05 DEBUG SqmFunctionRegistry:128 - Registered SqmFunctionTemplate [org.hibernate.query.sqm.function.PatternBasedSqmFunctionDescriptor@391d1e33] under pi; prior registration was org.hibernate.query.sqm.function.PatternBasedSqmFunctionDescriptor@b5aa65b
2026-01-07 15:26:05 DEBUG SqmFunctionRegistry:128 - Registered SqmFunctionTemplate [org.hibernate.query.sqm.function.PatternBasedSqmFunctionDescriptor@66f16742] under chr; prior registration was null
2026-01-07 15:26:05 DEBUG SqmFunctionRegistry:392 - Registering alternate key : char -> chr
2026-01-07 15:26:05 DEBUG SqmFunctionRegistry:128 - Registered SqmFunctionTemplate [org.hibernate.query.sqm.function.PatternBasedSqmFunctionDescriptor@2871ac91] under sysdate; prior registration was null
2026-01-07 15:26:05 DEBUG SqmFunctionRegistry:128 - Registered SqmFunctionTemplate [NamedSqmFunctionTemplate(row_number)] under row_number; prior registration was null
2026-01-07 15:26:05 DEBUG SqmFunctionRegistry:128 - Registered SqmFunctionTemplate [NamedSqmFunctionTemplate(lag)] under lag; prior registration was null
2026-01-07 15:26:05 DEBUG SqmFunctionRegistry:128 - Registered SqmFunctionTemplate [NamedSqmFunctionTemplate(lead)] under lead; prior registration was null
2026-01-07 15:26:05 DEBUG SqmFunctionRegistry:128 - Registered SqmFunctionTemplate [NamedSqmFunctionTemplate(first_value)] under first_value; prior registration was null
2026-01-07 15:26:05 DEBUG SqmFunctionRegistry:128 - Registered SqmFunctionTemplate [NamedSqmFunctionTemplate(last_value)] under last_value; prior registration was null
2026-01-07 15:26:05 DEBUG SqmFunctionRegistry:128 - Registered SqmFunctionTemplate [NamedSqmFunctionTemplate(nth_value)] under nth_value; prior registration was null
2026-01-07 15:26:05 DEBUG SqmFunctionRegistry:128 - Registered SqmFunctionTemplate [org.hibernate.dialect.function.HypotheticalSetWindowEmulation@1e226bcd] under rank; prior registration was null
2026-01-07 15:26:05 DEBUG SqmFunctionRegistry:128 - Registered SqmFunctionTemplate [org.hibernate.dialect.function.HypotheticalSetWindowEmulation@2a8dd942] under dense_rank; prior registration was null
2026-01-07 15:26:05 DEBUG SqmFunctionRegistry:128 - Registered SqmFunctionTemplate [org.hibernate.dialect.function.HypotheticalSetWindowEmulation@2322e56f] under percent_rank; prior registration was null
2026-01-07 15:26:05 DEBUG SqmFunctionRegistry:128 - Registered SqmFunctionTemplate [org.hibernate.dialect.function.HypotheticalSetWindowEmulation@35025a0a] under cume_dist; prior registration was null
2026-01-07 15:26:05 DEBUG SqmFunctionRegistry:128 - Registered SqmFunctionTemplate [org.hibernate.dialect.function.ListaggGroupConcatEmulation@6f38f084] under listagg; prior registration was null
2026-01-07 15:26:05 DEBUG SqmFunctionRegistry:128 - Registered SqmFunctionTemplate [org.hibernate.dialect.function.json.MySQLJsonValueFunction@6544899b] under json_value; prior registration was null
2026-01-07 15:26:05 DEBUG SqmFunctionRegistry:128 - Registered SqmFunctionTemplate [org.hibernate.dialect.function.json.MySQLJsonQueryFunction@119290b9] under json_query; prior registration was null
2026-01-07 15:26:05 DEBUG SqmFunctionRegistry:128 - Registered SqmFunctionTemplate [org.hibernate.dialect.function.json.MySQLJsonExistsFunction@5a9840f3] under json_exists; prior registration was null
2026-01-07 15:26:05 DEBUG SqmFunctionRegistry:128 - Registered SqmFunctionTemplate [org.hibernate.dialect.function.json.MySQLJsonObjectFunction@6c951ada] under json_object; prior registration was null
2026-01-07 15:26:05 DEBUG SqmFunctionRegistry:128 - Registered SqmFunctionTemplate [org.hibernate.dialect.function.json.MySQLJsonArrayFunction@de77146] under json_array; prior registration was null
2026-01-07 15:26:05 DEBUG SqmFunctionRegistry:128 - Registered SqmFunctionTemplate [org.hibernate.dialect.function.json.MySQLJsonArrayAggFunction@34136bd1] under json_arrayagg; prior registration was null
2026-01-07 15:26:05 DEBUG SqmFunctionRegistry:128 - Registered SqmFunctionTemplate [org.hibernate.dialect.function.json.MySQLJsonObjectAggFunction@34c7232c] under json_objectagg; prior registration was null
2026-01-07 15:26:05 DEBUG SqmFunctionRegistry:128 - Registered SqmFunctionTemplate [NamedSqmFunctionTemplate(json_set)] under json_set; prior registration was null
2026-01-07 15:26:05 DEBUG SqmFunctionRegistry:128 - Registered SqmFunctionTemplate [NamedSqmFunctionTemplate(json_remove)] under json_remove; prior registration was null
2026-01-07 15:26:05 DEBUG SqmFunctionRegistry:128 - Registered SqmFunctionTemplate [NamedSqmFunctionTemplate(json_replace)] under json_replace; prior registration was null
2026-01-07 15:26:05 DEBUG SqmFunctionRegistry:128 - Registered SqmFunctionTemplate [NamedSqmFunctionTemplate(json_insert)] under json_insert; prior registration was null
2026-01-07 15:26:05 DEBUG SqmFunctionRegistry:128 - Registered SqmFunctionTemplate [NamedSqmFunctionTemplate(json_merge_patch)] under json_mergepatch; prior registration was null
2026-01-07 15:26:05 DEBUG SqmFunctionRegistry:128 - Registered SqmFunctionTemplate [NamedSqmFunctionTemplate(json_array_append)] under json_array_append; prior registration was null
2026-01-07 15:26:05 DEBUG SqmFunctionRegistry:128 - Registered SqmFunctionTemplate [NamedSqmFunctionTemplate(json_array_insert)] under json_array_insert; prior registration was null
2026-01-07 15:26:05 DEBUG SqmFunctionRegistry:143 - Registered SqmSetReturningFunctionTemplate [org.hibernate.dialect.function.array.UnnestFunction@14b4340c] under unnest; prior registration was null
2026-01-07 15:26:05 DEBUG SqmFunctionRegistry:143 - Registered SqmSetReturningFunctionTemplate [org.hibernate.dialect.function.json.MySQLJsonTableFunction@34279b8a] under json_table; prior registration was null
2026-01-07 15:26:05 DEBUG SqmFunctionRegistry:143 - Registered SqmSetReturningFunctionTemplate [org.hibernate.dialect.function.CteGenerateSeriesFunction@6b0f266e] under generate_series; prior registration was null
2026-01-07 15:26:05 DEBUG SqmFunctionRegistry:128 - Registered SqmFunctionTemplate [org.hibernate.query.sqm.function.PatternBasedSqmFunctionDescriptor@4837f97e] under hex; prior registration was null
2026-01-07 15:26:05 DEBUG SqmFunctionRegistry:128 - Registered SqmFunctionTemplate [org.hibernate.query.sqm.function.PatternBasedSqmFunctionDescriptor@53314f76] under sha; prior registration was null
2026-01-07 15:26:05 DEBUG SqmFunctionRegistry:128 - Registered SqmFunctionTemplate [org.hibernate.query.sqm.function.PatternBasedSqmFunctionDescriptor@62a6674f] under md5; prior registration was null
2026-01-07 15:26:05 DEBUG HQL_FUNCTIONS:152 - abs(NUMERIC arg)
2026-01-07 15:26:05 DEBUG HQL_FUNCTIONS:152 - Double acos(NUMERIC arg)
2026-01-07 15:26:05 DEBUG HQL_FUNCTIONS:152 - adddate(DATE datetime, INTEGER days)
2026-01-07 15:26:05 DEBUG HQL_FUNCTIONS:152 - addtime(TIME datetime, TIME time)
2026-01-07 15:26:05 DEBUG HQL_FUNCTIONS:152 - Boolean any(BOOLEAN arg)
2026-01-07 15:26:05 DEBUG HQL_FUNCTIONS:152 - Integer ascii(STRING arg)
2026-01-07 15:26:05 DEBUG HQL_FUNCTIONS:152 - Double asin(NUMERIC arg)
2026-01-07 15:26:05 DEBUG HQL_FUNCTIONS:152 - Double atan(NUMERIC arg)
2026-01-07 15:26:05 DEBUG HQL_FUNCTIONS:152 - Double atan2(NUMERIC arg0, NUMERIC arg1)
2026-01-07 15:26:05 DEBUG HQL_FUNCTIONS:152 - avg(arg)
2026-01-07 15:26:05 DEBUG HQL_FUNCTIONS:152 - bit_and(arg)
2026-01-07 15:26:05 DEBUG HQL_FUNCTIONS:152 - Integer bit_length(STRING_OR_CLOB arg)
2026-01-07 15:26:05 DEBUG HQL_FUNCTIONS:152 - bit_or(arg)
2026-01-07 15:26:05 DEBUG HQL_FUNCTIONS:152 - bitand(arg0, arg1)
2026-01-07 15:26:05 DEBUG HQL_FUNCTIONS:152 - bitnot(arg)
2026-01-07 15:26:05 DEBUG HQL_FUNCTIONS:152 - bitor(arg0, arg1)
2026-01-07 15:26:05 DEBUG HQL_FUNCTIONS:152 - bitxor(arg0, arg1)
2026-01-07 15:26:05 DEBUG HQL_FUNCTIONS:152 - cast(arg as Type)
2026-01-07 15:26:05 DEBUG HQL_FUNCTIONS:152 - ceiling(NUMERIC arg)
2026-01-07 15:26:05 DEBUG HQL_FUNCTIONS:152 - Character char(INTEGER arg)
2026-01-07 15:26:05 DEBUG HQL_FUNCTIONS:152 - Integer character_length(STRING_OR_CLOB arg)
2026-01-07 15:26:05 DEBUG HQL_FUNCTIONS:152 - Character chr(INTEGER arg)
2026-01-07 15:26:05 DEBUG HQL_FUNCTIONS:152 - coalesce(arg0[, arg1[, ...]])
2026-01-07 15:26:05 DEBUG HQL_FUNCTIONS:152 - String collate(STRING string as COLLATION collation)
2026-01-07 15:26:05 DEBUG HQL_FUNCTIONS:152 - String concat(STRING string0[, STRING string1[, ...]])
2026-01-07 15:26:05 DEBUG HQL_FUNCTIONS:152 - Double cos(NUMERIC arg)
2026-01-07 15:26:05 DEBUG HQL_FUNCTIONS:152 - Double cosh(NUMERIC arg)
2026-01-07 15:26:05 DEBUG HQL_FUNCTIONS:152 - Double cot(NUMERIC arg)
2026-01-07 15:26:05 DEBUG HQL_FUNCTIONS:152 - Long count([distinct ]{arg|*})
2026-01-07 15:26:05 DEBUG HQL_FUNCTIONS:152 - Integer crc32(arg)
2026-01-07 15:26:05 DEBUG HQL_FUNCTIONS:152 - Double cume_dist([arg0[, ...]])
2026-01-07 15:26:05 DEBUG HQL_FUNCTIONS:152 - Date curdate()
2026-01-07 15:26:05 DEBUG HQL_FUNCTIONS:152 - Date current date
2026-01-07 15:26:05 DEBUG HQL_FUNCTIONS:152 - Time current time
2026-01-07 15:26:05 DEBUG HQL_FUNCTIONS:152 - Timestamp current timestamp
2026-01-07 15:26:05 DEBUG HQL_FUNCTIONS:152 - Date current_date
2026-01-07 15:26:05 DEBUG HQL_FUNCTIONS:152 - Instant current_instant
2026-01-07 15:26:05 DEBUG HQL_FUNCTIONS:152 - Time current_time
2026-01-07 15:26:05 DEBUG HQL_FUNCTIONS:152 - Timestamp current_timestamp
2026-01-07 15:26:05 DEBUG HQL_FUNCTIONS:152 - Time curtime()
2026-01-07 15:26:05 DEBUG HQL_FUNCTIONS:152 - Date date(arg)
2026-01-07 15:26:05 DEBUG HQL_FUNCTIONS:152 - dateadd(TEMPORAL_UNIT field, INTEGER magnitude, TEMPORAL datetime)
2026-01-07 15:26:05 DEBUG HQL_FUNCTIONS:152 - Integer datediff(DATE end, DATE start)
2026-01-07 15:26:05 DEBUG HQL_FUNCTIONS:152 - Integer day(DATE arg)
2026-01-07 15:26:05 DEBUG HQL_FUNCTIONS:152 - String dayname(DATE arg)
2026-01-07 15:26:05 DEBUG HQL_FUNCTIONS:152 - Integer dayofmonth(DATE arg)
2026-01-07 15:26:05 DEBUG HQL_FUNCTIONS:152 - Integer dayofweek(DATE arg)
2026-01-07 15:26:05 DEBUG HQL_FUNCTIONS:152 - Integer dayofyear(DATE arg)
2026-01-07 15:26:05 DEBUG HQL_FUNCTIONS:152 - Double degrees(NUMERIC arg)
2026-01-07 15:26:05 DEBUG HQL_FUNCTIONS:152 - Long dense_rank([arg0[, ...]])
2026-01-07 15:26:05 DEBUG HQL_FUNCTIONS:152 - Boolean every(BOOLEAN arg)
2026-01-07 15:26:05 DEBUG HQL_FUNCTIONS:152 - Double exp(NUMERIC arg)
2026-01-07 15:26:05 DEBUG HQL_FUNCTIONS:152 - extract(TEMPORAL_UNIT field from TEMPORAL arg)
2026-01-07 15:26:05 DEBUG HQL_FUNCTIONS:152 - first_valueANY value
2026-01-07 15:26:05 DEBUG HQL_FUNCTIONS:152 - floor(NUMERIC arg)
2026-01-07 15:26:05 DEBUG HQL_FUNCTIONS:152 - String format(TEMPORAL datetime as STRING pattern)
2026-01-07 15:26:05 DEBUG HQL_FUNCTIONS:152 - greatest(COMPARABLE arg0, COMPARABLE arg1[, arg2[, ...]])
2026-01-07 15:26:05 DEBUG HQL_FUNCTIONS:152 - String hex(arg)
2026-01-07 15:26:05 DEBUG HQL_FUNCTIONS:152 - Integer hour(TIME arg)
2026-01-07 15:26:05 DEBUG HQL_FUNCTIONS:152 - ifnull(arg0, arg1)
2026-01-07 15:26:05 DEBUG HQL_FUNCTIONS:152 - String insert(STRING string, INTEGER start, INTEGER length, STRING replacement)
2026-01-07 15:26:05 DEBUG HQL_FUNCTIONS:152 - Instant instant
2026-01-07 15:26:05 DEBUG HQL_FUNCTIONS:152 - Integer instr(STRING string, STRING pattern[, INTEGER start[, INTEGER occurrence]])
2026-01-07 15:26:05 DEBUG HQL_FUNCTIONS:152 - String json_array([arg0[, ...]])
2026-01-07 15:26:05 DEBUG HQL_FUNCTIONS:152 - String json_array_append(IMPLICIT_JSON arg0, STRING arg1, ANY arg2)
2026-01-07 15:26:05 DEBUG HQL_FUNCTIONS:152 - String json_array_insert(IMPLICIT_JSON arg0, STRING arg1, ANY arg2)
2026-01-07 15:26:05 DEBUG HQL_FUNCTIONS:152 - String json_arrayagg(arg0[, arg1])
2026-01-07 15:26:05 DEBUG HQL_FUNCTIONS:152 - Boolean json_exists(IMPLICIT_JSON arg0, STRING arg1)
2026-01-07 15:26:05 DEBUG HQL_FUNCTIONS:152 - String json_insert(IMPLICIT_JSON arg0, STRING arg1, ANY arg2)
2026-01-07 15:26:05 DEBUG HQL_FUNCTIONS:152 - String json_mergepatch(IMPLICIT_JSON arg0, IMPLICIT_JSON arg1[, arg2[, ...]])
2026-01-07 15:26:05 DEBUG HQL_FUNCTIONS:152 - String json_object( ... )
2026-01-07 15:26:05 DEBUG HQL_FUNCTIONS:152 - String json_objectagg(arg0, arg1[, arg2, arg3])
2026-01-07 15:26:05 DEBUG HQL_FUNCTIONS:152 - String json_query( ... )
2026-01-07 15:26:05 DEBUG HQL_FUNCTIONS:152 - String json_remove(IMPLICIT_JSON arg0, STRING arg1)
2026-01-07 15:26:05 DEBUG HQL_FUNCTIONS:152 - String json_replace(IMPLICIT_JSON arg0, STRING arg1, ANY arg2)
2026-01-07 15:26:05 DEBUG HQL_FUNCTIONS:152 - String json_set(IMPLICIT_JSON arg0, STRING arg1, ANY arg2)
2026-01-07 15:26:05 DEBUG HQL_FUNCTIONS:152 - json_value( ... )
2026-01-07 15:26:05 DEBUG HQL_FUNCTIONS:152 - lagANY value[, INTEGER offset[, ANY default]]
2026-01-07 15:26:05 DEBUG HQL_FUNCTIONS:152 - Date last_day(DATE arg)
2026-01-07 15:26:05 DEBUG HQL_FUNCTIONS:152 - last_valueANY value
2026-01-07 15:26:05 DEBUG HQL_FUNCTIONS:152 - leadANY value[, INTEGER offset[, ANY default]]
2026-01-07 15:26:05 DEBUG HQL_FUNCTIONS:152 - least(COMPARABLE arg0, COMPARABLE arg1[, arg2[, ...]])
2026-01-07 15:26:05 DEBUG HQL_FUNCTIONS:152 - String left(STRING string, INTEGER length)
2026-01-07 15:26:05 DEBUG HQL_FUNCTIONS:152 - Integer length(STRING_OR_CLOB arg)
2026-01-07 15:26:05 DEBUG HQL_FUNCTIONS:152 - String listagg(STRING arg0, STRING arg1)
2026-01-07 15:26:05 DEBUG HQL_FUNCTIONS:152 - Double ln(NUMERIC arg)
2026-01-07 15:26:05 DEBUG HQL_FUNCTIONS:152 - LocalDate local date
2026-01-07 15:26:05 DEBUG HQL_FUNCTIONS:152 - LocalDateTime local datetime
2026-01-07 15:26:05 DEBUG HQL_FUNCTIONS:152 - LocalTime local time
2026-01-07 15:26:05 DEBUG HQL_FUNCTIONS:152 - LocalDate local_date
2026-01-07 15:26:05 DEBUG HQL_FUNCTIONS:152 - LocalDateTime local_datetime
2026-01-07 15:26:05 DEBUG HQL_FUNCTIONS:152 - LocalTime local_time
2026-01-07 15:26:05 DEBUG HQL_FUNCTIONS:152 - Time localtime
2026-01-07 15:26:05 DEBUG HQL_FUNCTIONS:152 - Timestamp localtimestamp
2026-01-07 15:26:05 DEBUG HQL_FUNCTIONS:152 - Integer locate(STRING pattern, STRING string[, INTEGER start])
2026-01-07 15:26:05 DEBUG HQL_FUNCTIONS:152 - Double log(NUMERIC arg0[, NUMERIC arg1])
2026-01-07 15:26:05 DEBUG HQL_FUNCTIONS:152 - Double log10(NUMERIC arg)
2026-01-07 15:26:05 DEBUG HQL_FUNCTIONS:152 - Double log2(NUMERIC arg)
2026-01-07 15:26:05 DEBUG HQL_FUNCTIONS:152 - String lower(STRING string)
2026-01-07 15:26:05 DEBUG HQL_FUNCTIONS:152 - String lpad(string, length[, padding])
2026-01-07 15:26:05 DEBUG HQL_FUNCTIONS:152 - String ltrim(STRING string[, STRING characters])
2026-01-07 15:26:05 DEBUG HQL_FUNCTIONS:152 - Date makedate(INTEGER year, INTEGER dayofyear)
2026-01-07 15:26:05 DEBUG HQL_FUNCTIONS:152 - Time maketime(INTEGER hour, INTEGER min, INTEGER sec)
2026-01-07 15:26:05 DEBUG HQL_FUNCTIONS:152 - max(COMPARABLE arg)
2026-01-07 15:26:05 DEBUG HQL_FUNCTIONS:152 - byte[] md5(arg)
2026-01-07 15:26:05 DEBUG HQL_FUNCTIONS:152 - Integer microsecond(TIME arg)
2026-01-07 15:26:05 DEBUG HQL_FUNCTIONS:152 - min(COMPARABLE arg)
2026-01-07 15:26:05 DEBUG HQL_FUNCTIONS:152 - Integer minute(TIME arg)
2026-01-07 15:26:05 DEBUG HQL_FUNCTIONS:152 - Integer mod(INTEGER arg0, INTEGER arg1)
2026-01-07 15:26:05 DEBUG HQL_FUNCTIONS:152 - Integer month(DATE arg)
2026-01-07 15:26:05 DEBUG HQL_FUNCTIONS:152 - String monthname(DATE arg)
2026-01-07 15:26:05 DEBUG HQL_FUNCTIONS:152 - Timestamp now()
2026-01-07 15:26:05 DEBUG HQL_FUNCTIONS:152 - nth_valueANY value, INTEGER nth
2026-01-07 15:26:05 DEBUG HQL_FUNCTIONS:152 - nullif(arg0, arg1)
2026-01-07 15:26:05 DEBUG HQL_FUNCTIONS:152 - Integer octet_length(STRING_OR_CLOB arg)
2026-01-07 15:26:05 DEBUG HQL_FUNCTIONS:152 - OffsetDateTime offset datetime
2026-01-07 15:26:05 DEBUG HQL_FUNCTIONS:152 - OffsetDateTime offset_datetime
2026-01-07 15:26:05 DEBUG HQL_FUNCTIONS:152 - Integer ordinal(ENUM arg)
2026-01-07 15:26:05 DEBUG HQL_FUNCTIONS:152 - String overlay(STRING string placing STRING replacement from INTEGER start[ for INTEGER length])
2026-01-07 15:26:05 DEBUG HQL_FUNCTIONS:152 - String pad(STRING string with INTEGER length {leading|trailing}[ STRING character])
2026-01-07 15:26:05 DEBUG HQL_FUNCTIONS:152 - Double percent_rank([arg0[, ...]])
2026-01-07 15:26:05 DEBUG HQL_FUNCTIONS:152 - Double pi
2026-01-07 15:26:05 DEBUG HQL_FUNCTIONS:152 - Integer position(STRING pattern in STRING string)
2026-01-07 15:26:05 DEBUG HQL_FUNCTIONS:152 - Double power(NUMERIC arg0, NUMERIC arg1)
2026-01-07 15:26:05 DEBUG HQL_FUNCTIONS:152 - Integer quarter(DATE arg)
2026-01-07 15:26:05 DEBUG HQL_FUNCTIONS:152 - Double radians(NUMERIC arg)
2026-01-07 15:26:05 DEBUG HQL_FUNCTIONS:152 - Double rand([INTEGER seed])
2026-01-07 15:26:05 DEBUG HQL_FUNCTIONS:152 - Long rank([arg0[, ...]])
2026-01-07 15:26:05 DEBUG HQL_FUNCTIONS:152 - String repeat(STRING string, INTEGER times)
2026-01-07 15:26:05 DEBUG HQL_FUNCTIONS:152 - String replace(STRING string, STRING pattern, STRING replacement)
2026-01-07 15:26:05 DEBUG HQL_FUNCTIONS:152 - String reverse(STRING arg)
2026-01-07 15:26:05 DEBUG HQL_FUNCTIONS:152 - String right(STRING string, INTEGER length)
2026-01-07 15:26:05 DEBUG HQL_FUNCTIONS:152 - round(NUMERIC number[, INTEGER places])
2026-01-07 15:26:05 DEBUG HQL_FUNCTIONS:152 - Long row_number()
2026-01-07 15:26:05 DEBUG HQL_FUNCTIONS:152 - String rpad(string, length[, padding])
2026-01-07 15:26:05 DEBUG HQL_FUNCTIONS:152 - String rtrim(STRING string[, STRING characters])
2026-01-07 15:26:05 DEBUG HQL_FUNCTIONS:152 - Integer second(TIME arg)
2026-01-07 15:26:05 DEBUG HQL_FUNCTIONS:152 - byte[] sha(arg)
2026-01-07 15:26:05 DEBUG HQL_FUNCTIONS:152 - String sha1(arg)
2026-01-07 15:26:05 DEBUG HQL_FUNCTIONS:152 - String sha2(arg0, arg1)
2026-01-07 15:26:05 DEBUG HQL_FUNCTIONS:152 - Integer sign(NUMERIC arg)
2026-01-07 15:26:05 DEBUG HQL_FUNCTIONS:152 - Double sin(NUMERIC arg)
2026-01-07 15:26:05 DEBUG HQL_FUNCTIONS:152 - Double sinh(NUMERIC arg)
2026-01-07 15:26:05 DEBUG HQL_FUNCTIONS:152 - String soundex(arg)
2026-01-07 15:26:05 DEBUG HQL_FUNCTIONS:152 - String space(INTEGER arg)
2026-01-07 15:26:05 DEBUG HQL_FUNCTIONS:152 - Object sql
2026-01-07 15:26:05 DEBUG HQL_FUNCTIONS:152 - Double sqrt(NUMERIC arg)
2026-01-07 15:26:05 DEBUG HQL_FUNCTIONS:152 - Double stddev(NUMERIC arg)
2026-01-07 15:26:05 DEBUG HQL_FUNCTIONS:152 - Double stddev_pop(NUMERIC arg)
2026-01-07 15:26:05 DEBUG HQL_FUNCTIONS:152 - Double stddev_samp(NUMERIC arg)
2026-01-07 15:26:05 DEBUG HQL_FUNCTIONS:152 - String str(arg)
2026-01-07 15:26:05 DEBUG HQL_FUNCTIONS:152 - subdate(DATE datetime, INTEGER days)
2026-01-07 15:26:05 DEBUG HQL_FUNCTIONS:152 - String substr(STRING string, INTEGER start[, INTEGER length])
2026-01-07 15:26:05 DEBUG HQL_FUNCTIONS:152 - String substring(STRING string{ from|,} INTEGER start[{ for|,} INTEGER length])
2026-01-07 15:26:05 DEBUG HQL_FUNCTIONS:152 - subtime(TIME datetime, TIME time)
2026-01-07 15:26:05 DEBUG HQL_FUNCTIONS:152 - sum(arg)
2026-01-07 15:26:05 DEBUG HQL_FUNCTIONS:152 - Timestamp sysdate()
2026-01-07 15:26:05 DEBUG HQL_FUNCTIONS:152 - Double tan(NUMERIC arg)
2026-01-07 15:26:05 DEBUG HQL_FUNCTIONS:152 - Double tanh(NUMERIC arg)
2026-01-07 15:26:05 DEBUG HQL_FUNCTIONS:152 - String time(arg)
2026-01-07 15:26:05 DEBUG HQL_FUNCTIONS:152 - Timestamp timestamp(arg0[, arg1])
2026-01-07 15:26:05 DEBUG HQL_FUNCTIONS:152 - timestampadd(TEMPORAL_UNIT field, INTEGER magnitude, TEMPORAL datetime)
2026-01-07 15:26:05 DEBUG HQL_FUNCTIONS:152 - Long|Double timestampdiff(TEMPORAL_UNIT field, TEMPORAL start, TEMPORAL end)
2026-01-07 15:26:05 DEBUG HQL_FUNCTIONS:152 - String trim([[{leading|trailing|both} ][STRING arg0 ]from] STRING arg1)
2026-01-07 15:26:05 DEBUG HQL_FUNCTIONS:152 - trunc( ... )
2026-01-07 15:26:05 DEBUG HQL_FUNCTIONS:152 - truncate( ... )
2026-01-07 15:26:05 DEBUG HQL_FUNCTIONS:152 - String upper(STRING string)
2026-01-07 15:26:05 DEBUG HQL_FUNCTIONS:152 - Date utc_date
2026-01-07 15:26:05 DEBUG HQL_FUNCTIONS:152 - Time utc_time
2026-01-07 15:26:05 DEBUG HQL_FUNCTIONS:152 - Timestamp utc_timestamp
2026-01-07 15:26:05 DEBUG HQL_FUNCTIONS:152 - Double var_pop(NUMERIC arg)
2026-01-07 15:26:05 DEBUG HQL_FUNCTIONS:152 - Double var_samp(NUMERIC arg)
2026-01-07 15:26:05 DEBUG HQL_FUNCTIONS:152 - Double variance(NUMERIC arg)
2026-01-07 15:26:05 DEBUG HQL_FUNCTIONS:152 - Integer week(DATE arg)
2026-01-07 15:26:05 DEBUG HQL_FUNCTIONS:152 - Integer year(DATE arg)
2026-01-07 15:26:05 DEBUG cache:49 - Starting QueryInterpretationCache(2048)
2026-01-07 15:26:06 DEBUG ClassLoaderAccessImpl:58 - Not known whether passed class name [com.test.Address] is safe
2026-01-07 15:26:06 DEBUG ClassLoaderAccessImpl:60 - No temp ClassLoader provided; using live ClassLoader for loading potentially unsafe class : com.test.Address
2026-01-07 15:26:06 DEBUG BytecodeProviderImpl:232 - HHH000513: Unable to create the ReflectionOptimizer for [com.test.Address]: private accessor [city]
2026-01-07 15:26:06 DEBUG interceptor:45 - To-one property `com.test.Employee#address` was mapped with LAZY + NO_PROXY but the class was not enhanced
2026-01-07 15:26:06 DEBUG interceptor:45 - To-one property `com.test.Employee#address` was mapped with LAZY + NO_PROXY but the class was not enhanced
2026-01-07 15:26:06 DEBUG ClassLoaderAccessImpl:58 - Not known whether passed class name [com.test.Employee] is safe
2026-01-07 15:26:06 DEBUG ClassLoaderAccessImpl:60 - No temp ClassLoader provided; using live ClassLoader for loading potentially unsafe class : com.test.Employee
2026-01-07 15:26:06 DEBUG BytecodeProviderImpl:232 - HHH000513: Unable to create the ReflectionOptimizer for [com.test.Employee]: private accessor [address]
2026-01-07 15:26:06 DEBUG interceptor:45 - To-one property `com.test.Employee#address` was mapped with LAZY + NO_PROXY but the class was not enhanced
2026-01-07 15:26:06 DEBUG creation:102 - Starting post-init callbacks
2026-01-07 15:26:06 DEBUG creation:252 - Starting PostInitCallbackEntry : Entity(com.test.Address) `staticFetchableList` generator
2026-01-07 15:26:06 DEBUG creation:252 - Starting PostInitCallbackEntry : Entity(com.test.Address) `sqmMultiTableInsertStrategy` interpretation
2026-01-07 15:26:06 DEBUG creation:252 - Starting PostInitCallbackEntry : To-one key - NavigableRole[com.test.Employee.address]
2026-01-07 15:26:06 DEBUG creation:252 - Starting PostInitCallbackEntry : Entity(com.test.Employee) `staticFetchableList` generator
2026-01-07 15:26:06 DEBUG creation:252 - Starting PostInitCallbackEntry : Entity(com.test.Employee) `sqmMultiTableInsertStrategy` interpretation
2026-01-07 15:26:06 DEBUG create:30 - Created new SQL alias : a1_0
2026-01-07 15:26:06 DEBUG create:121 - Registration of TableGroup [StandardTableGroup(com.test.Address)] with identifierForTableGroup [com.test.Address] for NavigablePath [com.test.Address] 
2026-01-07 15:26:06 DEBUG AST:67 - DomainResult Graph:
 \-EntityResultImpl [com.test.Address]
 |  +-BasicFetch [com.test.Address.city]
 |  +-BasicFetch [com.test.Address.country]
 |  \-BasicFetch [com.test.Address.state]

2026-01-07 15:26:06 DEBUG tree:43 - SQL AST Tree:
    SelectStatement {
      FromClause {
        StandardTableGroup (a1 : com.test.Address) {
          primaryTableReference : address as a1_0
        }
      }
    }

2026-01-07 15:26:06 DEBUG AbstractEntityPersister:2673 - Static SQL for entity: com.test.Address
2026-01-07 15:26:06 DEBUG AbstractEntityPersister:2678 -  Version select: select id from address where id=?
2026-01-07 15:26:06 DEBUG AbstractEntityPersister:393 -  Insert (0): insert into address (city,country,state,id) values (?,?,?,?)
2026-01-07 15:26:06 DEBUG AbstractEntityPersister:393 -  Update (0): update address set city=?,country=?,state=? where id=?
2026-01-07 15:26:06 DEBUG AbstractEntityPersister:393 -  Delete (0): delete from address where id=?
2026-01-07 15:26:06 DEBUG create:30 - Created new SQL alias : e1_0
2026-01-07 15:26:06 DEBUG create:121 - Registration of TableGroup [StandardTableGroup(com.test.Employee)] with identifierForTableGroup [com.test.Employee] for NavigablePath [com.test.Employee] 
2026-01-07 15:26:06 DEBUG create:121 - Registration of TableGroup [org.hibernate.sql.ast.tree.from.LazyTableGroup@7417ef4f] with identifierForTableGroup [com.test.Employee.address] for NavigablePath [com.test.Employee.address] 
2026-01-07 15:26:06 DEBUG create:30 - Created new SQL alias : a1_0
2026-01-07 15:26:06 DEBUG AST:67 - DomainResult Graph:
 \-EntityResultImpl [com.test.Employee]
 |  +-EntityFetchJoinedImpl [com.test.Employee.address]
 |  |  +-BasicFetch [com.test.Employee.address.city]
 |  |  +-BasicFetch [com.test.Employee.address.country]
 |  |  \-BasicFetch [com.test.Employee.address.state]
 |  +-BasicFetch [com.test.Employee.e_company]
 |  \-BasicFetch [com.test.Employee.e_name]

2026-01-07 15:26:06 DEBUG tree:43 - SQL AST Tree:
    SelectStatement {
      FromClause {
        StandardTableGroup (e1 : com.test.Employee) {
          primaryTableReference : employee as e1_0
          TableGroupJoins {
            left  join LazyTableGroup (a1 : com.test.Employee.address) {
              primaryTableReference : address as a1_0
            }
          }
        }
      }
    }

2026-01-07 15:26:06 DEBUG AbstractEntityPersister:2673 - Static SQL for entity: com.test.Employee
2026-01-07 15:26:06 DEBUG AbstractEntityPersister:2678 -  Version select: select id from employee where id=?
2026-01-07 15:26:06 DEBUG AbstractEntityPersister:393 -  Insert (0): insert into employee (address,e_company,e_name,id) values (?,?,?,?)
2026-01-07 15:26:06 DEBUG AbstractEntityPersister:393 -  Update (0): update employee set address=?,e_company=?,e_name=? where id=?
2026-01-07 15:26:06 DEBUG AbstractEntityPersister:393 -  Delete (0): delete from employee where id=?
2026-01-07 15:26:06 DEBUG JtaPlatformInitiator:44 - No JtaPlatform was specified, checking resolver
2026-01-07 15:26:06 DEBUG JtaPlatformResolverInitiator:32 - No JtaPlatformResolver was specified, using default [org.hibernate.engine.transaction.jta.platform.internal.StandardJtaPlatformResolver]
2026-01-07 15:26:06 DEBUG StandardJtaPlatformResolver:100 - Could not resolve JtaPlatform, using default [org.hibernate.engine.transaction.jta.platform.internal.NoJtaPlatform]
2026-01-07 15:26:06 INFO  JtaPlatformInitiator:58 - HHH000489: No JTA platform available (set 'hibernate.transaction.jta.platform' to enable JTA platform integration)
2026-01-07 15:26:06 DEBUG EntityCopyObserverFactoryInitiator:37 - Configured EntityCopyObserver strategy: disallow
2026-01-07 15:26:06 DEBUG SessionFactoryServiceRegistryImpl:103 - EventListenerRegistry access via ServiceRegistry is deprecated.  Use `sessionFactory.getEventEngine().getListenerRegistry()` instead
2026-01-07 15:26:06 DEBUG TypeConfiguration$Scope:209 - Scoping TypeConfiguration [org.hibernate.type.spi.TypeConfiguration@5f2de715] to SessionFactoryImplementor [org.hibernate.internal.SessionFactoryImpl@652b3733]
2026-01-07 15:26:06 DEBUG NamedObjectRepository:324 - Checking 0 named HQL queries
2026-01-07 15:26:06 DEBUG NamedObjectRepository:348 - Checking 0 named SQL queries
2026-01-07 15:26:06 INFO  access:50 - HHH10001501: Connection obtained from JdbcConnectionAccess [org.hibernate.engine.jdbc.env.internal.JdbcEnvironmentInitiator$ConnectionProviderJdbcConnectionAccess@2fa212df] for (non-JTA) DDL execution was not in auto-commit mode; the Connection 'local transaction' will be committed and the Connection will be set into auto-commit mode.
2026-01-07 15:26:06 DEBUG SQL:130 - 
    create table address (
        id integer not null,
        city varchar(255),
        country varchar(255),
        state varchar(255),
        primary key (id)
    ) engine=InnoDB
2026-01-07 15:26:06 DEBUG SQL:130 - 
    create table address_SEQ (
        next_val bigint
    ) engine=InnoDB
2026-01-07 15:26:07 DEBUG SQL:130 - 
    insert into address_SEQ values ( 1 )
2026-01-07 15:26:07 DEBUG SQL:130 - 
    create table employee (
        id integer not null,
        e_company varchar(255),
        e_name varchar(255),
        address integer,
        primary key (id)
    ) engine=InnoDB
2026-01-07 15:26:07 DEBUG SQL:130 - 
    create table employee_SEQ (
        next_val bigint
    ) engine=InnoDB
2026-01-07 15:26:08 DEBUG SQL:130 - 
    insert into employee_SEQ values ( 1 )
2026-01-07 15:26:08 DEBUG SQL:130 - 
    alter table employee 
       drop index UKga9pb8ju9od45t0c04699uf08
2026-01-07 15:26:08 DEBUG SQL:130 - 
    alter table employee 
       add constraint UKga9pb8ju9od45t0c04699uf08 unique (address)
2026-01-07 15:26:08 DEBUG SQL:130 - 
    alter table employee 
       add constraint FK4thuma2ldu3bin38ywwjr4p8a 
       foreign key (address) 
       references address (id)
2026-01-07 15:26:09 DEBUG factoryRegistry:51 - Initializing SessionFactoryRegistry : org.hibernate.internal.SessionFactoryRegistry@c754401
2026-01-07 15:26:09 DEBUG factoryRegistry:73 - HHH020384: Registering SessionFactory: f43a3c2e-0041-414c-b722-6f95576e21f0 (<unnamed>)
2026-01-07 15:26:09 DEBUG factoryRegistry:80 - HHH020385: Not binding SessionFactory to JNDI, no JNDI name configured
2026-01-07 15:26:09 DEBUG SessionFactoryImpl:364 - Instantiated factory
2026-01-07 15:26:09 DEBUG StatisticsInitiator:47 - Statistics initialized [enabled=false]
2026-01-07 15:26:09 DEBUG TransactionImpl:75 - begin transaction
2026-01-07 15:26:09 DEBUG SQL:130 - 
    select
        next_val as id_val 
    from
        address_SEQ 
    for
        update
2026-01-07 15:26:09 DEBUG SQL:130 - 
    update
        address_SEQ 
    set
        next_val= ? 
    where
        next_val=?
2026-01-07 15:26:09 DEBUG AbstractSaveEventListener:163 - Generated identifier [1] using generator 'org.hibernate.id.enhanced.SequenceStyleGenerator'
2026-01-07 15:26:09 DEBUG SQL:130 - 
    select
        next_val as id_val 
    from
        employee_SEQ 
    for
        update
2026-01-07 15:26:09 DEBUG SQL:130 - 
    update
        employee_SEQ 
    set
        next_val= ? 
    where
        next_val=?
2026-01-07 15:26:09 DEBUG AbstractSaveEventListener:163 - Generated identifier [1] using generator 'org.hibernate.id.enhanced.SequenceStyleGenerator'
2026-01-07 15:26:09 DEBUG TransactionImpl:88 - committing transaction
2026-01-07 15:26:09 DEBUG AbstractFlushingEventListener:130 - Processing flush-time cascades
2026-01-07 15:26:09 DEBUG AbstractFlushingEventListener:188 - Dirty checking collections
2026-01-07 15:26:09 DEBUG AbstractFlushingEventListener:105 - Flushed: 2 insertions, 0 updates, 0 deletions to 2 objects
2026-01-07 15:26:09 DEBUG AbstractFlushingEventListener:112 - Flushed: 0 (re)creations, 0 updates, 0 removals to 0 collections
2026-01-07 15:26:09 DEBUG EntityPrinter:102 - Listing entities:
2026-01-07 15:26:09 DEBUG EntityPrinter:113 - com.test.Employee{e_name=Arjun, address=com.test.Address#1, e_company=Mphasis, id=1}
2026-01-07 15:26:09 DEBUG EntityPrinter:113 - com.test.Address{country=India, city=Banglore, id=1, state=KA}
2026-01-07 15:26:09 DEBUG SQL:130 - 
    insert 
    into
        address
        (city, country, state, id) 
    values
        (?, ?, ?, ?)
2026-01-07 15:26:09 DEBUG SQL:130 - 
    insert 
    into
        employee
        (address, e_company, e_name, id) 
    values
        (?, ?, ?, ?)
2026-01-07 15:26:09 DEBUG JdbcEventHandler:127 - Aborting batches as part of ResourceRegistryStandardImpl#releaseResources
2026-01-07 15:26:09 DEBUG LogicalConnectionManagedImpl:182 - Initiating JDBC connection release from afterTransaction
2026-01-07 15:26:09 DEBUG JdbcEventHandler:127 - Aborting batches as part of ResourceRegistryStandardImpl#releaseResources
2026-01-07 15:26:09 DEBUG JdbcEventHandler:127 - Aborting batches as part of ResourceRegistryStandardImpl#releaseResources
2026-01-07 15:26:09 DEBUG LogicalConnectionManagedImpl:182 - Initiating JDBC connection release from afterTransaction
2026-01-07 15:26:09 DEBUG metrics:279 - HHH000401: Logging session metrics:
	22323100 ns acquiring 3 JDBC connections
	1986500 ns releasing 3 JDBC connections
	932800 ns preparing 6 JDBC statements
	5959900 ns executing 6 JDBC statements
	0 ns executing 0 JDBC batches
	0 ns performing 0 second-level cache puts
	0 ns performing 0 second-level cache hits
	0 ns performing 0 second-level cache misses
	26256100 ns executing 1 flushes (flushing a total of 2 entities and 0 collections)
	0 ns executing 0 pre-partial-flushes
	0 ns executing 0 partial-flushes (flushing a total of 0 entities and 0 collections)

2026-01-07 15:26:09 DEBUG JdbcEventHandler:127 - Aborting batches as part of ResourceRegistryStandardImpl#releaseResources
