2026-01-07 14:38:34 DEBUG IntegratorServiceImpl:49 - Adding Integrator [org.hibernate.boot.beanvalidation.BeanValidationIntegrator].
2026-01-07 14:38:34 DEBUG IntegratorServiceImpl:49 - Adding Integrator [org.hibernate.cache.internal.CollectionCacheInvalidator].
2026-01-07 14:38:34 INFO  Version:45 - HHH000412: Hibernate ORM core version 7.0.0.Final
2026-01-07 14:38:34 DEBUG Environment:162 - HHH000206: 'hibernate.properties' not found
2026-01-07 14:38:34 DEBUG LocalXmlResourceResolver:87 - Checking public/system identifiers `-//Hibernate/Hibernate Configuration DTD 3.0//EN`/`http://www.hibernate.org/dtd/hibernate-configuration-3.0.dtd` as DTD references
2026-01-07 14:38:34 DEBUG JaxbCfgProcessor:113 - cfg.xml document did not define namespaces; wrapping in custom event reader to introduce namespace information
2026-01-07 14:38:34 DEBUG Configuration:1104 - Building session factory using internal StandardServiceRegistryBuilder
2026-01-07 14:38:34 DEBUG Configuration:1005 - Building session factory using provided StandardServiceRegistry
2026-01-07 14:38:34 DEBUG RegionFactoryInitiator:117 - Cannot default RegionFactory based on registered strategies as `[]` RegionFactory strategies were registered
2026-01-07 14:38:34 DEBUG RegionFactoryInitiator:47 - HHH000026: Second-level cache disabled
2026-01-07 14:38:34 DEBUG BasicTypeRegistry:423 - Adding type registration boolean -> org.hibernate.type.BasicTypeReference@16afbd92
2026-01-07 14:38:34 DEBUG BasicTypeRegistry:423 - Adding type registration boolean -> org.hibernate.type.BasicTypeReference@16afbd92
2026-01-07 14:38:34 DEBUG BasicTypeRegistry:423 - Adding type registration java.lang.Boolean -> org.hibernate.type.BasicTypeReference@16afbd92
2026-01-07 14:38:34 DEBUG BasicTypeRegistry:423 - Adding type registration numeric_boolean -> org.hibernate.type.BasicTypeReference@2c5d601e
2026-01-07 14:38:34 DEBUG BasicTypeRegistry:423 - Adding type registration org.hibernate.type.NumericBooleanConverter -> org.hibernate.type.BasicTypeReference@2c5d601e
2026-01-07 14:38:34 DEBUG BasicTypeRegistry:423 - Adding type registration true_false -> org.hibernate.type.BasicTypeReference@7fe083b1
2026-01-07 14:38:34 DEBUG BasicTypeRegistry:423 - Adding type registration org.hibernate.type.TrueFalseConverter -> org.hibernate.type.BasicTypeReference@7fe083b1
2026-01-07 14:38:34 DEBUG BasicTypeRegistry:423 - Adding type registration yes_no -> org.hibernate.type.BasicTypeReference@23c388c2
2026-01-07 14:38:34 DEBUG BasicTypeRegistry:423 - Adding type registration org.hibernate.type.YesNoConverter -> org.hibernate.type.BasicTypeReference@23c388c2
2026-01-07 14:38:34 DEBUG BasicTypeRegistry:423 - Adding type registration byte -> org.hibernate.type.BasicTypeReference@486be205
2026-01-07 14:38:34 DEBUG BasicTypeRegistry:423 - Adding type registration byte -> org.hibernate.type.BasicTypeReference@486be205
2026-01-07 14:38:34 DEBUG BasicTypeRegistry:423 - Adding type registration java.lang.Byte -> org.hibernate.type.BasicTypeReference@486be205
2026-01-07 14:38:34 DEBUG BasicTypeRegistry:423 - Adding type registration binary -> org.hibernate.type.BasicTypeReference@f713686
2026-01-07 14:38:34 DEBUG BasicTypeRegistry:423 - Adding type registration byte[] -> org.hibernate.type.BasicTypeReference@f713686
2026-01-07 14:38:34 DEBUG BasicTypeRegistry:423 - Adding type registration [B -> org.hibernate.type.BasicTypeReference@f713686
2026-01-07 14:38:34 DEBUG BasicTypeRegistry:423 - Adding type registration binary_wrapper -> org.hibernate.type.BasicTypeReference@74f7d1d2
2026-01-07 14:38:34 DEBUG BasicTypeRegistry:423 - Adding type registration wrapper-binary -> org.hibernate.type.BasicTypeReference@74f7d1d2
2026-01-07 14:38:34 DEBUG BasicTypeRegistry:423 - Adding type registration image -> org.hibernate.type.BasicTypeReference@4b4dd216
2026-01-07 14:38:34 DEBUG BasicTypeRegistry:423 - Adding type registration blob -> org.hibernate.type.BasicTypeReference@5ca17ab0
2026-01-07 14:38:34 DEBUG BasicTypeRegistry:423 - Adding type registration java.sql.Blob -> org.hibernate.type.BasicTypeReference@5ca17ab0
2026-01-07 14:38:34 DEBUG BasicTypeRegistry:423 - Adding type registration materialized_blob -> org.hibernate.type.BasicTypeReference@5a62b2a4
2026-01-07 14:38:34 DEBUG BasicTypeRegistry:423 - Adding type registration materialized_blob_wrapper -> org.hibernate.type.BasicTypeReference@1051817b
2026-01-07 14:38:34 DEBUG BasicTypeRegistry:423 - Adding type registration short -> org.hibernate.type.BasicTypeReference@35293c05
2026-01-07 14:38:34 DEBUG BasicTypeRegistry:423 - Adding type registration short -> org.hibernate.type.BasicTypeReference@35293c05
2026-01-07 14:38:34 DEBUG BasicTypeRegistry:423 - Adding type registration java.lang.Short -> org.hibernate.type.BasicTypeReference@35293c05
2026-01-07 14:38:34 DEBUG BasicTypeRegistry:423 - Adding type registration integer -> org.hibernate.type.BasicTypeReference@620aa4ea
2026-01-07 14:38:34 DEBUG BasicTypeRegistry:423 - Adding type registration int -> org.hibernate.type.BasicTypeReference@620aa4ea
2026-01-07 14:38:34 DEBUG BasicTypeRegistry:423 - Adding type registration java.lang.Integer -> org.hibernate.type.BasicTypeReference@620aa4ea
2026-01-07 14:38:34 DEBUG BasicTypeRegistry:423 - Adding type registration long -> org.hibernate.type.BasicTypeReference@2db2dd9d
2026-01-07 14:38:34 DEBUG BasicTypeRegistry:423 - Adding type registration long -> org.hibernate.type.BasicTypeReference@2db2dd9d
2026-01-07 14:38:34 DEBUG BasicTypeRegistry:423 - Adding type registration java.lang.Long -> org.hibernate.type.BasicTypeReference@2db2dd9d
2026-01-07 14:38:34 DEBUG BasicTypeRegistry:423 - Adding type registration float -> org.hibernate.type.BasicTypeReference@3174cb09
2026-01-07 14:38:34 DEBUG BasicTypeRegistry:423 - Adding type registration float -> org.hibernate.type.BasicTypeReference@3174cb09
2026-01-07 14:38:34 DEBUG BasicTypeRegistry:423 - Adding type registration java.lang.Float -> org.hibernate.type.BasicTypeReference@3174cb09
2026-01-07 14:38:34 DEBUG BasicTypeRegistry:423 - Adding type registration double -> org.hibernate.type.BasicTypeReference@4d411036
2026-01-07 14:38:34 DEBUG BasicTypeRegistry:423 - Adding type registration double -> org.hibernate.type.BasicTypeReference@4d411036
2026-01-07 14:38:34 DEBUG BasicTypeRegistry:423 - Adding type registration java.lang.Double -> org.hibernate.type.BasicTypeReference@4d411036
2026-01-07 14:38:34 DEBUG BasicTypeRegistry:423 - Adding type registration big_integer -> org.hibernate.type.BasicTypeReference@7adbd080
2026-01-07 14:38:34 DEBUG BasicTypeRegistry:423 - Adding type registration java.math.BigInteger -> org.hibernate.type.BasicTypeReference@7adbd080
2026-01-07 14:38:34 DEBUG BasicTypeRegistry:423 - Adding type registration big_decimal -> org.hibernate.type.BasicTypeReference@41beb473
2026-01-07 14:38:34 DEBUG BasicTypeRegistry:423 - Adding type registration java.math.BigDecimal -> org.hibernate.type.BasicTypeReference@41beb473
2026-01-07 14:38:34 DEBUG BasicTypeRegistry:423 - Adding type registration character -> org.hibernate.type.BasicTypeReference@560513ce
2026-01-07 14:38:34 DEBUG BasicTypeRegistry:423 - Adding type registration char -> org.hibernate.type.BasicTypeReference@560513ce
2026-01-07 14:38:34 DEBUG BasicTypeRegistry:423 - Adding type registration java.lang.Character -> org.hibernate.type.BasicTypeReference@560513ce
2026-01-07 14:38:34 DEBUG BasicTypeRegistry:423 - Adding type registration character_nchar -> org.hibernate.type.BasicTypeReference@13006998
2026-01-07 14:38:34 DEBUG BasicTypeRegistry:423 - Adding type registration string -> org.hibernate.type.BasicTypeReference@37fbe4a8
2026-01-07 14:38:34 DEBUG BasicTypeRegistry:423 - Adding type registration java.lang.String -> org.hibernate.type.BasicTypeReference@37fbe4a8
2026-01-07 14:38:34 DEBUG BasicTypeRegistry:423 - Adding type registration nstring -> org.hibernate.type.BasicTypeReference@352c308
2026-01-07 14:38:34 DEBUG BasicTypeRegistry:423 - Adding type registration characters -> org.hibernate.type.BasicTypeReference@7d373bcf
2026-01-07 14:38:34 DEBUG BasicTypeRegistry:423 - Adding type registration char[] -> org.hibernate.type.BasicTypeReference@7d373bcf
2026-01-07 14:38:34 DEBUG BasicTypeRegistry:423 - Adding type registration [C -> org.hibernate.type.BasicTypeReference@7d373bcf
2026-01-07 14:38:34 DEBUG BasicTypeRegistry:423 - Adding type registration wrapper-characters -> org.hibernate.type.BasicTypeReference@6d6bc158
2026-01-07 14:38:34 DEBUG BasicTypeRegistry:423 - Adding type registration text -> org.hibernate.type.BasicTypeReference@5dda6f9
2026-01-07 14:38:34 DEBUG BasicTypeRegistry:423 - Adding type registration ntext -> org.hibernate.type.BasicTypeReference@10027fc9
2026-01-07 14:38:34 DEBUG BasicTypeRegistry:423 - Adding type registration clob -> org.hibernate.type.BasicTypeReference@54afd745
2026-01-07 14:38:34 DEBUG BasicTypeRegistry:423 - Adding type registration java.sql.Clob -> org.hibernate.type.BasicTypeReference@54afd745
2026-01-07 14:38:34 DEBUG BasicTypeRegistry:423 - Adding type registration nclob -> org.hibernate.type.BasicTypeReference@677dbd89
2026-01-07 14:38:34 DEBUG BasicTypeRegistry:423 - Adding type registration java.sql.NClob -> org.hibernate.type.BasicTypeReference@677dbd89
2026-01-07 14:38:34 DEBUG BasicTypeRegistry:423 - Adding type registration materialized_clob -> org.hibernate.type.BasicTypeReference@fff25f1
2026-01-07 14:38:34 DEBUG BasicTypeRegistry:423 - Adding type registration materialized_clob_char_array -> org.hibernate.type.BasicTypeReference@c00fff0
2026-01-07 14:38:34 DEBUG BasicTypeRegistry:423 - Adding type registration materialized_clob_character_array -> org.hibernate.type.BasicTypeReference@263f04ca
2026-01-07 14:38:34 DEBUG BasicTypeRegistry:423 - Adding type registration materialized_nclob -> org.hibernate.type.BasicTypeReference@2ca47471
2026-01-07 14:38:34 DEBUG BasicTypeRegistry:423 - Adding type registration materialized_nclob_character_array -> org.hibernate.type.BasicTypeReference@5a021cb9
2026-01-07 14:38:34 DEBUG BasicTypeRegistry:423 - Adding type registration materialized_nclob_char_array -> org.hibernate.type.BasicTypeReference@51768776
2026-01-07 14:38:34 DEBUG BasicTypeRegistry:423 - Adding type registration Duration -> org.hibernate.type.BasicTypeReference@f31c0c6
2026-01-07 14:38:34 DEBUG BasicTypeRegistry:423 - Adding type registration java.time.Duration -> org.hibernate.type.BasicTypeReference@f31c0c6
2026-01-07 14:38:34 DEBUG BasicTypeRegistry:423 - Adding type registration LocalDateTime -> org.hibernate.type.BasicTypeReference@b93aad
2026-01-07 14:38:34 DEBUG BasicTypeRegistry:423 - Adding type registration java.time.LocalDateTime -> org.hibernate.type.BasicTypeReference@b93aad
2026-01-07 14:38:34 DEBUG BasicTypeRegistry:423 - Adding type registration LocalDate -> org.hibernate.type.BasicTypeReference@4a9419d7
2026-01-07 14:38:34 DEBUG BasicTypeRegistry:423 - Adding type registration java.time.LocalDate -> org.hibernate.type.BasicTypeReference@4a9419d7
2026-01-07 14:38:34 DEBUG BasicTypeRegistry:423 - Adding type registration LocalTime -> org.hibernate.type.BasicTypeReference@2f3c6ac4
2026-01-07 14:38:34 DEBUG BasicTypeRegistry:423 - Adding type registration java.time.LocalTime -> org.hibernate.type.BasicTypeReference@2f3c6ac4
2026-01-07 14:38:34 DEBUG BasicTypeRegistry:423 - Adding type registration OffsetDateTime -> org.hibernate.type.BasicTypeReference@2e8ab815
2026-01-07 14:38:34 DEBUG BasicTypeRegistry:423 - Adding type registration java.time.OffsetDateTime -> org.hibernate.type.BasicTypeReference@2e8ab815
2026-01-07 14:38:34 DEBUG BasicTypeRegistry:423 - Adding type registration OffsetDateTimeWithTimezone -> org.hibernate.type.BasicTypeReference@67af833b
2026-01-07 14:38:34 DEBUG BasicTypeRegistry:423 - Adding type registration OffsetDateTimeWithoutTimezone -> org.hibernate.type.BasicTypeReference@d1f74b8
2026-01-07 14:38:34 DEBUG BasicTypeRegistry:423 - Adding type registration OffsetTime -> org.hibernate.type.BasicTypeReference@41394595
2026-01-07 14:38:34 DEBUG BasicTypeRegistry:423 - Adding type registration java.time.OffsetTime -> org.hibernate.type.BasicTypeReference@41394595
2026-01-07 14:38:34 DEBUG BasicTypeRegistry:423 - Adding type registration OffsetTimeUtc -> org.hibernate.type.BasicTypeReference@3a0807b7
2026-01-07 14:38:34 DEBUG BasicTypeRegistry:423 - Adding type registration OffsetTimeWithTimezone -> org.hibernate.type.BasicTypeReference@21a5fd96
2026-01-07 14:38:34 DEBUG BasicTypeRegistry:423 - Adding type registration OffsetTimeWithoutTimezone -> org.hibernate.type.BasicTypeReference@5769e7ae
2026-01-07 14:38:34 DEBUG BasicTypeRegistry:423 - Adding type registration ZonedDateTime -> org.hibernate.type.BasicTypeReference@5c77053b
2026-01-07 14:38:34 DEBUG BasicTypeRegistry:423 - Adding type registration java.time.ZonedDateTime -> org.hibernate.type.BasicTypeReference@5c77053b
2026-01-07 14:38:34 DEBUG BasicTypeRegistry:423 - Adding type registration ZonedDateTimeWithTimezone -> org.hibernate.type.BasicTypeReference@26b894bd
2026-01-07 14:38:34 DEBUG BasicTypeRegistry:423 - Adding type registration ZonedDateTimeWithoutTimezone -> org.hibernate.type.BasicTypeReference@287f94b1
2026-01-07 14:38:34 DEBUG BasicTypeRegistry:423 - Adding type registration date -> org.hibernate.type.BasicTypeReference@30b34287
2026-01-07 14:38:34 DEBUG BasicTypeRegistry:423 - Adding type registration java.sql.Date -> org.hibernate.type.BasicTypeReference@30b34287
2026-01-07 14:38:34 DEBUG BasicTypeRegistry:423 - Adding type registration time -> org.hibernate.type.BasicTypeReference@5489c777
2026-01-07 14:38:34 DEBUG BasicTypeRegistry:423 - Adding type registration java.sql.Time -> org.hibernate.type.BasicTypeReference@5489c777
2026-01-07 14:38:34 DEBUG BasicTypeRegistry:423 - Adding type registration timestamp -> org.hibernate.type.BasicTypeReference@3676ac27
2026-01-07 14:38:34 DEBUG BasicTypeRegistry:423 - Adding type registration java.sql.Timestamp -> org.hibernate.type.BasicTypeReference@3676ac27
2026-01-07 14:38:34 DEBUG BasicTypeRegistry:423 - Adding type registration java.util.Date -> org.hibernate.type.BasicTypeReference@3676ac27
2026-01-07 14:38:34 DEBUG BasicTypeRegistry:423 - Adding type registration calendar -> org.hibernate.type.BasicTypeReference@62f87c44
2026-01-07 14:38:34 DEBUG BasicTypeRegistry:423 - Adding type registration java.util.Calendar -> org.hibernate.type.BasicTypeReference@62f87c44
2026-01-07 14:38:34 DEBUG BasicTypeRegistry:423 - Adding type registration java.util.GregorianCalendar -> org.hibernate.type.BasicTypeReference@62f87c44
2026-01-07 14:38:34 DEBUG BasicTypeRegistry:423 - Adding type registration calendar_date -> org.hibernate.type.BasicTypeReference@48f5bde6
2026-01-07 14:38:34 DEBUG BasicTypeRegistry:423 - Adding type registration calendar_time -> org.hibernate.type.BasicTypeReference@525d79f0
2026-01-07 14:38:34 DEBUG BasicTypeRegistry:423 - Adding type registration instant -> org.hibernate.type.BasicTypeReference@5149f008
2026-01-07 14:38:34 DEBUG BasicTypeRegistry:423 - Adding type registration java.time.Instant -> org.hibernate.type.BasicTypeReference@5149f008
2026-01-07 14:38:34 DEBUG BasicTypeRegistry:423 - Adding type registration uuid -> org.hibernate.type.BasicTypeReference@7072bc39
2026-01-07 14:38:34 DEBUG BasicTypeRegistry:423 - Adding type registration java.util.UUID -> org.hibernate.type.BasicTypeReference@7072bc39
2026-01-07 14:38:34 DEBUG BasicTypeRegistry:423 - Adding type registration pg-uuid -> org.hibernate.type.BasicTypeReference@7072bc39
2026-01-07 14:38:34 DEBUG BasicTypeRegistry:423 - Adding type registration uuid-binary -> org.hibernate.type.BasicTypeReference@158d255c
2026-01-07 14:38:34 DEBUG BasicTypeRegistry:423 - Adding type registration uuid-char -> org.hibernate.type.BasicTypeReference@2ca65ce4
2026-01-07 14:38:34 DEBUG BasicTypeRegistry:423 - Adding type registration class -> org.hibernate.type.BasicTypeReference@327120c8
2026-01-07 14:38:34 DEBUG BasicTypeRegistry:423 - Adding type registration java.lang.Class -> org.hibernate.type.BasicTypeReference@327120c8
2026-01-07 14:38:34 DEBUG BasicTypeRegistry:423 - Adding type registration currency -> org.hibernate.type.BasicTypeReference@5707c1cb
2026-01-07 14:38:34 DEBUG BasicTypeRegistry:423 - Adding type registration Currency -> org.hibernate.type.BasicTypeReference@5707c1cb
2026-01-07 14:38:34 DEBUG BasicTypeRegistry:423 - Adding type registration java.util.Currency -> org.hibernate.type.BasicTypeReference@5707c1cb
2026-01-07 14:38:34 DEBUG BasicTypeRegistry:423 - Adding type registration locale -> org.hibernate.type.BasicTypeReference@2b5cb9b2
2026-01-07 14:38:34 DEBUG BasicTypeRegistry:423 - Adding type registration java.util.Locale -> org.hibernate.type.BasicTypeReference@2b5cb9b2
2026-01-07 14:38:34 DEBUG BasicTypeRegistry:423 - Adding type registration serializable -> org.hibernate.type.BasicTypeReference@35038141
2026-01-07 14:38:34 DEBUG BasicTypeRegistry:423 - Adding type registration java.io.Serializable -> org.hibernate.type.BasicTypeReference@35038141
2026-01-07 14:38:34 DEBUG BasicTypeRegistry:423 - Adding type registration timezone -> org.hibernate.type.BasicTypeReference@ecf9049
2026-01-07 14:38:34 DEBUG BasicTypeRegistry:423 - Adding type registration java.util.TimeZone -> org.hibernate.type.BasicTypeReference@ecf9049
2026-01-07 14:38:34 DEBUG BasicTypeRegistry:423 - Adding type registration ZoneOffset -> org.hibernate.type.BasicTypeReference@672f11c2
2026-01-07 14:38:34 DEBUG BasicTypeRegistry:423 - Adding type registration java.time.ZoneOffset -> org.hibernate.type.BasicTypeReference@672f11c2
2026-01-07 14:38:34 DEBUG BasicTypeRegistry:423 - Adding type registration url -> org.hibernate.type.BasicTypeReference@2970a5bc
2026-01-07 14:38:34 DEBUG BasicTypeRegistry:423 - Adding type registration java.net.URL -> org.hibernate.type.BasicTypeReference@2970a5bc
2026-01-07 14:38:34 DEBUG BasicTypeRegistry:423 - Adding type registration vector -> org.hibernate.type.BasicTypeReference@50305a
2026-01-07 14:38:34 DEBUG BasicTypeRegistry:423 - Adding type registration float_vector -> org.hibernate.type.BasicTypeReference@72efb5c1
2026-01-07 14:38:34 DEBUG BasicTypeRegistry:423 - Adding type registration double_vector -> org.hibernate.type.BasicTypeReference@6d511b5f
2026-01-07 14:38:34 DEBUG BasicTypeRegistry:423 - Adding type registration byte_vector -> org.hibernate.type.BasicTypeReference@41200e0c
2026-01-07 14:38:34 DEBUG BasicTypeRegistry:423 - Adding type registration row_version -> org.hibernate.type.BasicTypeReference@40f33492
2026-01-07 14:38:34 DEBUG BasicTypeRegistry:398 - Adding type registration object -> org.hibernate.type.JavaObjectType@f8908f6
2026-01-07 14:38:34 DEBUG BasicTypeRegistry:398 - Adding type registration java.lang.Object -> org.hibernate.type.JavaObjectType@f8908f6
2026-01-07 14:38:34 DEBUG BasicTypeRegistry:398 - Adding type registration null -> org.hibernate.type.NullType@4fdfa676
2026-01-07 14:38:34 DEBUG BasicTypeRegistry:423 - Adding type registration imm_date -> org.hibernate.type.BasicTypeReference@82c57b3
2026-01-07 14:38:34 DEBUG BasicTypeRegistry:423 - Adding type registration imm_time -> org.hibernate.type.BasicTypeReference@5be82d43
2026-01-07 14:38:34 DEBUG BasicTypeRegistry:423 - Adding type registration imm_timestamp -> org.hibernate.type.BasicTypeReference@600b0b7
2026-01-07 14:38:34 DEBUG BasicTypeRegistry:423 - Adding type registration imm_calendar -> org.hibernate.type.BasicTypeReference@345e5a17
2026-01-07 14:38:34 DEBUG BasicTypeRegistry:423 - Adding type registration imm_calendar_date -> org.hibernate.type.BasicTypeReference@5ea502e0
2026-01-07 14:38:34 DEBUG BasicTypeRegistry:423 - Adding type registration imm_calendar_time -> org.hibernate.type.BasicTypeReference@443dbe42
2026-01-07 14:38:34 DEBUG BasicTypeRegistry:423 - Adding type registration imm_binary -> org.hibernate.type.BasicTypeReference@473b3b7a
2026-01-07 14:38:34 DEBUG BasicTypeRegistry:423 - Adding type registration imm_serializable -> org.hibernate.type.BasicTypeReference@1734f68
2026-01-07 14:38:35 WARN  pooling:84 - HHH10001002: Using built-in connection pool (not intended for production use)
2026-01-07 14:38:35 DEBUG pooling:383 - Initializing Connection pool with 1 Connections
2026-01-07 14:38:35 DEBUG JdbcEnvironmentInitiator:432 - Database ->
	   name : MySQL
	version : 8.0.42
	  major : 8
	  minor : 0
2026-01-07 14:38:35 DEBUG JdbcEnvironmentInitiator:443 - Driver ->
	   name : MySQL Connector/J
	version : mysql-connector-j-8.0.33 (Revision: 7d6b0800528b6b25c68b52dc10d6c1c8429c100c)
	  major : 8
	  minor : 0
2026-01-07 14:38:35 DEBUG JdbcEnvironmentInitiator:388 - JDBC version : 4.2
2026-01-07 14:38:35 WARN  deprecation:152 - HHH90000025: MySQLDialect does not need to be specified explicitly using 'hibernate.dialect' (remove the property setting and it will be selected by default)
2026-01-07 14:38:35 DEBUG dialect:93 - HHH035001: Using dialect: org.hibernate.dialect.MySQLDialect, version: 8.0.42
2026-01-07 14:38:35 DEBUG IdentifierHelperBuilder:115 - JDBC driver metadata reported database stores quoted identifiers in more than one case
2026-01-07 14:38:35 DEBUG IdentifierHelperBuilder:208 - IdentifierCaseStrategy for both quoted and unquoted identifiers was set to the same strategy [LOWER]; that will likely lead to problems in schema update and validation if using quoted identifiers
2026-01-07 14:38:35 INFO  pooling:182 - HHH10001005: Database info:
	Database JDBC URL [jdbc:mysql://localhost:3306/mladec]
	Database driver: com.mysql.jdbc.Driver
	Database version: 8.0.42
	Autocommit mode: false
	Isolation level: undefined/unknown
	Pool: DriverManagerConnectionProviderImpl
	Minimum pool size: 1
	Maximum pool size: 20
2026-01-07 14:38:35 DEBUG DdlTypeRegistry:62 - addDescriptor(12, org.hibernate.type.descriptor.sql.internal.CapacityDependentDdlType@a50d709) replaced previous registration(org.hibernate.type.descriptor.sql.internal.CapacityDependentDdlType@5ed4bc)
2026-01-07 14:38:35 DEBUG DdlTypeRegistry:62 - addDescriptor(-9, org.hibernate.type.descriptor.sql.internal.CapacityDependentDdlType@6920b0bc) replaced previous registration(org.hibernate.type.descriptor.sql.internal.CapacityDependentDdlType@65f651eb)
2026-01-07 14:38:35 DEBUG DdlTypeRegistry:62 - addDescriptor(-3, org.hibernate.type.descriptor.sql.internal.CapacityDependentDdlType@69923ac3) replaced previous registration(org.hibernate.type.descriptor.sql.internal.CapacityDependentDdlType@1f1ff879)
2026-01-07 14:38:35 DEBUG DdlTypeRegistry:62 - addDescriptor(4003, org.hibernate.type.descriptor.sql.internal.DdlTypeImpl@73d60e76) replaced previous registration(org.hibernate.type.descriptor.sql.internal.DdlTypeImpl@24f870ee)
2026-01-07 14:38:35 DEBUG DdlTypeRegistry:62 - addDescriptor(4001, org.hibernate.type.descriptor.sql.internal.DdlTypeImpl@5c441290) replaced previous registration(org.hibernate.type.descriptor.sql.internal.DdlTypeImpl@3c78e551)
2026-01-07 14:38:35 DEBUG DdlTypeRegistry:62 - addDescriptor(4002, org.hibernate.type.descriptor.sql.internal.DdlTypeImpl@7f1ef916) replaced previous registration(org.hibernate.type.descriptor.sql.internal.DdlTypeImpl@1886991b)
2026-01-07 14:38:35 DEBUG DdlTypeRegistry:62 - addDescriptor(2004, org.hibernate.type.descriptor.sql.internal.CapacityDependentDdlType@64aad809) replaced previous registration(org.hibernate.type.descriptor.sql.internal.DdlTypeImpl@1f03fba0)
2026-01-07 14:38:35 DEBUG DdlTypeRegistry:62 - addDescriptor(2005, org.hibernate.type.descriptor.sql.internal.CapacityDependentDdlType@17dd671f) replaced previous registration(org.hibernate.type.descriptor.sql.internal.DdlTypeImpl@3bbf6abe)
2026-01-07 14:38:35 DEBUG DdlTypeRegistry:62 - addDescriptor(2011, org.hibernate.type.descriptor.sql.internal.CapacityDependentDdlType@9679750) replaced previous registration(org.hibernate.type.descriptor.sql.internal.DdlTypeImpl@9b9a327)
2026-01-07 14:38:35 DEBUG JdbcTypeRegistry:73 - addDescriptor(NCharTypeDescriptor) replaced previous registration(CharTypeDescriptor)
2026-01-07 14:38:35 DEBUG JdbcTypeRegistry:73 - addDescriptor(NVarcharTypeDescriptor) replaced previous registration(VarcharTypeDescriptor)
2026-01-07 14:38:35 DEBUG JdbcTypeRegistry:73 - addDescriptor(LongNVarcharTypeDescriptor) replaced previous registration(LongVarcharTypeDescriptor)
2026-01-07 14:38:35 DEBUG JdbcTypeRegistry:73 - addDescriptor(NClobTypeDescriptor(DEFAULT)) replaced previous registration(ClobTypeDescriptor(DEFAULT))
2026-01-07 14:38:35 DEBUG BasicTypeRegistry:398 - Adding type registration null -> org.hibernate.type.NullType@514de325
2026-01-07 14:38:35 DEBUG BasicTypeRegistry:402 - Type registration key [null] overrode previous entry : `org.hibernate.type.NullType@4fdfa676`
2026-01-07 14:38:35 DEBUG BasicTypeRegistry:398 - Adding type registration org.hibernate.type.DurationType -> basicType@1(java.time.Duration,3015)
2026-01-07 14:38:35 DEBUG BasicTypeRegistry:398 - Adding type registration Duration -> basicType@1(java.time.Duration,3015)
2026-01-07 14:38:35 DEBUG BasicTypeRegistry:398 - Adding type registration java.time.Duration -> basicType@1(java.time.Duration,3015)
2026-01-07 14:38:35 DEBUG BasicTypeRegistry:398 - Adding type registration org.hibernate.type.OffsetDateTimeType -> basicType@2(java.time.OffsetDateTime,3003)
2026-01-07 14:38:35 DEBUG BasicTypeRegistry:398 - Adding type registration OffsetDateTime -> basicType@2(java.time.OffsetDateTime,3003)
2026-01-07 14:38:35 DEBUG BasicTypeRegistry:398 - Adding type registration java.time.OffsetDateTime -> basicType@2(java.time.OffsetDateTime,3003)
2026-01-07 14:38:35 DEBUG BasicTypeRegistry:398 - Adding type registration org.hibernate.type.ZonedDateTimeType -> basicType@3(java.time.ZonedDateTime,3003)
2026-01-07 14:38:35 DEBUG BasicTypeRegistry:398 - Adding type registration ZonedDateTime -> basicType@3(java.time.ZonedDateTime,3003)
2026-01-07 14:38:35 DEBUG BasicTypeRegistry:398 - Adding type registration java.time.ZonedDateTime -> basicType@3(java.time.ZonedDateTime,3003)
2026-01-07 14:38:35 DEBUG BasicTypeRegistry:398 - Adding type registration org.hibernate.type.OffsetTimeType -> basicType@4(java.time.OffsetTime,3007)
2026-01-07 14:38:35 DEBUG BasicTypeRegistry:398 - Adding type registration OffsetTime -> basicType@4(java.time.OffsetTime,3007)
2026-01-07 14:38:35 DEBUG BasicTypeRegistry:398 - Adding type registration java.time.OffsetTime -> basicType@4(java.time.OffsetTime,3007)
2026-01-07 14:38:35 DEBUG TypeConfiguration$Scope:197 - Scoping TypeConfiguration [org.hibernate.type.spi.TypeConfiguration@5478ce1e] to MetadataBuildingContext [org.hibernate.boot.internal.MetadataBuildingContextRootImpl@5edc70ed]
2026-01-07 14:38:35 DEBUG Namespace:62 - Created database namespace [logicalName=Name[catalog=null, schema=null], physicalName=Name[catalog=null, schema=null]]
2026-01-07 14:38:35 DEBUG EntityBinder:183 - Binding entity from annotated class: com.test.Player
2026-01-07 14:38:35 DEBUG AnnotatedColumn:278 - Binding column: player_type
2026-01-07 14:38:35 DEBUG BasicValue:292 - Skipping column re-registration: player_1.player_type
2026-01-07 14:38:35 DEBUG AnnotatedColumn:278 - Binding column: null
2026-01-07 14:38:35 DEBUG BasicValue:292 - Skipping column re-registration: player_1.id
2026-01-07 14:38:35 DEBUG AnnotatedColumn:278 - Binding column: null
2026-01-07 14:38:35 DEBUG BasicValue:292 - Skipping column re-registration: player_1.name
2026-01-07 14:38:35 DEBUG EntityBinder:183 - Binding entity from annotated class: com.test.Cricketer
2026-01-07 14:38:35 DEBUG AnnotatedColumn:278 - Binding column: null
2026-01-07 14:38:35 DEBUG BasicValue:292 - Skipping column re-registration: player_1.jerseyNumber
2026-01-07 14:38:35 DEBUG AnnotatedColumn:278 - Binding column: null
2026-01-07 14:38:35 DEBUG BasicValue:292 - Skipping column re-registration: player_1.type
2026-01-07 14:38:35 DEBUG EntityBinder:183 - Binding entity from annotated class: com.test.TennisPlayer
2026-01-07 14:38:35 DEBUG AnnotatedColumn:278 - Binding column: null
2026-01-07 14:38:35 DEBUG BasicValue:292 - Skipping column re-registration: player_1.noOfMatches
2026-01-07 14:38:35 DEBUG AnnotatedColumn:278 - Binding column: null
2026-01-07 14:38:35 DEBUG BasicValue:292 - Skipping column re-registration: player_1.wonMatches
2026-01-07 14:38:36 DEBUG SessionFactoryImpl:230 - Building session factory
2026-01-07 14:38:36 DEBUG ClassLoaderAccessImpl:58 - Not known whether passed class name [com.test.Cricketer] is safe
2026-01-07 14:38:36 DEBUG ClassLoaderAccessImpl:60 - No temp ClassLoader provided; using live ClassLoader for loading potentially unsafe class : com.test.Cricketer
2026-01-07 14:38:36 DEBUG ClassLoaderAccessImpl:58 - Not known whether passed class name [com.test.TennisPlayer] is safe
2026-01-07 14:38:36 DEBUG ClassLoaderAccessImpl:60 - No temp ClassLoader provided; using live ClassLoader for loading potentially unsafe class : com.test.TennisPlayer
2026-01-07 14:38:36 DEBUG ClassLoaderAccessImpl:58 - Not known whether passed class name [com.test.Player] is safe
2026-01-07 14:38:36 DEBUG ClassLoaderAccessImpl:60 - No temp ClassLoader provided; using live ClassLoader for loading potentially unsafe class : com.test.Player
2026-01-07 14:38:36 DEBUG SessionFactoryServiceRegistryImpl:103 - EventListenerRegistry access via ServiceRegistry is deprecated.  Use `sessionFactory.getEventEngine().getListenerRegistry()` instead
2026-01-07 14:38:36 DEBUG SessionFactoryImpl:249 - HHH000030: Instantiating factory with settings: {hibernate.format_sql=true, java.specification.version=21, sun.cpu.isalist=amd64, sun.jnu.encoding=Cp1252, hibernate.dialect=org.hibernate.dialect.MySQLDialect, java.class.path=C:\Users\shubham.varma1\Desktop\mla256\HibernateExp2\target\classes;C:\Users\shubham.varma1\.m2\repository\org\hibernate\orm\hibernate-core\7.0.0.Final\hibernate-core-7.0.0.Final.jar;C:\Users\shubham.varma1\.m2\repository\jakarta\persistence\jakarta.persistence-api\3.2.0\jakarta.persistence-api-3.2.0.jar;C:\Users\shubham.varma1\.m2\repository\jakarta\transaction\jakarta.transaction-api\2.0.1\jakarta.transaction-api-2.0.1.jar;C:\Users\shubham.varma1\.m2\repository\org\jboss\logging\jboss-logging\3.6.1.Final\jboss-logging-3.6.1.Final.jar;C:\Users\shubham.varma1\.m2\repository\org\hibernate\models\hibernate-models\1.0.0.CR3\hibernate-models-1.0.0.CR3.jar;C:\Users\shubham.varma1\.m2\repository\com\fasterxml\classmate\1.7.0\classmate-1.7.0.jar;C:\Users\shubham.varma1\.m2\repository\net\bytebuddy\byte-buddy\1.15.11\byte-buddy-1.15.11.jar;C:\Users\shubham.varma1\.m2\repository\jakarta\xml\bind\jakarta.xml.bind-api\4.0.2\jakarta.xml.bind-api-4.0.2.jar;C:\Users\shubham.varma1\.m2\repository\jakarta\activation\jakarta.activation-api\2.1.3\jakarta.activation-api-2.1.3.jar;C:\Users\shubham.varma1\.m2\repository\org\glassfish\jaxb\jaxb-runtime\4.0.5\jaxb-runtime-4.0.5.jar;C:\Users\shubham.varma1\.m2\repository\org\glassfish\jaxb\jaxb-core\4.0.5\jaxb-core-4.0.5.jar;C:\Users\shubham.varma1\.m2\repository\org\eclipse\angus\angus-activation\2.0.2\angus-activation-2.0.2.jar;C:\Users\shubham.varma1\.m2\repository\org\glassfish\jaxb\txw2\4.0.5\txw2-4.0.5.jar;C:\Users\shubham.varma1\.m2\repository\com\sun\istack\istack-commons-runtime\4.1.2\istack-commons-runtime-4.1.2.jar;C:\Users\shubham.varma1\.m2\repository\jakarta\inject\jakarta.inject-api\2.0.1\jakarta.inject-api-2.0.1.jar;C:\Users\shubham.varma1\.m2\repository\org\antlr\antlr4-runtime\4.13.2\antlr4-runtime-4.13.2.jar;C:\Users\shubham.varma1\.m2\repository\com\mysql\mysql-connector-j\8.0.33\mysql-connector-j-8.0.33.jar;C:\Users\shubham.varma1\.m2\repository\com\google\protobuf\protobuf-java\3.21.9\protobuf-java-3.21.9.jar;C:\Users\shubham.varma1\.m2\repository\org\apache\logging\log4j\log4j-core\2.17.1\log4j-core-2.17.1.jar;C:\Users\shubham.varma1\.m2\repository\org\apache\logging\log4j\log4j-api\2.17.1\log4j-api-2.17.1.jar;C:\Users\shubham.varma1\.m2\repository\org\apache\logging\log4j\log4j-slf4j-impl\2.17.1\log4j-slf4j-impl-2.17.1.jar;C:\Users\shubham.varma1\.m2\repository\org\slf4j\slf4j-api\1.7.25\slf4j-api-1.7.25.jar, java.vm.vendor=Microsoft, sun.arch.data.model=64, hbm2ddl.auto=create, user.variant=, java.vendor.url=https://www.microsoft.com, user.timezone=Asia/Calcutta, java.vm.specification.version=21, os.name=Windows 11, sun.java.launcher=SUN_STANDARD, user.country=US, sun.boot.library.path=C:\Program Files\Microsoft\jdk-21.0.7.6-hotspot\bin, sun.java.command=com.test.StoredData, jdk.debug=release, sun.cpu.endian=little, user.home=C:\Users\shubham.varma1, user.language=en, java.specification.vendor=Oracle Corporation, java.version.date=2025-04-15, java.home=C:\Program Files\Microsoft\jdk-21.0.7.6-hotspot, file.separator=\, java.vm.compressedOopsMode=Zero based, line.separator=
, java.vm.specification.vendor=Oracle Corporation, java.specification.name=Java Platform API Specification, hibernate.hbm2ddl.auto=create, user.script=, sun.management.compiler=HotSpot 64-Bit Tiered Compilers, java.runtime.version=21.0.7+6-LTS, user.name=shubham.varma1, stdout.encoding=UTF-8, path.separator=;, hibernate.connection.username=****, os.version=10.0, java.runtime.name=OpenJDK Runtime Environment, hibernate.connection.url=jdbc:mysql://localhost:3306/mladec, file.encoding=UTF-8, format_sql=true, java.vm.name=OpenJDK 64-Bit Server VM, hibernate.show_sql=true, java.vendor.version=Microsoft-11369940, show_sql=true, hibernate.connection.driver_class=com.mysql.jdbc.Driver, java.vendor.url.bug=https://github.com/microsoft/openjdk/issues, java.io.tmpdir=C:\Users\SHUBHA~1.VAR\AppData\Local\Temp\, java.version=21.0.7, user.dir=C:\Users\shubham.varma1\Desktop\mla256\HibernateExp2, os.arch=amd64, java.vm.specification.name=Java Virtual Machine Specification, hibernate.connection.password=****, sun.os.patch.level=, hibernate.boot.CfgXmlAccessService.key=org.hibernate.boot.cfgxml.spi.LoadedConfig@480cbe2e, native.encoding=Cp1252, java.library.path=C:\Program Files\Microsoft\jdk-21.0.7.6-hotspot\bin;C:\WINDOWS\Sun\Java\bin;C:\WINDOWS\system32;C:\WINDOWS;C:/Users/shubham.varma1/Downloads/sts-5.0.1.RELEASE//plugins/org.eclipse.justj.openjdk.hotspot.jre.full.win32.x86_64_25.0.1.v20251108-1451/jre/bin/server;C:/Users/shubham.varma1/Downloads/sts-5.0.1.RELEASE//plugins/org.eclipse.justj.openjdk.hotspot.jre.full.win32.x86_64_25.0.1.v20251108-1451/jre/bin;C:\Program Files\Microsoft\jdk-21.0.7.6-hotspot\bin;C:\Program Files\Microsoft\jdk-17.0.15.6-hotspot\bin;C:\Program Files\Python313\Scripts\;C:\Program Files\Python313\;C:\Program Files\Microsoft\jdk-11.0.23.9-hotspot\bin;C:\WINDOWS\system32;C:\WINDOWS;C:\WINDOWS\System32\Wbem;C:\WINDOWS\System32\WindowsPowerShell\v1.0\;C:\WINDOWS\System32\OpenSSH\;C:\Program Files (x86)\Microsoft SQL Server\160\Tools\Binn\;C:\Program Files\Microsoft SQL Server\160\Tools\Binn\;C:\Program Files\Microsoft SQL Server\Client SDK\ODBC\170\Tools\Binn\;C:\Program Files\Microsoft SQL Server\160\DTS\Binn\;C:\Program Files (x86)\Microsoft SQL Server\160\DTS\Binn\;C:\Program Files\PuTTY\;C:\Program Files\apache-maven-3.9.10\bin;C:\Program Files\nodejs\;C:\Program Files\dotnet\;C:\Program Files\Microsoft VS Code\bin;C:\Program Files\Git\cmd;C:\Users\shubham.varma1\AppData\Local\Microsoft\WindowsApps;C:\Users\shubham.varma1\AppData\Local\GitHubDesktop\bin;C:\Users\shubham.varma1\Downloads\sts-5.0.1.RELEASE;;., stderr.encoding=UTF-8, java.vendor=Microsoft, java.vm.info=mixed mode, sharing, java.vm.version=21.0.7+6-LTS, sun.io.unicode.encoding=UnicodeLittle, java.class.version=65.0}
2026-01-07 14:38:36 DEBUG SqmFunctionRegistry:128 - Registered SqmFunctionTemplate [NamedSqmFunctionTemplate(max)] under max; prior registration was null
2026-01-07 14:38:36 DEBUG SqmFunctionRegistry:128 - Registered SqmFunctionTemplate [NamedSqmFunctionTemplate(min)] under min; prior registration was null
2026-01-07 14:38:36 DEBUG SqmFunctionRegistry:128 - Registered SqmFunctionTemplate [NamedSqmFunctionTemplate(sum)] under sum; prior registration was null
2026-01-07 14:38:36 DEBUG SqmFunctionRegistry:128 - Registered SqmFunctionTemplate [NamedSqmFunctionTemplate(avg)] under avg; prior registration was null
2026-01-07 14:38:36 DEBUG SqmFunctionRegistry:128 - Registered SqmFunctionTemplate [org.hibernate.dialect.function.CountFunction@4a50c746] under count; prior registration was null
2026-01-07 14:38:36 DEBUG SqmFunctionRegistry:128 - Registered SqmFunctionTemplate [org.hibernate.dialect.function.EveryAnyEmulation@7f0f84d4] under every; prior registration was null
2026-01-07 14:38:36 DEBUG SqmFunctionRegistry:128 - Registered SqmFunctionTemplate [org.hibernate.dialect.function.EveryAnyEmulation@6df4af5] under any; prior registration was null
2026-01-07 14:38:36 DEBUG SqmFunctionRegistry:128 - Registered SqmFunctionTemplate [NamedSqmFunctionTemplate(floor)] under floor; prior registration was null
2026-01-07 14:38:36 DEBUG SqmFunctionRegistry:128 - Registered SqmFunctionTemplate [NamedSqmFunctionTemplate(ceiling)] under ceiling; prior registration was null
2026-01-07 14:38:36 DEBUG SqmFunctionRegistry:128 - Registered SqmFunctionTemplate [NamedSqmFunctionTemplate(mod)] under mod; prior registration was null
2026-01-07 14:38:36 DEBUG SqmFunctionRegistry:128 - Registered SqmFunctionTemplate [NamedSqmFunctionTemplate(abs)] under abs; prior registration was null
2026-01-07 14:38:36 DEBUG SqmFunctionRegistry:128 - Registered SqmFunctionTemplate [NamedSqmFunctionTemplate(sign)] under sign; prior registration was null
2026-01-07 14:38:36 DEBUG SqmFunctionRegistry:128 - Registered SqmFunctionTemplate [NamedSqmFunctionTemplate(sqrt)] under sqrt; prior registration was null
2026-01-07 14:38:36 DEBUG SqmFunctionRegistry:128 - Registered SqmFunctionTemplate [NamedSqmFunctionTemplate(ln)] under ln; prior registration was null
2026-01-07 14:38:36 DEBUG SqmFunctionRegistry:128 - Registered SqmFunctionTemplate [NamedSqmFunctionTemplate(exp)] under exp; prior registration was null
2026-01-07 14:38:36 DEBUG SqmFunctionRegistry:128 - Registered SqmFunctionTemplate [NamedSqmFunctionTemplate(power)] under power; prior registration was null
2026-01-07 14:38:36 DEBUG SqmFunctionRegistry:128 - Registered SqmFunctionTemplate [NamedSqmFunctionTemplate(round)] under round; prior registration was null
2026-01-07 14:38:36 DEBUG SqmFunctionRegistry:128 - Registered SqmFunctionTemplate [NamedSqmFunctionTemplate(sin)] under sin; prior registration was null
2026-01-07 14:38:36 DEBUG SqmFunctionRegistry:128 - Registered SqmFunctionTemplate [NamedSqmFunctionTemplate(cos)] under cos; prior registration was null
2026-01-07 14:38:36 DEBUG SqmFunctionRegistry:128 - Registered SqmFunctionTemplate [NamedSqmFunctionTemplate(tan)] under tan; prior registration was null
2026-01-07 14:38:36 DEBUG SqmFunctionRegistry:128 - Registered SqmFunctionTemplate [NamedSqmFunctionTemplate(asin)] under asin; prior registration was null
2026-01-07 14:38:36 DEBUG SqmFunctionRegistry:128 - Registered SqmFunctionTemplate [NamedSqmFunctionTemplate(acos)] under acos; prior registration was null
2026-01-07 14:38:36 DEBUG SqmFunctionRegistry:128 - Registered SqmFunctionTemplate [NamedSqmFunctionTemplate(atan)] under atan; prior registration was null
2026-01-07 14:38:36 DEBUG SqmFunctionRegistry:128 - Registered SqmFunctionTemplate [NamedSqmFunctionTemplate(atan2)] under atan2; prior registration was null
2026-01-07 14:38:36 DEBUG SqmFunctionRegistry:128 - Registered SqmFunctionTemplate [org.hibernate.query.sqm.function.PatternBasedSqmFunctionDescriptor@1d2fb82] under sinh; prior registration was null
2026-01-07 14:38:36 DEBUG SqmFunctionRegistry:128 - Registered SqmFunctionTemplate [org.hibernate.query.sqm.function.PatternBasedSqmFunctionDescriptor@34045582] under cosh; prior registration was null
2026-01-07 14:38:36 DEBUG SqmFunctionRegistry:128 - Registered SqmFunctionTemplate [org.hibernate.query.sqm.function.PatternBasedSqmFunctionDescriptor@3db65c0d] under tanh; prior registration was null
2026-01-07 14:38:36 DEBUG SqmFunctionRegistry:128 - Registered SqmFunctionTemplate [org.hibernate.query.sqm.function.PatternBasedSqmFunctionDescriptor@1edccfd4] under pi; prior registration was null
2026-01-07 14:38:36 DEBUG SqmFunctionRegistry:128 - Registered SqmFunctionTemplate [org.hibernate.query.sqm.function.PatternBasedSqmFunctionDescriptor@8c43966] under log; prior registration was null
2026-01-07 14:38:36 DEBUG SqmFunctionRegistry:128 - Registered SqmFunctionTemplate [NamedSqmFunctionTemplate(coalesce)] under coalesce; prior registration was null
2026-01-07 14:38:36 DEBUG SqmFunctionRegistry:128 - Registered SqmFunctionTemplate [NamedSqmFunctionTemplate(nullif)] under nullif; prior registration was null
2026-01-07 14:38:36 DEBUG SqmFunctionRegistry:128 - Registered SqmFunctionTemplate [NamedSqmFunctionTemplate(left)] under left; prior registration was null
2026-01-07 14:38:36 DEBUG SqmFunctionRegistry:128 - Registered SqmFunctionTemplate [NamedSqmFunctionTemplate(right)] under right; prior registration was null
2026-01-07 14:38:36 DEBUG SqmFunctionRegistry:128 - Registered SqmFunctionTemplate [NamedSqmFunctionTemplate(replace)] under replace; prior registration was null
2026-01-07 14:38:36 DEBUG SqmFunctionRegistry:128 - Registered SqmFunctionTemplate [NamedSqmFunctionTemplate(concat)] under concat; prior registration was null
2026-01-07 14:38:36 DEBUG SqmFunctionRegistry:128 - Registered SqmFunctionTemplate [NamedSqmFunctionTemplate(lower)] under lower; prior registration was null
2026-01-07 14:38:36 DEBUG SqmFunctionRegistry:128 - Registered SqmFunctionTemplate [NamedSqmFunctionTemplate(upper)] under upper; prior registration was null
2026-01-07 14:38:36 DEBUG SqmFunctionRegistry:128 - Registered SqmFunctionTemplate [NamedSqmFunctionTemplate(substring)] under substring; prior registration was null
2026-01-07 14:38:36 DEBUG SqmFunctionRegistry:128 - Registered SqmFunctionTemplate [NamedSqmFunctionTemplate(locate)] under locate; prior registration was null
2026-01-07 14:38:36 DEBUG SqmFunctionRegistry:128 - Registered SqmFunctionTemplate [NamedSqmFunctionTemplate(character_length)] under character_length; prior registration was null
2026-01-07 14:38:36 DEBUG SqmFunctionRegistry:392 - Registering alternate key : length -> character_length
2026-01-07 14:38:36 DEBUG SqmFunctionRegistry:128 - Registered SqmFunctionTemplate [org.hibernate.dialect.function.LocatePositionEmulation@756b2d90] under position; prior registration was null
2026-01-07 14:38:36 DEBUG SqmFunctionRegistry:128 - Registered SqmFunctionTemplate [org.hibernate.dialect.function.InsertSubstringOverlayEmulation@bb3ecfe] under overlay; prior registration was null
2026-01-07 14:38:36 DEBUG SqmFunctionRegistry:128 - Registered SqmFunctionTemplate [org.hibernate.dialect.function.TrimFunction@2fd1ad8a] under trim; prior registration was null
2026-01-07 14:38:36 DEBUG SqmFunctionRegistry:128 - Registered SqmFunctionTemplate [org.hibernate.dialect.function.CastFunction@de579ff] under cast; prior registration was null
2026-01-07 14:38:36 DEBUG SqmFunctionRegistry:128 - Registered SqmFunctionTemplate [org.hibernate.query.sqm.function.PatternBasedSqmFunctionDescriptor@7971c2a9] under collate; prior registration was null
2026-01-07 14:38:36 DEBUG SqmFunctionRegistry:128 - Registered SqmFunctionTemplate [org.hibernate.dialect.function.ExtractFunction@31aab981] under extract; prior registration was null
2026-01-07 14:38:36 DEBUG SqmFunctionRegistry:128 - Registered SqmFunctionTemplate [NamedSqmFunctionTemplate(least)] under least; prior registration was null
2026-01-07 14:38:36 DEBUG SqmFunctionRegistry:128 - Registered SqmFunctionTemplate [NamedSqmFunctionTemplate(greatest)] under greatest; prior registration was null
2026-01-07 14:38:36 DEBUG SqmFunctionRegistry:128 - Registered SqmFunctionTemplate [org.hibernate.dialect.function.CoalesceIfnullEmulation@251d7fdd] under ifnull; prior registration was null
2026-01-07 14:38:36 DEBUG SqmFunctionRegistry:128 - Registered SqmFunctionTemplate [NamedSqmFunctionTemplate(lpad)] under lpad; prior registration was null
2026-01-07 14:38:36 DEBUG SqmFunctionRegistry:128 - Registered SqmFunctionTemplate [NamedSqmFunctionTemplate(rpad)] under rpad; prior registration was null
2026-01-07 14:38:36 DEBUG SqmFunctionRegistry:128 - Registered SqmFunctionTemplate [org.hibernate.dialect.function.LpadRpadPadEmulation@4b9dbf07] under pad; prior registration was null
2026-01-07 14:38:36 DEBUG SqmFunctionRegistry:128 - Registered SqmFunctionTemplate [org.hibernate.dialect.function.CastStrEmulation@3312f4f4] under str; prior registration was null
2026-01-07 14:38:36 DEBUG SqmFunctionRegistry:128 - Registered SqmFunctionTemplate [org.hibernate.dialect.function.OrdinalFunction@4fb64e14] under ordinal; prior registration was null
2026-01-07 14:38:36 DEBUG SqmFunctionRegistry:128 - Registered SqmFunctionTemplate [org.hibernate.dialect.function.FormatFunction@46b2dcc5] under format; prior registration was null
2026-01-07 14:38:36 DEBUG SqmFunctionRegistry:128 - Registered SqmFunctionTemplate [org.hibernate.dialect.function.TimestampaddFunction@6af65f29] under timestampadd; prior registration was null
2026-01-07 14:38:36 DEBUG SqmFunctionRegistry:128 - Registered SqmFunctionTemplate [org.hibernate.dialect.function.TimestampdiffFunction@58b311ba] under timestampdiff; prior registration was null
2026-01-07 14:38:36 DEBUG SqmFunctionRegistry:392 - Registering alternate key : dateadd -> timestampadd
2026-01-07 14:38:36 DEBUG SqmFunctionRegistry:392 - Registering alternate key : datediff -> timestampdiff
2026-01-07 14:38:36 DEBUG SqmFunctionRegistry:128 - Registered SqmFunctionTemplate [org.hibernate.dialect.function.CurrentFunction@435e416c] under current_date; prior registration was null
2026-01-07 14:38:36 DEBUG SqmFunctionRegistry:128 - Registered SqmFunctionTemplate [org.hibernate.dialect.function.CurrentFunction@6af310c7] under current_time; prior registration was null
2026-01-07 14:38:36 DEBUG SqmFunctionRegistry:128 - Registered SqmFunctionTemplate [org.hibernate.dialect.function.CurrentFunction@4aed311e] under current_timestamp; prior registration was null
2026-01-07 14:38:36 DEBUG SqmFunctionRegistry:392 - Registering alternate key : current date -> current_date
2026-01-07 14:38:36 DEBUG SqmFunctionRegistry:392 - Registering alternate key : current time -> current_time
2026-01-07 14:38:36 DEBUG SqmFunctionRegistry:392 - Registering alternate key : current timestamp -> current_timestamp
2026-01-07 14:38:36 DEBUG SqmFunctionRegistry:128 - Registered SqmFunctionTemplate [org.hibernate.dialect.function.CurrentFunction@4c38cd16] under local_date; prior registration was null
2026-01-07 14:38:36 DEBUG SqmFunctionRegistry:128 - Registered SqmFunctionTemplate [org.hibernate.dialect.function.CurrentFunction@7ddcb0dc] under local_time; prior registration was null
2026-01-07 14:38:36 DEBUG SqmFunctionRegistry:128 - Registered SqmFunctionTemplate [org.hibernate.dialect.function.CurrentFunction@f5bf288] under local_datetime; prior registration was null
2026-01-07 14:38:36 DEBUG SqmFunctionRegistry:128 - Registered SqmFunctionTemplate [org.hibernate.dialect.function.CurrentFunction@2c1d57bc] under offset_datetime; prior registration was null
2026-01-07 14:38:36 DEBUG SqmFunctionRegistry:392 - Registering alternate key : local date -> local_date
2026-01-07 14:38:36 DEBUG SqmFunctionRegistry:392 - Registering alternate key : local time -> local_time
2026-01-07 14:38:36 DEBUG SqmFunctionRegistry:392 - Registering alternate key : local datetime -> local_datetime
2026-01-07 14:38:36 DEBUG SqmFunctionRegistry:392 - Registering alternate key : offset datetime -> offset_datetime
2026-01-07 14:38:36 DEBUG SqmFunctionRegistry:128 - Registered SqmFunctionTemplate [org.hibernate.dialect.function.CurrentFunction@26c77f54] under instant; prior registration was null
2026-01-07 14:38:36 DEBUG SqmFunctionRegistry:392 - Registering alternate key : current_instant -> instant
2026-01-07 14:38:36 DEBUG SqmFunctionRegistry:128 - Registered SqmFunctionTemplate [org.hibernate.dialect.function.SqlFunction@355ce6a6] under sql; prior registration was null
2026-01-07 14:38:36 DEBUG SqmFunctionRegistry:128 - Registered SqmFunctionTemplate [NamedSqmFunctionTemplate(soundex)] under soundex; prior registration was null
2026-01-07 14:38:36 DEBUG SqmFunctionRegistry:128 - Registered SqmFunctionTemplate [NamedSqmFunctionTemplate(radians)] under radians; prior registration was null
2026-01-07 14:38:36 DEBUG SqmFunctionRegistry:128 - Registered SqmFunctionTemplate [NamedSqmFunctionTemplate(degrees)] under degrees; prior registration was null
2026-01-07 14:38:36 DEBUG SqmFunctionRegistry:128 - Registered SqmFunctionTemplate [NamedSqmFunctionTemplate(cot)] under cot; prior registration was null
2026-01-07 14:38:36 DEBUG SqmFunctionRegistry:128 - Registered SqmFunctionTemplate [NamedSqmFunctionTemplate(log)] under log; prior registration was org.hibernate.query.sqm.function.PatternBasedSqmFunctionDescriptor@8c43966
2026-01-07 14:38:36 DEBUG SqmFunctionRegistry:128 - Registered SqmFunctionTemplate [NamedSqmFunctionTemplate(log2)] under log2; prior registration was null
2026-01-07 14:38:36 DEBUG SqmFunctionRegistry:128 - Registered SqmFunctionTemplate [NamedSqmFunctionTemplate(log10)] under log10; prior registration was null
2026-01-07 14:38:36 DEBUG SqmFunctionRegistry:128 - Registered SqmFunctionTemplate [NamedSqmFunctionTemplate(ltrim)] under ltrim; prior registration was null
2026-01-07 14:38:36 DEBUG SqmFunctionRegistry:128 - Registered SqmFunctionTemplate [NamedSqmFunctionTemplate(rtrim)] under rtrim; prior registration was null
2026-01-07 14:38:36 DEBUG SqmFunctionRegistry:128 - Registered SqmFunctionTemplate [NamedSqmFunctionTemplate(octet_length)] under octet_length; prior registration was null
2026-01-07 14:38:36 DEBUG SqmFunctionRegistry:128 - Registered SqmFunctionTemplate [NamedSqmFunctionTemplate(reverse)] under reverse; prior registration was null
2026-01-07 14:38:36 DEBUG SqmFunctionRegistry:128 - Registered SqmFunctionTemplate [NamedSqmFunctionTemplate(space)] under space; prior registration was null
2026-01-07 14:38:36 DEBUG SqmFunctionRegistry:128 - Registered SqmFunctionTemplate [NamedSqmFunctionTemplate(repeat)] under repeat; prior registration was null
2026-01-07 14:38:36 DEBUG SqmFunctionRegistry:128 - Registered SqmFunctionTemplate [org.hibernate.query.sqm.function.MultipatternSqmFunctionDescriptor@4b9c411] under lpad; prior registration was NamedSqmFunctionTemplate(lpad)
2026-01-07 14:38:36 DEBUG SqmFunctionRegistry:128 - Registered SqmFunctionTemplate [org.hibernate.query.sqm.function.MultipatternSqmFunctionDescriptor@41e9f86] under rpad; prior registration was NamedSqmFunctionTemplate(rpad)
2026-01-07 14:38:36 DEBUG SqmFunctionRegistry:128 - Registered SqmFunctionTemplate [NamedSqmFunctionTemplate(day)] under day; prior registration was null
2026-01-07 14:38:36 DEBUG SqmFunctionRegistry:128 - Registered SqmFunctionTemplate [NamedSqmFunctionTemplate(month)] under month; prior registration was null
2026-01-07 14:38:36 DEBUG SqmFunctionRegistry:128 - Registered SqmFunctionTemplate [NamedSqmFunctionTemplate(year)] under year; prior registration was null
2026-01-07 14:38:36 DEBUG SqmFunctionRegistry:128 - Registered SqmFunctionTemplate [NamedSqmFunctionTemplate(hour)] under hour; prior registration was null
2026-01-07 14:38:36 DEBUG SqmFunctionRegistry:128 - Registered SqmFunctionTemplate [NamedSqmFunctionTemplate(minute)] under minute; prior registration was null
2026-01-07 14:38:36 DEBUG SqmFunctionRegistry:128 - Registered SqmFunctionTemplate [NamedSqmFunctionTemplate(second)] under second; prior registration was null
2026-01-07 14:38:36 DEBUG SqmFunctionRegistry:128 - Registered SqmFunctionTemplate [NamedSqmFunctionTemplate(microsecond)] under microsecond; prior registration was null
2026-01-07 14:38:36 DEBUG SqmFunctionRegistry:128 - Registered SqmFunctionTemplate [NamedSqmFunctionTemplate(dayofweek)] under dayofweek; prior registration was null
2026-01-07 14:38:36 DEBUG SqmFunctionRegistry:128 - Registered SqmFunctionTemplate [NamedSqmFunctionTemplate(dayofmonth)] under dayofmonth; prior registration was null
2026-01-07 14:38:36 DEBUG SqmFunctionRegistry:392 - Registering alternate key : day -> dayofmonth
2026-01-07 14:38:36 DEBUG SqmFunctionRegistry:128 - Registered SqmFunctionTemplate [NamedSqmFunctionTemplate(dayofyear)] under dayofyear; prior registration was null
2026-01-07 14:38:36 DEBUG SqmFunctionRegistry:128 - Registered SqmFunctionTemplate [NamedSqmFunctionTemplate(week)] under week; prior registration was null
2026-01-07 14:38:36 DEBUG SqmFunctionRegistry:128 - Registered SqmFunctionTemplate [NamedSqmFunctionTemplate(quarter)] under quarter; prior registration was null
2026-01-07 14:38:36 DEBUG SqmFunctionRegistry:128 - Registered SqmFunctionTemplate [NamedSqmFunctionTemplate(monthname)] under monthname; prior registration was null
2026-01-07 14:38:36 DEBUG SqmFunctionRegistry:128 - Registered SqmFunctionTemplate [NamedSqmFunctionTemplate(dayname)] under dayname; prior registration was null
2026-01-07 14:38:36 DEBUG SqmFunctionRegistry:128 - Registered SqmFunctionTemplate [NamedSqmFunctionTemplate(last_day)] under last_day; prior registration was null
2026-01-07 14:38:36 DEBUG SqmFunctionRegistry:128 - Registered SqmFunctionTemplate [NamedSqmFunctionTemplate(date)] under date; prior registration was null
2026-01-07 14:38:36 DEBUG SqmFunctionRegistry:128 - Registered SqmFunctionTemplate [NamedSqmFunctionTemplate(timestamp)] under timestamp; prior registration was null
2026-01-07 14:38:36 DEBUG SqmFunctionRegistry:128 - Registered SqmFunctionTemplate [NamedSqmFunctionTemplate(time)] under time; prior registration was null
2026-01-07 14:38:36 DEBUG SqmFunctionRegistry:128 - Registered SqmFunctionTemplate [NamedSqmFunctionTemplate(utc_date)] under utc_date; prior registration was null
2026-01-07 14:38:36 DEBUG SqmFunctionRegistry:128 - Registered SqmFunctionTemplate [NamedSqmFunctionTemplate(utc_time)] under utc_time; prior registration was null
2026-01-07 14:38:36 DEBUG SqmFunctionRegistry:128 - Registered SqmFunctionTemplate [NamedSqmFunctionTemplate(utc_timestamp)] under utc_timestamp; prior registration was null
2026-01-07 14:38:36 DEBUG SqmFunctionRegistry:128 - Registered SqmFunctionTemplate [NamedSqmFunctionTemplate(rand)] under rand; prior registration was null
2026-01-07 14:38:36 DEBUG SqmFunctionRegistry:128 - Registered SqmFunctionTemplate [NamedSqmFunctionTemplate(crc32)] under crc32; prior registration was null
2026-01-07 14:38:36 DEBUG SqmFunctionRegistry:128 - Registered SqmFunctionTemplate [NamedSqmFunctionTemplate(sha1)] under sha1; prior registration was null
2026-01-07 14:38:36 DEBUG SqmFunctionRegistry:128 - Registered SqmFunctionTemplate [NamedSqmFunctionTemplate(sha2)] under sha2; prior registration was null
2026-01-07 14:38:36 DEBUG SqmFunctionRegistry:128 - Registered SqmFunctionTemplate [NamedSqmFunctionTemplate(bit_length)] under bit_length; prior registration was null
2026-01-07 14:38:36 DEBUG SqmFunctionRegistry:128 - Registered SqmFunctionTemplate [NamedSqmFunctionTemplate(octet_length)] under octet_length; prior registration was NamedSqmFunctionTemplate(octet_length)
2026-01-07 14:38:36 DEBUG SqmFunctionRegistry:128 - Registered SqmFunctionTemplate [NamedSqmFunctionTemplate(ascii)] under ascii; prior registration was null
2026-01-07 14:38:36 DEBUG SqmFunctionRegistry:128 - Registered SqmFunctionTemplate [NamedSqmFunctionTemplate(instr)] under instr; prior registration was null
2026-01-07 14:38:36 DEBUG SqmFunctionRegistry:128 - Registered SqmFunctionTemplate [NamedSqmFunctionTemplate(substr)] under substr; prior registration was null
2026-01-07 14:38:36 DEBUG SqmFunctionRegistry:128 - Registered SqmFunctionTemplate [org.hibernate.query.sqm.function.PatternBasedSqmFunctionDescriptor@66f5b8fe] under position; prior registration was org.hibernate.dialect.function.LocatePositionEmulation@756b2d90
2026-01-07 14:38:36 DEBUG SqmFunctionRegistry:128 - Registered SqmFunctionTemplate [NamedSqmFunctionTemplate(curtime)] under curtime; prior registration was null
2026-01-07 14:38:36 DEBUG SqmFunctionRegistry:128 - Registered SqmFunctionTemplate [NamedSqmFunctionTemplate(curdate)] under curdate; prior registration was null
2026-01-07 14:38:36 DEBUG SqmFunctionRegistry:128 - Registered SqmFunctionTemplate [NamedSqmFunctionTemplate(now)] under now; prior registration was null
2026-01-07 14:38:36 DEBUG SqmFunctionRegistry:128 - Registered SqmFunctionTemplate [org.hibernate.dialect.function.TruncFunction@73f6e07] under trunc; prior registration was null
2026-01-07 14:38:36 DEBUG SqmFunctionRegistry:392 - Registering alternate key : truncate -> trunc
2026-01-07 14:38:36 DEBUG SqmFunctionRegistry:128 - Registered SqmFunctionTemplate [NamedSqmFunctionTemplate(insert)] under insert; prior registration was null
2026-01-07 14:38:36 DEBUG SqmFunctionRegistry:128 - Registered SqmFunctionTemplate [org.hibernate.query.sqm.function.PatternBasedSqmFunctionDescriptor@2c9d90fc] under bitand; prior registration was null
2026-01-07 14:38:36 DEBUG SqmFunctionRegistry:128 - Registered SqmFunctionTemplate [org.hibernate.query.sqm.function.PatternBasedSqmFunctionDescriptor@1511d157] under bitor; prior registration was null
2026-01-07 14:38:36 DEBUG SqmFunctionRegistry:128 - Registered SqmFunctionTemplate [org.hibernate.query.sqm.function.PatternBasedSqmFunctionDescriptor@418f890f] under bitxor; prior registration was null
2026-01-07 14:38:36 DEBUG SqmFunctionRegistry:128 - Registered SqmFunctionTemplate [org.hibernate.query.sqm.function.PatternBasedSqmFunctionDescriptor@3d3c886f] under bitnot; prior registration was null
2026-01-07 14:38:36 DEBUG SqmFunctionRegistry:128 - Registered SqmFunctionTemplate [NamedSqmFunctionTemplate(bit_and)] under bit_and; prior registration was null
2026-01-07 14:38:36 DEBUG SqmFunctionRegistry:128 - Registered SqmFunctionTemplate [NamedSqmFunctionTemplate(bit_or)] under bit_or; prior registration was null
2026-01-07 14:38:36 DEBUG SqmFunctionRegistry:128 - Registered SqmFunctionTemplate [NamedSqmFunctionTemplate(stddev)] under stddev; prior registration was null
2026-01-07 14:38:36 DEBUG SqmFunctionRegistry:128 - Registered SqmFunctionTemplate [NamedSqmFunctionTemplate(stddev_pop)] under stddev_pop; prior registration was null
2026-01-07 14:38:36 DEBUG SqmFunctionRegistry:128 - Registered SqmFunctionTemplate [NamedSqmFunctionTemplate(stddev_samp)] under stddev_samp; prior registration was null
2026-01-07 14:38:36 DEBUG SqmFunctionRegistry:128 - Registered SqmFunctionTemplate [NamedSqmFunctionTemplate(variance)] under variance; prior registration was null
2026-01-07 14:38:36 DEBUG SqmFunctionRegistry:128 - Registered SqmFunctionTemplate [NamedSqmFunctionTemplate(var_pop)] under var_pop; prior registration was null
2026-01-07 14:38:36 DEBUG SqmFunctionRegistry:128 - Registered SqmFunctionTemplate [NamedSqmFunctionTemplate(var_samp)] under var_samp; prior registration was null
2026-01-07 14:38:36 DEBUG SqmFunctionRegistry:128 - Registered SqmFunctionTemplate [NamedSqmFunctionTemplate(datediff)] under datediff; prior registration was null
2026-01-07 14:38:36 DEBUG SqmFunctionRegistry:128 - Registered SqmFunctionTemplate [NamedSqmFunctionTemplate(adddate)] under adddate; prior registration was null
2026-01-07 14:38:36 DEBUG SqmFunctionRegistry:128 - Registered SqmFunctionTemplate [NamedSqmFunctionTemplate(subdate)] under subdate; prior registration was null
2026-01-07 14:38:36 DEBUG SqmFunctionRegistry:128 - Registered SqmFunctionTemplate [NamedSqmFunctionTemplate(addtime)] under addtime; prior registration was null
2026-01-07 14:38:36 DEBUG SqmFunctionRegistry:128 - Registered SqmFunctionTemplate [NamedSqmFunctionTemplate(subtime)] under subtime; prior registration was null
2026-01-07 14:38:36 DEBUG SqmFunctionRegistry:128 - Registered SqmFunctionTemplate [org.hibernate.dialect.function.FormatFunction@7d66e544] under format; prior registration was org.hibernate.dialect.function.FormatFunction@46b2dcc5
2026-01-07 14:38:36 DEBUG SqmFunctionRegistry:128 - Registered SqmFunctionTemplate [NamedSqmFunctionTemplate(makedate)] under makedate; prior registration was null
2026-01-07 14:38:36 DEBUG SqmFunctionRegistry:128 - Registered SqmFunctionTemplate [NamedSqmFunctionTemplate(maketime)] under maketime; prior registration was null
2026-01-07 14:38:36 DEBUG SqmFunctionRegistry:128 - Registered SqmFunctionTemplate [NamedSqmFunctionTemplate(localtime)] under localtime; prior registration was null
2026-01-07 14:38:36 DEBUG SqmFunctionRegistry:128 - Registered SqmFunctionTemplate [NamedSqmFunctionTemplate(localtimestamp)] under localtimestamp; prior registration was null
2026-01-07 14:38:36 DEBUG SqmFunctionRegistry:128 - Registered SqmFunctionTemplate [NamedSqmFunctionTemplate(localtime)] under local_time; prior registration was org.hibernate.dialect.function.CurrentFunction@7ddcb0dc
2026-01-07 14:38:36 DEBUG SqmFunctionRegistry:128 - Registered SqmFunctionTemplate [NamedSqmFunctionTemplate(localtimestamp)] under local_datetime; prior registration was org.hibernate.dialect.function.CurrentFunction@f5bf288
2026-01-07 14:38:36 DEBUG SqmFunctionRegistry:128 - Registered SqmFunctionTemplate [org.hibernate.query.sqm.function.PatternBasedSqmFunctionDescriptor@666618d6] under pi; prior registration was org.hibernate.query.sqm.function.PatternBasedSqmFunctionDescriptor@1edccfd4
2026-01-07 14:38:36 DEBUG SqmFunctionRegistry:128 - Registered SqmFunctionTemplate [org.hibernate.query.sqm.function.PatternBasedSqmFunctionDescriptor@5b1c32e4] under chr; prior registration was null
2026-01-07 14:38:36 DEBUG SqmFunctionRegistry:392 - Registering alternate key : char -> chr
2026-01-07 14:38:36 DEBUG SqmFunctionRegistry:128 - Registered SqmFunctionTemplate [org.hibernate.query.sqm.function.PatternBasedSqmFunctionDescriptor@2bab618] under sysdate; prior registration was null
2026-01-07 14:38:36 DEBUG SqmFunctionRegistry:128 - Registered SqmFunctionTemplate [NamedSqmFunctionTemplate(row_number)] under row_number; prior registration was null
2026-01-07 14:38:36 DEBUG SqmFunctionRegistry:128 - Registered SqmFunctionTemplate [NamedSqmFunctionTemplate(lag)] under lag; prior registration was null
2026-01-07 14:38:36 DEBUG SqmFunctionRegistry:128 - Registered SqmFunctionTemplate [NamedSqmFunctionTemplate(lead)] under lead; prior registration was null
2026-01-07 14:38:36 DEBUG SqmFunctionRegistry:128 - Registered SqmFunctionTemplate [NamedSqmFunctionTemplate(first_value)] under first_value; prior registration was null
2026-01-07 14:38:36 DEBUG SqmFunctionRegistry:128 - Registered SqmFunctionTemplate [NamedSqmFunctionTemplate(last_value)] under last_value; prior registration was null
2026-01-07 14:38:36 DEBUG SqmFunctionRegistry:128 - Registered SqmFunctionTemplate [NamedSqmFunctionTemplate(nth_value)] under nth_value; prior registration was null
2026-01-07 14:38:36 DEBUG SqmFunctionRegistry:128 - Registered SqmFunctionTemplate [org.hibernate.dialect.function.HypotheticalSetWindowEmulation@2416c658] under rank; prior registration was null
2026-01-07 14:38:36 DEBUG SqmFunctionRegistry:128 - Registered SqmFunctionTemplate [org.hibernate.dialect.function.HypotheticalSetWindowEmulation@6d5f4900] under dense_rank; prior registration was null
2026-01-07 14:38:36 DEBUG SqmFunctionRegistry:128 - Registered SqmFunctionTemplate [org.hibernate.dialect.function.HypotheticalSetWindowEmulation@1e40fbb3] under percent_rank; prior registration was null
2026-01-07 14:38:36 DEBUG SqmFunctionRegistry:128 - Registered SqmFunctionTemplate [org.hibernate.dialect.function.HypotheticalSetWindowEmulation@1b560eb0] under cume_dist; prior registration was null
2026-01-07 14:38:36 DEBUG SqmFunctionRegistry:128 - Registered SqmFunctionTemplate [org.hibernate.dialect.function.ListaggGroupConcatEmulation@2c6c302f] under listagg; prior registration was null
2026-01-07 14:38:36 DEBUG SqmFunctionRegistry:128 - Registered SqmFunctionTemplate [org.hibernate.dialect.function.json.MySQLJsonValueFunction@281b2dfd] under json_value; prior registration was null
2026-01-07 14:38:36 DEBUG SqmFunctionRegistry:128 - Registered SqmFunctionTemplate [org.hibernate.dialect.function.json.MySQLJsonQueryFunction@3b088163] under json_query; prior registration was null
2026-01-07 14:38:36 DEBUG SqmFunctionRegistry:128 - Registered SqmFunctionTemplate [org.hibernate.dialect.function.json.MySQLJsonExistsFunction@3e5beab5] under json_exists; prior registration was null
2026-01-07 14:38:36 DEBUG SqmFunctionRegistry:128 - Registered SqmFunctionTemplate [org.hibernate.dialect.function.json.MySQLJsonObjectFunction@6ddd1c51] under json_object; prior registration was null
2026-01-07 14:38:36 DEBUG SqmFunctionRegistry:128 - Registered SqmFunctionTemplate [org.hibernate.dialect.function.json.MySQLJsonArrayFunction@6544899b] under json_array; prior registration was null
2026-01-07 14:38:36 DEBUG SqmFunctionRegistry:128 - Registered SqmFunctionTemplate [org.hibernate.dialect.function.json.MySQLJsonArrayAggFunction@42c0a16e] under json_arrayagg; prior registration was null
2026-01-07 14:38:36 DEBUG SqmFunctionRegistry:128 - Registered SqmFunctionTemplate [org.hibernate.dialect.function.json.MySQLJsonObjectAggFunction@637c840d] under json_objectagg; prior registration was null
2026-01-07 14:38:36 DEBUG SqmFunctionRegistry:128 - Registered SqmFunctionTemplate [NamedSqmFunctionTemplate(json_set)] under json_set; prior registration was null
2026-01-07 14:38:36 DEBUG SqmFunctionRegistry:128 - Registered SqmFunctionTemplate [NamedSqmFunctionTemplate(json_remove)] under json_remove; prior registration was null
2026-01-07 14:38:36 DEBUG SqmFunctionRegistry:128 - Registered SqmFunctionTemplate [NamedSqmFunctionTemplate(json_replace)] under json_replace; prior registration was null
2026-01-07 14:38:36 DEBUG SqmFunctionRegistry:128 - Registered SqmFunctionTemplate [NamedSqmFunctionTemplate(json_insert)] under json_insert; prior registration was null
2026-01-07 14:38:36 DEBUG SqmFunctionRegistry:128 - Registered SqmFunctionTemplate [NamedSqmFunctionTemplate(json_merge_patch)] under json_mergepatch; prior registration was null
2026-01-07 14:38:36 DEBUG SqmFunctionRegistry:128 - Registered SqmFunctionTemplate [NamedSqmFunctionTemplate(json_array_append)] under json_array_append; prior registration was null
2026-01-07 14:38:36 DEBUG SqmFunctionRegistry:128 - Registered SqmFunctionTemplate [NamedSqmFunctionTemplate(json_array_insert)] under json_array_insert; prior registration was null
2026-01-07 14:38:36 DEBUG SqmFunctionRegistry:143 - Registered SqmSetReturningFunctionTemplate [org.hibernate.dialect.function.array.UnnestFunction@1cd2ff5b] under unnest; prior registration was null
2026-01-07 14:38:36 DEBUG SqmFunctionRegistry:143 - Registered SqmSetReturningFunctionTemplate [org.hibernate.dialect.function.json.MySQLJsonTableFunction@350da119] under json_table; prior registration was null
2026-01-07 14:38:36 DEBUG SqmFunctionRegistry:143 - Registered SqmSetReturningFunctionTemplate [org.hibernate.dialect.function.CteGenerateSeriesFunction@42c12b3e] under generate_series; prior registration was null
2026-01-07 14:38:36 DEBUG SqmFunctionRegistry:128 - Registered SqmFunctionTemplate [org.hibernate.query.sqm.function.PatternBasedSqmFunctionDescriptor@2dbfa972] under hex; prior registration was null
2026-01-07 14:38:36 DEBUG SqmFunctionRegistry:128 - Registered SqmFunctionTemplate [org.hibernate.query.sqm.function.PatternBasedSqmFunctionDescriptor@46f73ffa] under sha; prior registration was null
2026-01-07 14:38:36 DEBUG SqmFunctionRegistry:128 - Registered SqmFunctionTemplate [org.hibernate.query.sqm.function.PatternBasedSqmFunctionDescriptor@41aebbb4] under md5; prior registration was null
2026-01-07 14:38:36 DEBUG HQL_FUNCTIONS:152 - abs(NUMERIC arg)
2026-01-07 14:38:36 DEBUG HQL_FUNCTIONS:152 - Double acos(NUMERIC arg)
2026-01-07 14:38:36 DEBUG HQL_FUNCTIONS:152 - adddate(DATE datetime, INTEGER days)
2026-01-07 14:38:36 DEBUG HQL_FUNCTIONS:152 - addtime(TIME datetime, TIME time)
2026-01-07 14:38:36 DEBUG HQL_FUNCTIONS:152 - Boolean any(BOOLEAN arg)
2026-01-07 14:38:36 DEBUG HQL_FUNCTIONS:152 - Integer ascii(STRING arg)
2026-01-07 14:38:36 DEBUG HQL_FUNCTIONS:152 - Double asin(NUMERIC arg)
2026-01-07 14:38:36 DEBUG HQL_FUNCTIONS:152 - Double atan(NUMERIC arg)
2026-01-07 14:38:36 DEBUG HQL_FUNCTIONS:152 - Double atan2(NUMERIC arg0, NUMERIC arg1)
2026-01-07 14:38:36 DEBUG HQL_FUNCTIONS:152 - avg(arg)
2026-01-07 14:38:36 DEBUG HQL_FUNCTIONS:152 - bit_and(arg)
2026-01-07 14:38:36 DEBUG HQL_FUNCTIONS:152 - Integer bit_length(STRING_OR_CLOB arg)
2026-01-07 14:38:36 DEBUG HQL_FUNCTIONS:152 - bit_or(arg)
2026-01-07 14:38:36 DEBUG HQL_FUNCTIONS:152 - bitand(arg0, arg1)
2026-01-07 14:38:36 DEBUG HQL_FUNCTIONS:152 - bitnot(arg)
2026-01-07 14:38:36 DEBUG HQL_FUNCTIONS:152 - bitor(arg0, arg1)
2026-01-07 14:38:36 DEBUG HQL_FUNCTIONS:152 - bitxor(arg0, arg1)
2026-01-07 14:38:36 DEBUG HQL_FUNCTIONS:152 - cast(arg as Type)
2026-01-07 14:38:36 DEBUG HQL_FUNCTIONS:152 - ceiling(NUMERIC arg)
2026-01-07 14:38:36 DEBUG HQL_FUNCTIONS:152 - Character char(INTEGER arg)
2026-01-07 14:38:36 DEBUG HQL_FUNCTIONS:152 - Integer character_length(STRING_OR_CLOB arg)
2026-01-07 14:38:36 DEBUG HQL_FUNCTIONS:152 - Character chr(INTEGER arg)
2026-01-07 14:38:36 DEBUG HQL_FUNCTIONS:152 - coalesce(arg0[, arg1[, ...]])
2026-01-07 14:38:36 DEBUG HQL_FUNCTIONS:152 - String collate(STRING string as COLLATION collation)
2026-01-07 14:38:36 DEBUG HQL_FUNCTIONS:152 - String concat(STRING string0[, STRING string1[, ...]])
2026-01-07 14:38:36 DEBUG HQL_FUNCTIONS:152 - Double cos(NUMERIC arg)
2026-01-07 14:38:36 DEBUG HQL_FUNCTIONS:152 - Double cosh(NUMERIC arg)
2026-01-07 14:38:36 DEBUG HQL_FUNCTIONS:152 - Double cot(NUMERIC arg)
2026-01-07 14:38:36 DEBUG HQL_FUNCTIONS:152 - Long count([distinct ]{arg|*})
2026-01-07 14:38:36 DEBUG HQL_FUNCTIONS:152 - Integer crc32(arg)
2026-01-07 14:38:36 DEBUG HQL_FUNCTIONS:152 - Double cume_dist([arg0[, ...]])
2026-01-07 14:38:36 DEBUG HQL_FUNCTIONS:152 - Date curdate()
2026-01-07 14:38:36 DEBUG HQL_FUNCTIONS:152 - Date current date
2026-01-07 14:38:36 DEBUG HQL_FUNCTIONS:152 - Time current time
2026-01-07 14:38:36 DEBUG HQL_FUNCTIONS:152 - Timestamp current timestamp
2026-01-07 14:38:36 DEBUG HQL_FUNCTIONS:152 - Date current_date
2026-01-07 14:38:36 DEBUG HQL_FUNCTIONS:152 - Instant current_instant
2026-01-07 14:38:36 DEBUG HQL_FUNCTIONS:152 - Time current_time
2026-01-07 14:38:36 DEBUG HQL_FUNCTIONS:152 - Timestamp current_timestamp
2026-01-07 14:38:36 DEBUG HQL_FUNCTIONS:152 - Time curtime()
2026-01-07 14:38:36 DEBUG HQL_FUNCTIONS:152 - Date date(arg)
2026-01-07 14:38:36 DEBUG HQL_FUNCTIONS:152 - dateadd(TEMPORAL_UNIT field, INTEGER magnitude, TEMPORAL datetime)
2026-01-07 14:38:36 DEBUG HQL_FUNCTIONS:152 - Integer datediff(DATE end, DATE start)
2026-01-07 14:38:36 DEBUG HQL_FUNCTIONS:152 - Integer day(DATE arg)
2026-01-07 14:38:36 DEBUG HQL_FUNCTIONS:152 - String dayname(DATE arg)
2026-01-07 14:38:36 DEBUG HQL_FUNCTIONS:152 - Integer dayofmonth(DATE arg)
2026-01-07 14:38:36 DEBUG HQL_FUNCTIONS:152 - Integer dayofweek(DATE arg)
2026-01-07 14:38:36 DEBUG HQL_FUNCTIONS:152 - Integer dayofyear(DATE arg)
2026-01-07 14:38:36 DEBUG HQL_FUNCTIONS:152 - Double degrees(NUMERIC arg)
2026-01-07 14:38:36 DEBUG HQL_FUNCTIONS:152 - Long dense_rank([arg0[, ...]])
2026-01-07 14:38:36 DEBUG HQL_FUNCTIONS:152 - Boolean every(BOOLEAN arg)
2026-01-07 14:38:36 DEBUG HQL_FUNCTIONS:152 - Double exp(NUMERIC arg)
2026-01-07 14:38:36 DEBUG HQL_FUNCTIONS:152 - extract(TEMPORAL_UNIT field from TEMPORAL arg)
2026-01-07 14:38:36 DEBUG HQL_FUNCTIONS:152 - first_valueANY value
2026-01-07 14:38:36 DEBUG HQL_FUNCTIONS:152 - floor(NUMERIC arg)
2026-01-07 14:38:36 DEBUG HQL_FUNCTIONS:152 - String format(TEMPORAL datetime as STRING pattern)
2026-01-07 14:38:36 DEBUG HQL_FUNCTIONS:152 - greatest(COMPARABLE arg0, COMPARABLE arg1[, arg2[, ...]])
2026-01-07 14:38:36 DEBUG HQL_FUNCTIONS:152 - String hex(arg)
2026-01-07 14:38:36 DEBUG HQL_FUNCTIONS:152 - Integer hour(TIME arg)
2026-01-07 14:38:36 DEBUG HQL_FUNCTIONS:152 - ifnull(arg0, arg1)
2026-01-07 14:38:36 DEBUG HQL_FUNCTIONS:152 - String insert(STRING string, INTEGER start, INTEGER length, STRING replacement)
2026-01-07 14:38:36 DEBUG HQL_FUNCTIONS:152 - Instant instant
2026-01-07 14:38:36 DEBUG HQL_FUNCTIONS:152 - Integer instr(STRING string, STRING pattern[, INTEGER start[, INTEGER occurrence]])
2026-01-07 14:38:36 DEBUG HQL_FUNCTIONS:152 - String json_array([arg0[, ...]])
2026-01-07 14:38:36 DEBUG HQL_FUNCTIONS:152 - String json_array_append(IMPLICIT_JSON arg0, STRING arg1, ANY arg2)
2026-01-07 14:38:36 DEBUG HQL_FUNCTIONS:152 - String json_array_insert(IMPLICIT_JSON arg0, STRING arg1, ANY arg2)
2026-01-07 14:38:36 DEBUG HQL_FUNCTIONS:152 - String json_arrayagg(arg0[, arg1])
2026-01-07 14:38:36 DEBUG HQL_FUNCTIONS:152 - Boolean json_exists(IMPLICIT_JSON arg0, STRING arg1)
2026-01-07 14:38:36 DEBUG HQL_FUNCTIONS:152 - String json_insert(IMPLICIT_JSON arg0, STRING arg1, ANY arg2)
2026-01-07 14:38:36 DEBUG HQL_FUNCTIONS:152 - String json_mergepatch(IMPLICIT_JSON arg0, IMPLICIT_JSON arg1[, arg2[, ...]])
2026-01-07 14:38:36 DEBUG HQL_FUNCTIONS:152 - String json_object( ... )
2026-01-07 14:38:36 DEBUG HQL_FUNCTIONS:152 - String json_objectagg(arg0, arg1[, arg2, arg3])
2026-01-07 14:38:36 DEBUG HQL_FUNCTIONS:152 - String json_query( ... )
2026-01-07 14:38:36 DEBUG HQL_FUNCTIONS:152 - String json_remove(IMPLICIT_JSON arg0, STRING arg1)
2026-01-07 14:38:36 DEBUG HQL_FUNCTIONS:152 - String json_replace(IMPLICIT_JSON arg0, STRING arg1, ANY arg2)
2026-01-07 14:38:36 DEBUG HQL_FUNCTIONS:152 - String json_set(IMPLICIT_JSON arg0, STRING arg1, ANY arg2)
2026-01-07 14:38:36 DEBUG HQL_FUNCTIONS:152 - json_value( ... )
2026-01-07 14:38:36 DEBUG HQL_FUNCTIONS:152 - lagANY value[, INTEGER offset[, ANY default]]
2026-01-07 14:38:36 DEBUG HQL_FUNCTIONS:152 - Date last_day(DATE arg)
2026-01-07 14:38:36 DEBUG HQL_FUNCTIONS:152 - last_valueANY value
2026-01-07 14:38:36 DEBUG HQL_FUNCTIONS:152 - leadANY value[, INTEGER offset[, ANY default]]
2026-01-07 14:38:36 DEBUG HQL_FUNCTIONS:152 - least(COMPARABLE arg0, COMPARABLE arg1[, arg2[, ...]])
2026-01-07 14:38:36 DEBUG HQL_FUNCTIONS:152 - String left(STRING string, INTEGER length)
2026-01-07 14:38:36 DEBUG HQL_FUNCTIONS:152 - Integer length(STRING_OR_CLOB arg)
2026-01-07 14:38:36 DEBUG HQL_FUNCTIONS:152 - String listagg(STRING arg0, STRING arg1)
2026-01-07 14:38:36 DEBUG HQL_FUNCTIONS:152 - Double ln(NUMERIC arg)
2026-01-07 14:38:36 DEBUG HQL_FUNCTIONS:152 - LocalDate local date
2026-01-07 14:38:36 DEBUG HQL_FUNCTIONS:152 - LocalDateTime local datetime
2026-01-07 14:38:36 DEBUG HQL_FUNCTIONS:152 - LocalTime local time
2026-01-07 14:38:36 DEBUG HQL_FUNCTIONS:152 - LocalDate local_date
2026-01-07 14:38:36 DEBUG HQL_FUNCTIONS:152 - LocalDateTime local_datetime
2026-01-07 14:38:36 DEBUG HQL_FUNCTIONS:152 - LocalTime local_time
2026-01-07 14:38:36 DEBUG HQL_FUNCTIONS:152 - Time localtime
2026-01-07 14:38:36 DEBUG HQL_FUNCTIONS:152 - Timestamp localtimestamp
2026-01-07 14:38:36 DEBUG HQL_FUNCTIONS:152 - Integer locate(STRING pattern, STRING string[, INTEGER start])
2026-01-07 14:38:36 DEBUG HQL_FUNCTIONS:152 - Double log(NUMERIC arg0[, NUMERIC arg1])
2026-01-07 14:38:36 DEBUG HQL_FUNCTIONS:152 - Double log10(NUMERIC arg)
2026-01-07 14:38:36 DEBUG HQL_FUNCTIONS:152 - Double log2(NUMERIC arg)
2026-01-07 14:38:36 DEBUG HQL_FUNCTIONS:152 - String lower(STRING string)
2026-01-07 14:38:36 DEBUG HQL_FUNCTIONS:152 - String lpad(string, length[, padding])
2026-01-07 14:38:36 DEBUG HQL_FUNCTIONS:152 - String ltrim(STRING string[, STRING characters])
2026-01-07 14:38:36 DEBUG HQL_FUNCTIONS:152 - Date makedate(INTEGER year, INTEGER dayofyear)
2026-01-07 14:38:36 DEBUG HQL_FUNCTIONS:152 - Time maketime(INTEGER hour, INTEGER min, INTEGER sec)
2026-01-07 14:38:36 DEBUG HQL_FUNCTIONS:152 - max(COMPARABLE arg)
2026-01-07 14:38:36 DEBUG HQL_FUNCTIONS:152 - byte[] md5(arg)
2026-01-07 14:38:36 DEBUG HQL_FUNCTIONS:152 - Integer microsecond(TIME arg)
2026-01-07 14:38:36 DEBUG HQL_FUNCTIONS:152 - min(COMPARABLE arg)
2026-01-07 14:38:36 DEBUG HQL_FUNCTIONS:152 - Integer minute(TIME arg)
2026-01-07 14:38:36 DEBUG HQL_FUNCTIONS:152 - Integer mod(INTEGER arg0, INTEGER arg1)
2026-01-07 14:38:36 DEBUG HQL_FUNCTIONS:152 - Integer month(DATE arg)
2026-01-07 14:38:36 DEBUG HQL_FUNCTIONS:152 - String monthname(DATE arg)
2026-01-07 14:38:36 DEBUG HQL_FUNCTIONS:152 - Timestamp now()
2026-01-07 14:38:36 DEBUG HQL_FUNCTIONS:152 - nth_valueANY value, INTEGER nth
2026-01-07 14:38:36 DEBUG HQL_FUNCTIONS:152 - nullif(arg0, arg1)
2026-01-07 14:38:36 DEBUG HQL_FUNCTIONS:152 - Integer octet_length(STRING_OR_CLOB arg)
2026-01-07 14:38:36 DEBUG HQL_FUNCTIONS:152 - OffsetDateTime offset datetime
2026-01-07 14:38:36 DEBUG HQL_FUNCTIONS:152 - OffsetDateTime offset_datetime
2026-01-07 14:38:36 DEBUG HQL_FUNCTIONS:152 - Integer ordinal(ENUM arg)
2026-01-07 14:38:36 DEBUG HQL_FUNCTIONS:152 - String overlay(STRING string placing STRING replacement from INTEGER start[ for INTEGER length])
2026-01-07 14:38:36 DEBUG HQL_FUNCTIONS:152 - String pad(STRING string with INTEGER length {leading|trailing}[ STRING character])
2026-01-07 14:38:36 DEBUG HQL_FUNCTIONS:152 - Double percent_rank([arg0[, ...]])
2026-01-07 14:38:36 DEBUG HQL_FUNCTIONS:152 - Double pi
2026-01-07 14:38:36 DEBUG HQL_FUNCTIONS:152 - Integer position(STRING pattern in STRING string)
2026-01-07 14:38:36 DEBUG HQL_FUNCTIONS:152 - Double power(NUMERIC arg0, NUMERIC arg1)
2026-01-07 14:38:36 DEBUG HQL_FUNCTIONS:152 - Integer quarter(DATE arg)
2026-01-07 14:38:36 DEBUG HQL_FUNCTIONS:152 - Double radians(NUMERIC arg)
2026-01-07 14:38:36 DEBUG HQL_FUNCTIONS:152 - Double rand([INTEGER seed])
2026-01-07 14:38:36 DEBUG HQL_FUNCTIONS:152 - Long rank([arg0[, ...]])
2026-01-07 14:38:36 DEBUG HQL_FUNCTIONS:152 - String repeat(STRING string, INTEGER times)
2026-01-07 14:38:36 DEBUG HQL_FUNCTIONS:152 - String replace(STRING string, STRING pattern, STRING replacement)
2026-01-07 14:38:36 DEBUG HQL_FUNCTIONS:152 - String reverse(STRING arg)
2026-01-07 14:38:36 DEBUG HQL_FUNCTIONS:152 - String right(STRING string, INTEGER length)
2026-01-07 14:38:36 DEBUG HQL_FUNCTIONS:152 - round(NUMERIC number[, INTEGER places])
2026-01-07 14:38:36 DEBUG HQL_FUNCTIONS:152 - Long row_number()
2026-01-07 14:38:36 DEBUG HQL_FUNCTIONS:152 - String rpad(string, length[, padding])
2026-01-07 14:38:36 DEBUG HQL_FUNCTIONS:152 - String rtrim(STRING string[, STRING characters])
2026-01-07 14:38:36 DEBUG HQL_FUNCTIONS:152 - Integer second(TIME arg)
2026-01-07 14:38:36 DEBUG HQL_FUNCTIONS:152 - byte[] sha(arg)
2026-01-07 14:38:36 DEBUG HQL_FUNCTIONS:152 - String sha1(arg)
2026-01-07 14:38:36 DEBUG HQL_FUNCTIONS:152 - String sha2(arg0, arg1)
2026-01-07 14:38:36 DEBUG HQL_FUNCTIONS:152 - Integer sign(NUMERIC arg)
2026-01-07 14:38:36 DEBUG HQL_FUNCTIONS:152 - Double sin(NUMERIC arg)
2026-01-07 14:38:36 DEBUG HQL_FUNCTIONS:152 - Double sinh(NUMERIC arg)
2026-01-07 14:38:36 DEBUG HQL_FUNCTIONS:152 - String soundex(arg)
2026-01-07 14:38:36 DEBUG HQL_FUNCTIONS:152 - String space(INTEGER arg)
2026-01-07 14:38:36 DEBUG HQL_FUNCTIONS:152 - Object sql
2026-01-07 14:38:36 DEBUG HQL_FUNCTIONS:152 - Double sqrt(NUMERIC arg)
2026-01-07 14:38:36 DEBUG HQL_FUNCTIONS:152 - Double stddev(NUMERIC arg)
2026-01-07 14:38:36 DEBUG HQL_FUNCTIONS:152 - Double stddev_pop(NUMERIC arg)
2026-01-07 14:38:36 DEBUG HQL_FUNCTIONS:152 - Double stddev_samp(NUMERIC arg)
2026-01-07 14:38:36 DEBUG HQL_FUNCTIONS:152 - String str(arg)
2026-01-07 14:38:36 DEBUG HQL_FUNCTIONS:152 - subdate(DATE datetime, INTEGER days)
2026-01-07 14:38:36 DEBUG HQL_FUNCTIONS:152 - String substr(STRING string, INTEGER start[, INTEGER length])
2026-01-07 14:38:36 DEBUG HQL_FUNCTIONS:152 - String substring(STRING string{ from|,} INTEGER start[{ for|,} INTEGER length])
2026-01-07 14:38:36 DEBUG HQL_FUNCTIONS:152 - subtime(TIME datetime, TIME time)
2026-01-07 14:38:36 DEBUG HQL_FUNCTIONS:152 - sum(arg)
2026-01-07 14:38:36 DEBUG HQL_FUNCTIONS:152 - Timestamp sysdate()
2026-01-07 14:38:36 DEBUG HQL_FUNCTIONS:152 - Double tan(NUMERIC arg)
2026-01-07 14:38:36 DEBUG HQL_FUNCTIONS:152 - Double tanh(NUMERIC arg)
2026-01-07 14:38:36 DEBUG HQL_FUNCTIONS:152 - String time(arg)
2026-01-07 14:38:36 DEBUG HQL_FUNCTIONS:152 - Timestamp timestamp(arg0[, arg1])
2026-01-07 14:38:36 DEBUG HQL_FUNCTIONS:152 - timestampadd(TEMPORAL_UNIT field, INTEGER magnitude, TEMPORAL datetime)
2026-01-07 14:38:36 DEBUG HQL_FUNCTIONS:152 - Long|Double timestampdiff(TEMPORAL_UNIT field, TEMPORAL start, TEMPORAL end)
2026-01-07 14:38:36 DEBUG HQL_FUNCTIONS:152 - String trim([[{leading|trailing|both} ][STRING arg0 ]from] STRING arg1)
2026-01-07 14:38:36 DEBUG HQL_FUNCTIONS:152 - trunc( ... )
2026-01-07 14:38:36 DEBUG HQL_FUNCTIONS:152 - truncate( ... )
2026-01-07 14:38:36 DEBUG HQL_FUNCTIONS:152 - String upper(STRING string)
2026-01-07 14:38:36 DEBUG HQL_FUNCTIONS:152 - Date utc_date
2026-01-07 14:38:36 DEBUG HQL_FUNCTIONS:152 - Time utc_time
2026-01-07 14:38:36 DEBUG HQL_FUNCTIONS:152 - Timestamp utc_timestamp
2026-01-07 14:38:36 DEBUG HQL_FUNCTIONS:152 - Double var_pop(NUMERIC arg)
2026-01-07 14:38:36 DEBUG HQL_FUNCTIONS:152 - Double var_samp(NUMERIC arg)
2026-01-07 14:38:36 DEBUG HQL_FUNCTIONS:152 - Double variance(NUMERIC arg)
2026-01-07 14:38:36 DEBUG HQL_FUNCTIONS:152 - Integer week(DATE arg)
2026-01-07 14:38:36 DEBUG HQL_FUNCTIONS:152 - Integer year(DATE arg)
2026-01-07 14:38:36 DEBUG cache:49 - Starting QueryInterpretationCache(2048)
2026-01-07 14:38:36 DEBUG ClassLoaderAccessImpl:58 - Not known whether passed class name [com.test.Cricketer] is safe
2026-01-07 14:38:36 DEBUG ClassLoaderAccessImpl:60 - No temp ClassLoader provided; using live ClassLoader for loading potentially unsafe class : com.test.Cricketer
2026-01-07 14:38:36 DEBUG BytecodeProviderImpl:232 - HHH000513: Unable to create the ReflectionOptimizer for [com.test.Cricketer]: private accessor [name]
2026-01-07 14:38:36 DEBUG ClassLoaderAccessImpl:58 - Not known whether passed class name [com.test.TennisPlayer] is safe
2026-01-07 14:38:36 DEBUG ClassLoaderAccessImpl:60 - No temp ClassLoader provided; using live ClassLoader for loading potentially unsafe class : com.test.TennisPlayer
2026-01-07 14:38:36 DEBUG BytecodeProviderImpl:232 - HHH000513: Unable to create the ReflectionOptimizer for [com.test.TennisPlayer]: private accessor [name]
2026-01-07 14:38:36 DEBUG ClassLoaderAccessImpl:58 - Not known whether passed class name [com.test.Player] is safe
2026-01-07 14:38:36 DEBUG ClassLoaderAccessImpl:60 - No temp ClassLoader provided; using live ClassLoader for loading potentially unsafe class : com.test.Player
2026-01-07 14:38:36 DEBUG BytecodeProviderImpl:232 - HHH000513: Unable to create the ReflectionOptimizer for [com.test.Player]: private accessor [name]
2026-01-07 14:38:36 DEBUG creation:102 - Starting post-init callbacks
2026-01-07 14:38:36 DEBUG creation:252 - Starting PostInitCallbackEntry : Entity(com.test.Player) `staticFetchableList` generator
2026-01-07 14:38:36 DEBUG creation:252 - Starting PostInitCallbackEntry : Entity(com.test.Player) `sqmMultiTableInsertStrategy` interpretation
2026-01-07 14:38:36 DEBUG creation:252 - Starting PostInitCallbackEntry : Entity(com.test.Cricketer) `staticFetchableList` generator
2026-01-07 14:38:36 DEBUG creation:252 - Starting PostInitCallbackEntry : Entity(com.test.Cricketer) `sqmMultiTableInsertStrategy` interpretation
2026-01-07 14:38:36 DEBUG creation:252 - Starting PostInitCallbackEntry : Entity(com.test.TennisPlayer) `staticFetchableList` generator
2026-01-07 14:38:36 DEBUG creation:252 - Starting PostInitCallbackEntry : Entity(com.test.TennisPlayer) `sqmMultiTableInsertStrategy` interpretation
2026-01-07 14:38:36 DEBUG create:30 - Created new SQL alias : c1_0
2026-01-07 14:38:36 DEBUG create:121 - Registration of TableGroup [StandardTableGroup(com.test.Cricketer)] with identifierForTableGroup [com.test.Cricketer] for NavigablePath [com.test.Cricketer] 
2026-01-07 14:38:36 DEBUG AST:67 - DomainResult Graph:
 \-EntityResultImpl [com.test.Cricketer]
 |  +-BasicFetch [com.test.Cricketer.name]
 |  +-BasicFetch [com.test.Cricketer.jerseyNumber]
 |  \-BasicFetch [com.test.Cricketer.type]

2026-01-07 14:38:36 DEBUG tree:43 - SQL AST Tree:
    SelectStatement {
      FromClause {
        StandardTableGroup (c1 : com.test.Cricketer) {
          primaryTableReference : player_1 as c1_0
        }
      }
    }

2026-01-07 14:38:36 DEBUG AbstractEntityPersister:2673 - Static SQL for entity: com.test.Cricketer
2026-01-07 14:38:36 DEBUG AbstractEntityPersister:2678 -  Version select: select id from player_1 where id=?
2026-01-07 14:38:36 DEBUG AbstractEntityPersister:393 -  Insert (0): insert into player_1 (name,jerseyNumber,type,player_type,id) values (?,?,?,'cricketer',?)
2026-01-07 14:38:36 DEBUG AbstractEntityPersister:393 -  Update (0): update player_1 set name=?,jerseyNumber=?,type=? where id=?
2026-01-07 14:38:36 DEBUG AbstractEntityPersister:393 -  Delete (0): delete from player_1 where id=?
2026-01-07 14:38:36 DEBUG create:30 - Created new SQL alias : tp1_0
2026-01-07 14:38:36 DEBUG create:121 - Registration of TableGroup [StandardTableGroup(com.test.TennisPlayer)] with identifierForTableGroup [com.test.TennisPlayer] for NavigablePath [com.test.TennisPlayer] 
2026-01-07 14:38:36 DEBUG AST:67 - DomainResult Graph:
 \-EntityResultImpl [com.test.TennisPlayer]
 |  +-BasicFetch [com.test.TennisPlayer.name]
 |  +-BasicFetch [com.test.TennisPlayer.noOfMatches]
 |  \-BasicFetch [com.test.TennisPlayer.wonMatches]

2026-01-07 14:38:36 DEBUG tree:43 - SQL AST Tree:
    SelectStatement {
      FromClause {
        StandardTableGroup (tp1 : com.test.TennisPlayer) {
          primaryTableReference : player_1 as tp1_0
        }
      }
    }

2026-01-07 14:38:36 DEBUG AbstractEntityPersister:2673 - Static SQL for entity: com.test.TennisPlayer
2026-01-07 14:38:36 DEBUG AbstractEntityPersister:2678 -  Version select: select id from player_1 where id=?
2026-01-07 14:38:36 DEBUG AbstractEntityPersister:393 -  Insert (0): insert into player_1 (name,noOfMatches,wonMatches,player_type,id) values (?,?,?,'Tennis_Player',?)
2026-01-07 14:38:36 DEBUG AbstractEntityPersister:393 -  Update (0): update player_1 set name=?,noOfMatches=?,wonMatches=? where id=?
2026-01-07 14:38:36 DEBUG AbstractEntityPersister:393 -  Delete (0): delete from player_1 where id=?
2026-01-07 14:38:36 DEBUG create:30 - Created new SQL alias : p1_0
2026-01-07 14:38:36 DEBUG create:121 - Registration of TableGroup [StandardTableGroup(com.test.Player)] with identifierForTableGroup [com.test.Player] for NavigablePath [com.test.Player] 
2026-01-07 14:38:36 DEBUG AST:67 - DomainResult Graph:
 \-EntityResultImpl [com.test.Player]
 |  +-BasicFetch [com.test.Player.name]
 |  +-BasicFetch [treat(com.test.Player as com.test.Cricketer).jerseyNumber]
 |  +-BasicFetch [treat(com.test.Player as com.test.Cricketer).type]
 |  +-BasicFetch [treat(com.test.Player as com.test.TennisPlayer).noOfMatches]
 |  \-BasicFetch [treat(com.test.Player as com.test.TennisPlayer).wonMatches]

2026-01-07 14:38:36 DEBUG tree:43 - SQL AST Tree:
    SelectStatement {
      FromClause {
        StandardTableGroup (p1 : com.test.Player) {
          primaryTableReference : player_1 as p1_0
        }
      }
    }

2026-01-07 14:38:36 DEBUG AbstractEntityPersister:2673 - Static SQL for entity: com.test.Player
2026-01-07 14:38:36 DEBUG AbstractEntityPersister:2678 -  Version select: select id from player_1 where id=?
2026-01-07 14:38:36 DEBUG AbstractEntityPersister:393 -  Insert (0): insert into player_1 (name,player_type,id) values (?,'player',?)
2026-01-07 14:38:36 DEBUG AbstractEntityPersister:393 -  Update (0): update player_1 set name=? where id=?
2026-01-07 14:38:36 DEBUG AbstractEntityPersister:393 -  Delete (0): delete from player_1 where id=?
2026-01-07 14:38:36 DEBUG JtaPlatformInitiator:44 - No JtaPlatform was specified, checking resolver
2026-01-07 14:38:36 DEBUG JtaPlatformResolverInitiator:32 - No JtaPlatformResolver was specified, using default [org.hibernate.engine.transaction.jta.platform.internal.StandardJtaPlatformResolver]
2026-01-07 14:38:36 DEBUG StandardJtaPlatformResolver:100 - Could not resolve JtaPlatform, using default [org.hibernate.engine.transaction.jta.platform.internal.NoJtaPlatform]
2026-01-07 14:38:36 INFO  JtaPlatformInitiator:58 - HHH000489: No JTA platform available (set 'hibernate.transaction.jta.platform' to enable JTA platform integration)
2026-01-07 14:38:36 DEBUG EntityCopyObserverFactoryInitiator:37 - Configured EntityCopyObserver strategy: disallow
2026-01-07 14:38:36 DEBUG SessionFactoryServiceRegistryImpl:103 - EventListenerRegistry access via ServiceRegistry is deprecated.  Use `sessionFactory.getEventEngine().getListenerRegistry()` instead
2026-01-07 14:38:36 DEBUG TypeConfiguration$Scope:209 - Scoping TypeConfiguration [org.hibernate.type.spi.TypeConfiguration@5478ce1e] to SessionFactoryImplementor [org.hibernate.internal.SessionFactoryImpl@7db47323]
2026-01-07 14:38:36 DEBUG NamedObjectRepository:324 - Checking 0 named HQL queries
2026-01-07 14:38:36 DEBUG NamedObjectRepository:348 - Checking 0 named SQL queries
2026-01-07 14:38:36 DEBUG SQL:130 - 
    drop table if exists player_1
2026-01-07 14:38:36 INFO  access:50 - HHH10001501: Connection obtained from JdbcConnectionAccess [org.hibernate.engine.jdbc.env.internal.JdbcEnvironmentInitiator$ConnectionProviderJdbcConnectionAccess@1a34a51e] for (non-JTA) DDL execution was not in auto-commit mode; the Connection 'local transaction' will be committed and the Connection will be set into auto-commit mode.
2026-01-07 14:38:36 DEBUG SQL:130 - 
    drop table if exists player_1_SEQ
2026-01-07 14:38:36 DEBUG SQL:130 - 
    create table player_1 (
        id integer not null,
        noOfMatches integer,
        wonMatches integer,
        player_type varchar(31) not null check (player_type in ('player','cricketer','Tennis_Player')),
        jerseyNumber varchar(255),
        name varchar(255),
        type varchar(255),
        primary key (id)
    ) engine=InnoDB
2026-01-07 14:38:36 INFO  access:50 - HHH10001501: Connection obtained from JdbcConnectionAccess [org.hibernate.engine.jdbc.env.internal.JdbcEnvironmentInitiator$ConnectionProviderJdbcConnectionAccess@19647566] for (non-JTA) DDL execution was not in auto-commit mode; the Connection 'local transaction' will be committed and the Connection will be set into auto-commit mode.
2026-01-07 14:38:37 DEBUG SQL:130 - 
    create table player_1_SEQ (
        next_val bigint
    ) engine=InnoDB
2026-01-07 14:38:37 DEBUG SQL:130 - 
    insert into player_1_SEQ values ( 1 )
2026-01-07 14:38:37 DEBUG factoryRegistry:51 - Initializing SessionFactoryRegistry : org.hibernate.internal.SessionFactoryRegistry@5a1a20ae
2026-01-07 14:38:37 DEBUG factoryRegistry:73 - HHH020384: Registering SessionFactory: 0236dbd6-c544-4ea2-8731-86d9c0e3fb46 (<unnamed>)
2026-01-07 14:38:37 DEBUG factoryRegistry:80 - HHH020385: Not binding SessionFactory to JNDI, no JNDI name configured
2026-01-07 14:38:37 DEBUG SessionFactoryImpl:364 - Instantiated factory
2026-01-07 14:38:37 DEBUG StatisticsInitiator:47 - Statistics initialized [enabled=false]
2026-01-07 14:38:37 DEBUG TransactionImpl:75 - begin transaction
2026-01-07 14:38:37 DEBUG SQL:130 - 
    select
        next_val as id_val 
    from
        player_1_SEQ 
    for
        update
2026-01-07 14:38:37 DEBUG SQL:130 - 
    update
        player_1_SEQ 
    set
        next_val= ? 
    where
        next_val=?
2026-01-07 14:38:37 DEBUG AbstractSaveEventListener:163 - Generated identifier [1] using generator 'org.hibernate.id.enhanced.SequenceStyleGenerator'
2026-01-07 14:38:37 DEBUG SQL:130 - 
    select
        next_val as id_val 
    from
        player_1_SEQ 
    for
        update
2026-01-07 14:38:37 DEBUG SQL:130 - 
    update
        player_1_SEQ 
    set
        next_val= ? 
    where
        next_val=?
2026-01-07 14:38:37 DEBUG AbstractSaveEventListener:163 - Generated identifier [2] using generator 'org.hibernate.id.enhanced.SequenceStyleGenerator'
2026-01-07 14:38:37 DEBUG AbstractSaveEventListener:163 - Generated identifier [3] using generator 'org.hibernate.id.enhanced.SequenceStyleGenerator'
2026-01-07 14:38:37 DEBUG TransactionImpl:88 - committing transaction
2026-01-07 14:38:37 DEBUG AbstractFlushingEventListener:130 - Processing flush-time cascades
2026-01-07 14:38:37 DEBUG AbstractFlushingEventListener:188 - Dirty checking collections
2026-01-07 14:38:37 DEBUG AbstractFlushingEventListener:105 - Flushed: 3 insertions, 0 updates, 0 deletions to 3 objects
2026-01-07 14:38:37 DEBUG AbstractFlushingEventListener:112 - Flushed: 0 (re)creations, 0 updates, 0 removals to 0 collections
2026-01-07 14:38:37 DEBUG EntityPrinter:102 - Listing entities:
2026-01-07 14:38:37 DEBUG EntityPrinter:113 - com.test.Cricketer{name=Rohit, jerseyNumber=45, id=2, type=Batsman}
2026-01-07 14:38:37 DEBUG EntityPrinter:113 - com.test.Player{name=Rohit, id=1}
2026-01-07 14:38:37 DEBUG EntityPrinter:113 - com.test.TennisPlayer{noOfMatches=100, wonMatches=90, name=Ayush, id=3}
2026-01-07 14:38:37 DEBUG SQL:130 - 
    insert 
    into
        player_1
        (name, player_type, id) 
    values
        (?, 'player', ?)
2026-01-07 14:38:37 DEBUG SQL:130 - 
    insert 
    into
        player_1
        (name, jerseyNumber, type, player_type, id) 
    values
        (?, ?, ?, 'cricketer', ?)
2026-01-07 14:38:37 DEBUG SQL:130 - 
    insert 
    into
        player_1
        (name, noOfMatches, wonMatches, player_type, id) 
    values
        (?, ?, ?, 'Tennis_Player', ?)
2026-01-07 14:38:37 DEBUG JdbcEventHandler:127 - Aborting batches as part of ResourceRegistryStandardImpl#releaseResources
2026-01-07 14:38:37 DEBUG LogicalConnectionManagedImpl:182 - Initiating JDBC connection release from afterTransaction
2026-01-07 14:38:37 DEBUG JdbcEventHandler:127 - Aborting batches as part of ResourceRegistryStandardImpl#releaseResources
2026-01-07 14:38:37 DEBUG JdbcEventHandler:127 - Aborting batches as part of ResourceRegistryStandardImpl#releaseResources
2026-01-07 14:38:37 DEBUG LogicalConnectionManagedImpl:182 - Initiating JDBC connection release from afterTransaction
2026-01-07 14:38:37 DEBUG metrics:279 - HHH000401: Logging session metrics:
	21111100 ns acquiring 3 JDBC connections
	4523500 ns releasing 3 JDBC connections
	8928400 ns preparing 7 JDBC statements
	9763200 ns executing 7 JDBC statements
	0 ns executing 0 JDBC batches
	0 ns performing 0 second-level cache puts
	0 ns performing 0 second-level cache hits
	0 ns performing 0 second-level cache misses
	30496800 ns executing 1 flushes (flushing a total of 3 entities and 0 collections)
	0 ns executing 0 pre-partial-flushes
	0 ns executing 0 partial-flushes (flushing a total of 0 entities and 0 collections)

2026-01-07 14:38:37 DEBUG JdbcEventHandler:127 - Aborting batches as part of ResourceRegistryStandardImpl#releaseResources
2026-01-07 14:50:11 DEBUG IntegratorServiceImpl:49 - Adding Integrator [org.hibernate.boot.beanvalidation.BeanValidationIntegrator].
2026-01-07 14:50:11 DEBUG IntegratorServiceImpl:49 - Adding Integrator [org.hibernate.cache.internal.CollectionCacheInvalidator].
2026-01-07 14:50:11 INFO  Version:45 - HHH000412: Hibernate ORM core version 7.0.0.Final
2026-01-07 14:50:11 DEBUG Environment:162 - HHH000206: 'hibernate.properties' not found
2026-01-07 14:50:11 DEBUG LocalXmlResourceResolver:87 - Checking public/system identifiers `-//Hibernate/Hibernate Configuration DTD 3.0//EN`/`http://www.hibernate.org/dtd/hibernate-configuration-3.0.dtd` as DTD references
2026-01-07 14:50:11 DEBUG JaxbCfgProcessor:113 - cfg.xml document did not define namespaces; wrapping in custom event reader to introduce namespace information
2026-01-07 14:50:11 DEBUG Configuration:1104 - Building session factory using internal StandardServiceRegistryBuilder
2026-01-07 14:50:11 DEBUG Configuration:1005 - Building session factory using provided StandardServiceRegistry
2026-01-07 14:50:11 DEBUG RegionFactoryInitiator:117 - Cannot default RegionFactory based on registered strategies as `[]` RegionFactory strategies were registered
2026-01-07 14:50:11 DEBUG RegionFactoryInitiator:47 - HHH000026: Second-level cache disabled
2026-01-07 14:50:11 DEBUG BasicTypeRegistry:423 - Adding type registration boolean -> org.hibernate.type.BasicTypeReference@16afbd92
2026-01-07 14:50:11 DEBUG BasicTypeRegistry:423 - Adding type registration boolean -> org.hibernate.type.BasicTypeReference@16afbd92
2026-01-07 14:50:11 DEBUG BasicTypeRegistry:423 - Adding type registration java.lang.Boolean -> org.hibernate.type.BasicTypeReference@16afbd92
2026-01-07 14:50:11 DEBUG BasicTypeRegistry:423 - Adding type registration numeric_boolean -> org.hibernate.type.BasicTypeReference@2c5d601e
2026-01-07 14:50:11 DEBUG BasicTypeRegistry:423 - Adding type registration org.hibernate.type.NumericBooleanConverter -> org.hibernate.type.BasicTypeReference@2c5d601e
2026-01-07 14:50:11 DEBUG BasicTypeRegistry:423 - Adding type registration true_false -> org.hibernate.type.BasicTypeReference@7fe083b1
2026-01-07 14:50:11 DEBUG BasicTypeRegistry:423 - Adding type registration org.hibernate.type.TrueFalseConverter -> org.hibernate.type.BasicTypeReference@7fe083b1
2026-01-07 14:50:11 DEBUG BasicTypeRegistry:423 - Adding type registration yes_no -> org.hibernate.type.BasicTypeReference@23c388c2
2026-01-07 14:50:11 DEBUG BasicTypeRegistry:423 - Adding type registration org.hibernate.type.YesNoConverter -> org.hibernate.type.BasicTypeReference@23c388c2
2026-01-07 14:50:11 DEBUG BasicTypeRegistry:423 - Adding type registration byte -> org.hibernate.type.BasicTypeReference@486be205
2026-01-07 14:50:11 DEBUG BasicTypeRegistry:423 - Adding type registration byte -> org.hibernate.type.BasicTypeReference@486be205
2026-01-07 14:50:11 DEBUG BasicTypeRegistry:423 - Adding type registration java.lang.Byte -> org.hibernate.type.BasicTypeReference@486be205
2026-01-07 14:50:11 DEBUG BasicTypeRegistry:423 - Adding type registration binary -> org.hibernate.type.BasicTypeReference@f713686
2026-01-07 14:50:11 DEBUG BasicTypeRegistry:423 - Adding type registration byte[] -> org.hibernate.type.BasicTypeReference@f713686
2026-01-07 14:50:11 DEBUG BasicTypeRegistry:423 - Adding type registration [B -> org.hibernate.type.BasicTypeReference@f713686
2026-01-07 14:50:11 DEBUG BasicTypeRegistry:423 - Adding type registration binary_wrapper -> org.hibernate.type.BasicTypeReference@74f7d1d2
2026-01-07 14:50:11 DEBUG BasicTypeRegistry:423 - Adding type registration wrapper-binary -> org.hibernate.type.BasicTypeReference@74f7d1d2
2026-01-07 14:50:11 DEBUG BasicTypeRegistry:423 - Adding type registration image -> org.hibernate.type.BasicTypeReference@4b4dd216
2026-01-07 14:50:11 DEBUG BasicTypeRegistry:423 - Adding type registration blob -> org.hibernate.type.BasicTypeReference@5ca17ab0
2026-01-07 14:50:11 DEBUG BasicTypeRegistry:423 - Adding type registration java.sql.Blob -> org.hibernate.type.BasicTypeReference@5ca17ab0
2026-01-07 14:50:11 DEBUG BasicTypeRegistry:423 - Adding type registration materialized_blob -> org.hibernate.type.BasicTypeReference@5a62b2a4
2026-01-07 14:50:11 DEBUG BasicTypeRegistry:423 - Adding type registration materialized_blob_wrapper -> org.hibernate.type.BasicTypeReference@1051817b
2026-01-07 14:50:11 DEBUG BasicTypeRegistry:423 - Adding type registration short -> org.hibernate.type.BasicTypeReference@35293c05
2026-01-07 14:50:11 DEBUG BasicTypeRegistry:423 - Adding type registration short -> org.hibernate.type.BasicTypeReference@35293c05
2026-01-07 14:50:11 DEBUG BasicTypeRegistry:423 - Adding type registration java.lang.Short -> org.hibernate.type.BasicTypeReference@35293c05
2026-01-07 14:50:11 DEBUG BasicTypeRegistry:423 - Adding type registration integer -> org.hibernate.type.BasicTypeReference@620aa4ea
2026-01-07 14:50:11 DEBUG BasicTypeRegistry:423 - Adding type registration int -> org.hibernate.type.BasicTypeReference@620aa4ea
2026-01-07 14:50:11 DEBUG BasicTypeRegistry:423 - Adding type registration java.lang.Integer -> org.hibernate.type.BasicTypeReference@620aa4ea
2026-01-07 14:50:11 DEBUG BasicTypeRegistry:423 - Adding type registration long -> org.hibernate.type.BasicTypeReference@2db2dd9d
2026-01-07 14:50:11 DEBUG BasicTypeRegistry:423 - Adding type registration long -> org.hibernate.type.BasicTypeReference@2db2dd9d
2026-01-07 14:50:11 DEBUG BasicTypeRegistry:423 - Adding type registration java.lang.Long -> org.hibernate.type.BasicTypeReference@2db2dd9d
2026-01-07 14:50:11 DEBUG BasicTypeRegistry:423 - Adding type registration float -> org.hibernate.type.BasicTypeReference@3174cb09
2026-01-07 14:50:11 DEBUG BasicTypeRegistry:423 - Adding type registration float -> org.hibernate.type.BasicTypeReference@3174cb09
2026-01-07 14:50:11 DEBUG BasicTypeRegistry:423 - Adding type registration java.lang.Float -> org.hibernate.type.BasicTypeReference@3174cb09
2026-01-07 14:50:11 DEBUG BasicTypeRegistry:423 - Adding type registration double -> org.hibernate.type.BasicTypeReference@4d411036
2026-01-07 14:50:11 DEBUG BasicTypeRegistry:423 - Adding type registration double -> org.hibernate.type.BasicTypeReference@4d411036
2026-01-07 14:50:11 DEBUG BasicTypeRegistry:423 - Adding type registration java.lang.Double -> org.hibernate.type.BasicTypeReference@4d411036
2026-01-07 14:50:11 DEBUG BasicTypeRegistry:423 - Adding type registration big_integer -> org.hibernate.type.BasicTypeReference@7adbd080
2026-01-07 14:50:11 DEBUG BasicTypeRegistry:423 - Adding type registration java.math.BigInteger -> org.hibernate.type.BasicTypeReference@7adbd080
2026-01-07 14:50:11 DEBUG BasicTypeRegistry:423 - Adding type registration big_decimal -> org.hibernate.type.BasicTypeReference@41beb473
2026-01-07 14:50:11 DEBUG BasicTypeRegistry:423 - Adding type registration java.math.BigDecimal -> org.hibernate.type.BasicTypeReference@41beb473
2026-01-07 14:50:11 DEBUG BasicTypeRegistry:423 - Adding type registration character -> org.hibernate.type.BasicTypeReference@560513ce
2026-01-07 14:50:11 DEBUG BasicTypeRegistry:423 - Adding type registration char -> org.hibernate.type.BasicTypeReference@560513ce
2026-01-07 14:50:11 DEBUG BasicTypeRegistry:423 - Adding type registration java.lang.Character -> org.hibernate.type.BasicTypeReference@560513ce
2026-01-07 14:50:11 DEBUG BasicTypeRegistry:423 - Adding type registration character_nchar -> org.hibernate.type.BasicTypeReference@13006998
2026-01-07 14:50:11 DEBUG BasicTypeRegistry:423 - Adding type registration string -> org.hibernate.type.BasicTypeReference@37fbe4a8
2026-01-07 14:50:11 DEBUG BasicTypeRegistry:423 - Adding type registration java.lang.String -> org.hibernate.type.BasicTypeReference@37fbe4a8
2026-01-07 14:50:11 DEBUG BasicTypeRegistry:423 - Adding type registration nstring -> org.hibernate.type.BasicTypeReference@352c308
2026-01-07 14:50:11 DEBUG BasicTypeRegistry:423 - Adding type registration characters -> org.hibernate.type.BasicTypeReference@7d373bcf
2026-01-07 14:50:11 DEBUG BasicTypeRegistry:423 - Adding type registration char[] -> org.hibernate.type.BasicTypeReference@7d373bcf
2026-01-07 14:50:11 DEBUG BasicTypeRegistry:423 - Adding type registration [C -> org.hibernate.type.BasicTypeReference@7d373bcf
2026-01-07 14:50:11 DEBUG BasicTypeRegistry:423 - Adding type registration wrapper-characters -> org.hibernate.type.BasicTypeReference@6d6bc158
2026-01-07 14:50:11 DEBUG BasicTypeRegistry:423 - Adding type registration text -> org.hibernate.type.BasicTypeReference@5dda6f9
2026-01-07 14:50:11 DEBUG BasicTypeRegistry:423 - Adding type registration ntext -> org.hibernate.type.BasicTypeReference@10027fc9
2026-01-07 14:50:11 DEBUG BasicTypeRegistry:423 - Adding type registration clob -> org.hibernate.type.BasicTypeReference@54afd745
2026-01-07 14:50:11 DEBUG BasicTypeRegistry:423 - Adding type registration java.sql.Clob -> org.hibernate.type.BasicTypeReference@54afd745
2026-01-07 14:50:11 DEBUG BasicTypeRegistry:423 - Adding type registration nclob -> org.hibernate.type.BasicTypeReference@677dbd89
2026-01-07 14:50:11 DEBUG BasicTypeRegistry:423 - Adding type registration java.sql.NClob -> org.hibernate.type.BasicTypeReference@677dbd89
2026-01-07 14:50:11 DEBUG BasicTypeRegistry:423 - Adding type registration materialized_clob -> org.hibernate.type.BasicTypeReference@fff25f1
2026-01-07 14:50:11 DEBUG BasicTypeRegistry:423 - Adding type registration materialized_clob_char_array -> org.hibernate.type.BasicTypeReference@c00fff0
2026-01-07 14:50:11 DEBUG BasicTypeRegistry:423 - Adding type registration materialized_clob_character_array -> org.hibernate.type.BasicTypeReference@263f04ca
2026-01-07 14:50:11 DEBUG BasicTypeRegistry:423 - Adding type registration materialized_nclob -> org.hibernate.type.BasicTypeReference@2ca47471
2026-01-07 14:50:11 DEBUG BasicTypeRegistry:423 - Adding type registration materialized_nclob_character_array -> org.hibernate.type.BasicTypeReference@5a021cb9
2026-01-07 14:50:11 DEBUG BasicTypeRegistry:423 - Adding type registration materialized_nclob_char_array -> org.hibernate.type.BasicTypeReference@51768776
2026-01-07 14:50:11 DEBUG BasicTypeRegistry:423 - Adding type registration Duration -> org.hibernate.type.BasicTypeReference@f31c0c6
2026-01-07 14:50:11 DEBUG BasicTypeRegistry:423 - Adding type registration java.time.Duration -> org.hibernate.type.BasicTypeReference@f31c0c6
2026-01-07 14:50:11 DEBUG BasicTypeRegistry:423 - Adding type registration LocalDateTime -> org.hibernate.type.BasicTypeReference@b93aad
2026-01-07 14:50:11 DEBUG BasicTypeRegistry:423 - Adding type registration java.time.LocalDateTime -> org.hibernate.type.BasicTypeReference@b93aad
2026-01-07 14:50:11 DEBUG BasicTypeRegistry:423 - Adding type registration LocalDate -> org.hibernate.type.BasicTypeReference@4a9419d7
2026-01-07 14:50:11 DEBUG BasicTypeRegistry:423 - Adding type registration java.time.LocalDate -> org.hibernate.type.BasicTypeReference@4a9419d7
2026-01-07 14:50:11 DEBUG BasicTypeRegistry:423 - Adding type registration LocalTime -> org.hibernate.type.BasicTypeReference@2f3c6ac4
2026-01-07 14:50:11 DEBUG BasicTypeRegistry:423 - Adding type registration java.time.LocalTime -> org.hibernate.type.BasicTypeReference@2f3c6ac4
2026-01-07 14:50:11 DEBUG BasicTypeRegistry:423 - Adding type registration OffsetDateTime -> org.hibernate.type.BasicTypeReference@2e8ab815
2026-01-07 14:50:11 DEBUG BasicTypeRegistry:423 - Adding type registration java.time.OffsetDateTime -> org.hibernate.type.BasicTypeReference@2e8ab815
2026-01-07 14:50:11 DEBUG BasicTypeRegistry:423 - Adding type registration OffsetDateTimeWithTimezone -> org.hibernate.type.BasicTypeReference@67af833b
2026-01-07 14:50:11 DEBUG BasicTypeRegistry:423 - Adding type registration OffsetDateTimeWithoutTimezone -> org.hibernate.type.BasicTypeReference@d1f74b8
2026-01-07 14:50:11 DEBUG BasicTypeRegistry:423 - Adding type registration OffsetTime -> org.hibernate.type.BasicTypeReference@41394595
2026-01-07 14:50:11 DEBUG BasicTypeRegistry:423 - Adding type registration java.time.OffsetTime -> org.hibernate.type.BasicTypeReference@41394595
2026-01-07 14:50:11 DEBUG BasicTypeRegistry:423 - Adding type registration OffsetTimeUtc -> org.hibernate.type.BasicTypeReference@3a0807b7
2026-01-07 14:50:11 DEBUG BasicTypeRegistry:423 - Adding type registration OffsetTimeWithTimezone -> org.hibernate.type.BasicTypeReference@21a5fd96
2026-01-07 14:50:11 DEBUG BasicTypeRegistry:423 - Adding type registration OffsetTimeWithoutTimezone -> org.hibernate.type.BasicTypeReference@5769e7ae
2026-01-07 14:50:11 DEBUG BasicTypeRegistry:423 - Adding type registration ZonedDateTime -> org.hibernate.type.BasicTypeReference@5c77053b
2026-01-07 14:50:11 DEBUG BasicTypeRegistry:423 - Adding type registration java.time.ZonedDateTime -> org.hibernate.type.BasicTypeReference@5c77053b
2026-01-07 14:50:11 DEBUG BasicTypeRegistry:423 - Adding type registration ZonedDateTimeWithTimezone -> org.hibernate.type.BasicTypeReference@26b894bd
2026-01-07 14:50:11 DEBUG BasicTypeRegistry:423 - Adding type registration ZonedDateTimeWithoutTimezone -> org.hibernate.type.BasicTypeReference@287f94b1
2026-01-07 14:50:11 DEBUG BasicTypeRegistry:423 - Adding type registration date -> org.hibernate.type.BasicTypeReference@30b34287
2026-01-07 14:50:11 DEBUG BasicTypeRegistry:423 - Adding type registration java.sql.Date -> org.hibernate.type.BasicTypeReference@30b34287
2026-01-07 14:50:11 DEBUG BasicTypeRegistry:423 - Adding type registration time -> org.hibernate.type.BasicTypeReference@5489c777
2026-01-07 14:50:11 DEBUG BasicTypeRegistry:423 - Adding type registration java.sql.Time -> org.hibernate.type.BasicTypeReference@5489c777
2026-01-07 14:50:11 DEBUG BasicTypeRegistry:423 - Adding type registration timestamp -> org.hibernate.type.BasicTypeReference@3676ac27
2026-01-07 14:50:11 DEBUG BasicTypeRegistry:423 - Adding type registration java.sql.Timestamp -> org.hibernate.type.BasicTypeReference@3676ac27
2026-01-07 14:50:11 DEBUG BasicTypeRegistry:423 - Adding type registration java.util.Date -> org.hibernate.type.BasicTypeReference@3676ac27
2026-01-07 14:50:11 DEBUG BasicTypeRegistry:423 - Adding type registration calendar -> org.hibernate.type.BasicTypeReference@62f87c44
2026-01-07 14:50:11 DEBUG BasicTypeRegistry:423 - Adding type registration java.util.Calendar -> org.hibernate.type.BasicTypeReference@62f87c44
2026-01-07 14:50:11 DEBUG BasicTypeRegistry:423 - Adding type registration java.util.GregorianCalendar -> org.hibernate.type.BasicTypeReference@62f87c44
2026-01-07 14:50:11 DEBUG BasicTypeRegistry:423 - Adding type registration calendar_date -> org.hibernate.type.BasicTypeReference@48f5bde6
2026-01-07 14:50:11 DEBUG BasicTypeRegistry:423 - Adding type registration calendar_time -> org.hibernate.type.BasicTypeReference@525d79f0
2026-01-07 14:50:11 DEBUG BasicTypeRegistry:423 - Adding type registration instant -> org.hibernate.type.BasicTypeReference@5149f008
2026-01-07 14:50:11 DEBUG BasicTypeRegistry:423 - Adding type registration java.time.Instant -> org.hibernate.type.BasicTypeReference@5149f008
2026-01-07 14:50:11 DEBUG BasicTypeRegistry:423 - Adding type registration uuid -> org.hibernate.type.BasicTypeReference@7072bc39
2026-01-07 14:50:11 DEBUG BasicTypeRegistry:423 - Adding type registration java.util.UUID -> org.hibernate.type.BasicTypeReference@7072bc39
2026-01-07 14:50:11 DEBUG BasicTypeRegistry:423 - Adding type registration pg-uuid -> org.hibernate.type.BasicTypeReference@7072bc39
2026-01-07 14:50:11 DEBUG BasicTypeRegistry:423 - Adding type registration uuid-binary -> org.hibernate.type.BasicTypeReference@158d255c
2026-01-07 14:50:11 DEBUG BasicTypeRegistry:423 - Adding type registration uuid-char -> org.hibernate.type.BasicTypeReference@2ca65ce4
2026-01-07 14:50:11 DEBUG BasicTypeRegistry:423 - Adding type registration class -> org.hibernate.type.BasicTypeReference@327120c8
2026-01-07 14:50:11 DEBUG BasicTypeRegistry:423 - Adding type registration java.lang.Class -> org.hibernate.type.BasicTypeReference@327120c8
2026-01-07 14:50:11 DEBUG BasicTypeRegistry:423 - Adding type registration currency -> org.hibernate.type.BasicTypeReference@5707c1cb
2026-01-07 14:50:11 DEBUG BasicTypeRegistry:423 - Adding type registration Currency -> org.hibernate.type.BasicTypeReference@5707c1cb
2026-01-07 14:50:11 DEBUG BasicTypeRegistry:423 - Adding type registration java.util.Currency -> org.hibernate.type.BasicTypeReference@5707c1cb
2026-01-07 14:50:11 DEBUG BasicTypeRegistry:423 - Adding type registration locale -> org.hibernate.type.BasicTypeReference@2b5cb9b2
2026-01-07 14:50:11 DEBUG BasicTypeRegistry:423 - Adding type registration java.util.Locale -> org.hibernate.type.BasicTypeReference@2b5cb9b2
2026-01-07 14:50:11 DEBUG BasicTypeRegistry:423 - Adding type registration serializable -> org.hibernate.type.BasicTypeReference@35038141
2026-01-07 14:50:11 DEBUG BasicTypeRegistry:423 - Adding type registration java.io.Serializable -> org.hibernate.type.BasicTypeReference@35038141
2026-01-07 14:50:11 DEBUG BasicTypeRegistry:423 - Adding type registration timezone -> org.hibernate.type.BasicTypeReference@ecf9049
2026-01-07 14:50:11 DEBUG BasicTypeRegistry:423 - Adding type registration java.util.TimeZone -> org.hibernate.type.BasicTypeReference@ecf9049
2026-01-07 14:50:11 DEBUG BasicTypeRegistry:423 - Adding type registration ZoneOffset -> org.hibernate.type.BasicTypeReference@672f11c2
2026-01-07 14:50:11 DEBUG BasicTypeRegistry:423 - Adding type registration java.time.ZoneOffset -> org.hibernate.type.BasicTypeReference@672f11c2
2026-01-07 14:50:11 DEBUG BasicTypeRegistry:423 - Adding type registration url -> org.hibernate.type.BasicTypeReference@2970a5bc
2026-01-07 14:50:11 DEBUG BasicTypeRegistry:423 - Adding type registration java.net.URL -> org.hibernate.type.BasicTypeReference@2970a5bc
2026-01-07 14:50:11 DEBUG BasicTypeRegistry:423 - Adding type registration vector -> org.hibernate.type.BasicTypeReference@50305a
2026-01-07 14:50:11 DEBUG BasicTypeRegistry:423 - Adding type registration float_vector -> org.hibernate.type.BasicTypeReference@72efb5c1
2026-01-07 14:50:11 DEBUG BasicTypeRegistry:423 - Adding type registration double_vector -> org.hibernate.type.BasicTypeReference@6d511b5f
2026-01-07 14:50:11 DEBUG BasicTypeRegistry:423 - Adding type registration byte_vector -> org.hibernate.type.BasicTypeReference@41200e0c
2026-01-07 14:50:11 DEBUG BasicTypeRegistry:423 - Adding type registration row_version -> org.hibernate.type.BasicTypeReference@40f33492
2026-01-07 14:50:11 DEBUG BasicTypeRegistry:398 - Adding type registration object -> org.hibernate.type.JavaObjectType@f8908f6
2026-01-07 14:50:11 DEBUG BasicTypeRegistry:398 - Adding type registration java.lang.Object -> org.hibernate.type.JavaObjectType@f8908f6
2026-01-07 14:50:11 DEBUG BasicTypeRegistry:398 - Adding type registration null -> org.hibernate.type.NullType@4fdfa676
2026-01-07 14:50:11 DEBUG BasicTypeRegistry:423 - Adding type registration imm_date -> org.hibernate.type.BasicTypeReference@82c57b3
2026-01-07 14:50:11 DEBUG BasicTypeRegistry:423 - Adding type registration imm_time -> org.hibernate.type.BasicTypeReference@5be82d43
2026-01-07 14:50:11 DEBUG BasicTypeRegistry:423 - Adding type registration imm_timestamp -> org.hibernate.type.BasicTypeReference@600b0b7
2026-01-07 14:50:11 DEBUG BasicTypeRegistry:423 - Adding type registration imm_calendar -> org.hibernate.type.BasicTypeReference@345e5a17
2026-01-07 14:50:11 DEBUG BasicTypeRegistry:423 - Adding type registration imm_calendar_date -> org.hibernate.type.BasicTypeReference@5ea502e0
2026-01-07 14:50:11 DEBUG BasicTypeRegistry:423 - Adding type registration imm_calendar_time -> org.hibernate.type.BasicTypeReference@443dbe42
2026-01-07 14:50:11 DEBUG BasicTypeRegistry:423 - Adding type registration imm_binary -> org.hibernate.type.BasicTypeReference@473b3b7a
2026-01-07 14:50:11 DEBUG BasicTypeRegistry:423 - Adding type registration imm_serializable -> org.hibernate.type.BasicTypeReference@1734f68
2026-01-07 14:50:11 WARN  pooling:84 - HHH10001002: Using built-in connection pool (not intended for production use)
2026-01-07 14:50:11 DEBUG pooling:383 - Initializing Connection pool with 1 Connections
2026-01-07 14:50:12 DEBUG JdbcEnvironmentInitiator:432 - Database ->
	   name : MySQL
	version : 8.0.42
	  major : 8
	  minor : 0
2026-01-07 14:50:12 DEBUG JdbcEnvironmentInitiator:443 - Driver ->
	   name : MySQL Connector/J
	version : mysql-connector-j-8.0.33 (Revision: 7d6b0800528b6b25c68b52dc10d6c1c8429c100c)
	  major : 8
	  minor : 0
2026-01-07 14:50:12 DEBUG JdbcEnvironmentInitiator:388 - JDBC version : 4.2
2026-01-07 14:50:12 WARN  deprecation:152 - HHH90000025: MySQLDialect does not need to be specified explicitly using 'hibernate.dialect' (remove the property setting and it will be selected by default)
2026-01-07 14:50:12 DEBUG dialect:93 - HHH035001: Using dialect: org.hibernate.dialect.MySQLDialect, version: 8.0.42
2026-01-07 14:50:12 DEBUG IdentifierHelperBuilder:115 - JDBC driver metadata reported database stores quoted identifiers in more than one case
2026-01-07 14:50:12 DEBUG IdentifierHelperBuilder:208 - IdentifierCaseStrategy for both quoted and unquoted identifiers was set to the same strategy [LOWER]; that will likely lead to problems in schema update and validation if using quoted identifiers
2026-01-07 14:50:12 INFO  pooling:182 - HHH10001005: Database info:
	Database JDBC URL [jdbc:mysql://localhost:3306/mladec]
	Database driver: com.mysql.jdbc.Driver
	Database version: 8.0.42
	Autocommit mode: false
	Isolation level: undefined/unknown
	Pool: DriverManagerConnectionProviderImpl
	Minimum pool size: 1
	Maximum pool size: 20
2026-01-07 14:50:12 DEBUG DdlTypeRegistry:62 - addDescriptor(12, org.hibernate.type.descriptor.sql.internal.CapacityDependentDdlType@a50d709) replaced previous registration(org.hibernate.type.descriptor.sql.internal.CapacityDependentDdlType@5ed4bc)
2026-01-07 14:50:12 DEBUG DdlTypeRegistry:62 - addDescriptor(-9, org.hibernate.type.descriptor.sql.internal.CapacityDependentDdlType@6920b0bc) replaced previous registration(org.hibernate.type.descriptor.sql.internal.CapacityDependentDdlType@65f651eb)
2026-01-07 14:50:12 DEBUG DdlTypeRegistry:62 - addDescriptor(-3, org.hibernate.type.descriptor.sql.internal.CapacityDependentDdlType@69923ac3) replaced previous registration(org.hibernate.type.descriptor.sql.internal.CapacityDependentDdlType@1f1ff879)
2026-01-07 14:50:12 DEBUG DdlTypeRegistry:62 - addDescriptor(4003, org.hibernate.type.descriptor.sql.internal.DdlTypeImpl@73d60e76) replaced previous registration(org.hibernate.type.descriptor.sql.internal.DdlTypeImpl@24f870ee)
2026-01-07 14:50:12 DEBUG DdlTypeRegistry:62 - addDescriptor(4001, org.hibernate.type.descriptor.sql.internal.DdlTypeImpl@5c441290) replaced previous registration(org.hibernate.type.descriptor.sql.internal.DdlTypeImpl@3c78e551)
2026-01-07 14:50:12 DEBUG DdlTypeRegistry:62 - addDescriptor(4002, org.hibernate.type.descriptor.sql.internal.DdlTypeImpl@7f1ef916) replaced previous registration(org.hibernate.type.descriptor.sql.internal.DdlTypeImpl@1886991b)
2026-01-07 14:50:12 DEBUG DdlTypeRegistry:62 - addDescriptor(2004, org.hibernate.type.descriptor.sql.internal.CapacityDependentDdlType@64aad809) replaced previous registration(org.hibernate.type.descriptor.sql.internal.DdlTypeImpl@1f03fba0)
2026-01-07 14:50:12 DEBUG DdlTypeRegistry:62 - addDescriptor(2005, org.hibernate.type.descriptor.sql.internal.CapacityDependentDdlType@17dd671f) replaced previous registration(org.hibernate.type.descriptor.sql.internal.DdlTypeImpl@3bbf6abe)
2026-01-07 14:50:12 DEBUG DdlTypeRegistry:62 - addDescriptor(2011, org.hibernate.type.descriptor.sql.internal.CapacityDependentDdlType@9679750) replaced previous registration(org.hibernate.type.descriptor.sql.internal.DdlTypeImpl@9b9a327)
2026-01-07 14:50:12 DEBUG JdbcTypeRegistry:73 - addDescriptor(NCharTypeDescriptor) replaced previous registration(CharTypeDescriptor)
2026-01-07 14:50:12 DEBUG JdbcTypeRegistry:73 - addDescriptor(NVarcharTypeDescriptor) replaced previous registration(VarcharTypeDescriptor)
2026-01-07 14:50:12 DEBUG JdbcTypeRegistry:73 - addDescriptor(LongNVarcharTypeDescriptor) replaced previous registration(LongVarcharTypeDescriptor)
2026-01-07 14:50:12 DEBUG JdbcTypeRegistry:73 - addDescriptor(NClobTypeDescriptor(DEFAULT)) replaced previous registration(ClobTypeDescriptor(DEFAULT))
2026-01-07 14:50:12 DEBUG BasicTypeRegistry:398 - Adding type registration null -> org.hibernate.type.NullType@514de325
2026-01-07 14:50:12 DEBUG BasicTypeRegistry:402 - Type registration key [null] overrode previous entry : `org.hibernate.type.NullType@4fdfa676`
2026-01-07 14:50:12 DEBUG BasicTypeRegistry:398 - Adding type registration org.hibernate.type.DurationType -> basicType@1(java.time.Duration,3015)
2026-01-07 14:50:12 DEBUG BasicTypeRegistry:398 - Adding type registration Duration -> basicType@1(java.time.Duration,3015)
2026-01-07 14:50:12 DEBUG BasicTypeRegistry:398 - Adding type registration java.time.Duration -> basicType@1(java.time.Duration,3015)
2026-01-07 14:50:12 DEBUG BasicTypeRegistry:398 - Adding type registration org.hibernate.type.OffsetDateTimeType -> basicType@2(java.time.OffsetDateTime,3003)
2026-01-07 14:50:12 DEBUG BasicTypeRegistry:398 - Adding type registration OffsetDateTime -> basicType@2(java.time.OffsetDateTime,3003)
2026-01-07 14:50:12 DEBUG BasicTypeRegistry:398 - Adding type registration java.time.OffsetDateTime -> basicType@2(java.time.OffsetDateTime,3003)
2026-01-07 14:50:12 DEBUG BasicTypeRegistry:398 - Adding type registration org.hibernate.type.ZonedDateTimeType -> basicType@3(java.time.ZonedDateTime,3003)
2026-01-07 14:50:12 DEBUG BasicTypeRegistry:398 - Adding type registration ZonedDateTime -> basicType@3(java.time.ZonedDateTime,3003)
2026-01-07 14:50:12 DEBUG BasicTypeRegistry:398 - Adding type registration java.time.ZonedDateTime -> basicType@3(java.time.ZonedDateTime,3003)
2026-01-07 14:50:12 DEBUG BasicTypeRegistry:398 - Adding type registration org.hibernate.type.OffsetTimeType -> basicType@4(java.time.OffsetTime,3007)
2026-01-07 14:50:12 DEBUG BasicTypeRegistry:398 - Adding type registration OffsetTime -> basicType@4(java.time.OffsetTime,3007)
2026-01-07 14:50:12 DEBUG BasicTypeRegistry:398 - Adding type registration java.time.OffsetTime -> basicType@4(java.time.OffsetTime,3007)
2026-01-07 14:50:12 DEBUG TypeConfiguration$Scope:197 - Scoping TypeConfiguration [org.hibernate.type.spi.TypeConfiguration@672a1c62] to MetadataBuildingContext [org.hibernate.boot.internal.MetadataBuildingContextRootImpl@459b6c53]
2026-01-07 14:50:12 DEBUG Namespace:62 - Created database namespace [logicalName=Name[catalog=null, schema=null], physicalName=Name[catalog=null, schema=null]]
2026-01-07 14:50:12 DEBUG EntityBinder:183 - Binding entity from annotated class: com.test.Player
2026-01-07 14:50:12 DEBUG AnnotatedColumn:278 - Binding column: null
2026-01-07 14:50:12 DEBUG BasicValue:292 - Skipping column re-registration: player_1.id
2026-01-07 14:50:12 DEBUG AnnotatedColumn:278 - Binding column: null
2026-01-07 14:50:12 DEBUG BasicValue:292 - Skipping column re-registration: player_1.name
2026-01-07 14:50:12 DEBUG EntityBinder:183 - Binding entity from annotated class: com.test.Cricketer
2026-01-07 14:50:12 DEBUG AnnotatedColumn:278 - Binding column: null
2026-01-07 14:50:12 DEBUG BasicValue:292 - Skipping column re-registration: cricket.jerseyNumber
2026-01-07 14:50:12 DEBUG AnnotatedColumn:278 - Binding column: null
2026-01-07 14:50:12 DEBUG BasicValue:292 - Skipping column re-registration: cricket.type
2026-01-07 14:50:12 DEBUG EntityBinder:183 - Binding entity from annotated class: com.test.TennisPlayer
2026-01-07 14:50:12 DEBUG AnnotatedColumn:278 - Binding column: null
2026-01-07 14:50:12 DEBUG BasicValue:292 - Skipping column re-registration: tennis.noOfMatches
2026-01-07 14:50:12 DEBUG AnnotatedColumn:278 - Binding column: null
2026-01-07 14:50:12 DEBUG BasicValue:292 - Skipping column re-registration: tennis.wonMatches
2026-01-07 14:50:12 DEBUG SessionFactoryImpl:230 - Building session factory
2026-01-07 14:50:12 DEBUG ClassLoaderAccessImpl:58 - Not known whether passed class name [com.test.Cricketer] is safe
2026-01-07 14:50:12 DEBUG ClassLoaderAccessImpl:60 - No temp ClassLoader provided; using live ClassLoader for loading potentially unsafe class : com.test.Cricketer
2026-01-07 14:50:12 DEBUG ClassLoaderAccessImpl:58 - Not known whether passed class name [com.test.TennisPlayer] is safe
2026-01-07 14:50:12 DEBUG ClassLoaderAccessImpl:60 - No temp ClassLoader provided; using live ClassLoader for loading potentially unsafe class : com.test.TennisPlayer
2026-01-07 14:50:12 DEBUG ClassLoaderAccessImpl:58 - Not known whether passed class name [com.test.Player] is safe
2026-01-07 14:50:12 DEBUG ClassLoaderAccessImpl:60 - No temp ClassLoader provided; using live ClassLoader for loading potentially unsafe class : com.test.Player
2026-01-07 14:50:12 DEBUG SessionFactoryServiceRegistryImpl:103 - EventListenerRegistry access via ServiceRegistry is deprecated.  Use `sessionFactory.getEventEngine().getListenerRegistry()` instead
2026-01-07 14:50:12 DEBUG SessionFactoryImpl:249 - HHH000030: Instantiating factory with settings: {hibernate.format_sql=true, java.specification.version=21, sun.cpu.isalist=amd64, sun.jnu.encoding=Cp1252, hibernate.dialect=org.hibernate.dialect.MySQLDialect, java.class.path=C:\Users\shubham.varma1\Desktop\mla256\HibernateExp2\target\classes;C:\Users\shubham.varma1\.m2\repository\org\hibernate\orm\hibernate-core\7.0.0.Final\hibernate-core-7.0.0.Final.jar;C:\Users\shubham.varma1\.m2\repository\jakarta\persistence\jakarta.persistence-api\3.2.0\jakarta.persistence-api-3.2.0.jar;C:\Users\shubham.varma1\.m2\repository\jakarta\transaction\jakarta.transaction-api\2.0.1\jakarta.transaction-api-2.0.1.jar;C:\Users\shubham.varma1\.m2\repository\org\jboss\logging\jboss-logging\3.6.1.Final\jboss-logging-3.6.1.Final.jar;C:\Users\shubham.varma1\.m2\repository\org\hibernate\models\hibernate-models\1.0.0.CR3\hibernate-models-1.0.0.CR3.jar;C:\Users\shubham.varma1\.m2\repository\com\fasterxml\classmate\1.7.0\classmate-1.7.0.jar;C:\Users\shubham.varma1\.m2\repository\net\bytebuddy\byte-buddy\1.15.11\byte-buddy-1.15.11.jar;C:\Users\shubham.varma1\.m2\repository\jakarta\xml\bind\jakarta.xml.bind-api\4.0.2\jakarta.xml.bind-api-4.0.2.jar;C:\Users\shubham.varma1\.m2\repository\jakarta\activation\jakarta.activation-api\2.1.3\jakarta.activation-api-2.1.3.jar;C:\Users\shubham.varma1\.m2\repository\org\glassfish\jaxb\jaxb-runtime\4.0.5\jaxb-runtime-4.0.5.jar;C:\Users\shubham.varma1\.m2\repository\org\glassfish\jaxb\jaxb-core\4.0.5\jaxb-core-4.0.5.jar;C:\Users\shubham.varma1\.m2\repository\org\eclipse\angus\angus-activation\2.0.2\angus-activation-2.0.2.jar;C:\Users\shubham.varma1\.m2\repository\org\glassfish\jaxb\txw2\4.0.5\txw2-4.0.5.jar;C:\Users\shubham.varma1\.m2\repository\com\sun\istack\istack-commons-runtime\4.1.2\istack-commons-runtime-4.1.2.jar;C:\Users\shubham.varma1\.m2\repository\jakarta\inject\jakarta.inject-api\2.0.1\jakarta.inject-api-2.0.1.jar;C:\Users\shubham.varma1\.m2\repository\org\antlr\antlr4-runtime\4.13.2\antlr4-runtime-4.13.2.jar;C:\Users\shubham.varma1\.m2\repository\com\mysql\mysql-connector-j\8.0.33\mysql-connector-j-8.0.33.jar;C:\Users\shubham.varma1\.m2\repository\com\google\protobuf\protobuf-java\3.21.9\protobuf-java-3.21.9.jar;C:\Users\shubham.varma1\.m2\repository\org\apache\logging\log4j\log4j-core\2.17.1\log4j-core-2.17.1.jar;C:\Users\shubham.varma1\.m2\repository\org\apache\logging\log4j\log4j-api\2.17.1\log4j-api-2.17.1.jar;C:\Users\shubham.varma1\.m2\repository\org\apache\logging\log4j\log4j-slf4j-impl\2.17.1\log4j-slf4j-impl-2.17.1.jar;C:\Users\shubham.varma1\.m2\repository\org\slf4j\slf4j-api\1.7.25\slf4j-api-1.7.25.jar, java.vm.vendor=Microsoft, sun.arch.data.model=64, hbm2ddl.auto=create, user.variant=, java.vendor.url=https://www.microsoft.com, user.timezone=Asia/Calcutta, java.vm.specification.version=21, os.name=Windows 11, sun.java.launcher=SUN_STANDARD, user.country=US, sun.boot.library.path=C:\Program Files\Microsoft\jdk-21.0.7.6-hotspot\bin, sun.java.command=com.test.StoredData, jdk.debug=release, sun.cpu.endian=little, user.home=C:\Users\shubham.varma1, user.language=en, java.specification.vendor=Oracle Corporation, java.version.date=2025-04-15, java.home=C:\Program Files\Microsoft\jdk-21.0.7.6-hotspot, file.separator=\, java.vm.compressedOopsMode=Zero based, line.separator=
, java.vm.specification.vendor=Oracle Corporation, java.specification.name=Java Platform API Specification, hibernate.hbm2ddl.auto=create, user.script=, sun.management.compiler=HotSpot 64-Bit Tiered Compilers, java.runtime.version=21.0.7+6-LTS, user.name=shubham.varma1, stdout.encoding=UTF-8, path.separator=;, hibernate.connection.username=****, os.version=10.0, java.runtime.name=OpenJDK Runtime Environment, hibernate.connection.url=jdbc:mysql://localhost:3306/mladec, file.encoding=UTF-8, format_sql=true, java.vm.name=OpenJDK 64-Bit Server VM, hibernate.show_sql=true, java.vendor.version=Microsoft-11369940, show_sql=true, hibernate.connection.driver_class=com.mysql.jdbc.Driver, java.vendor.url.bug=https://github.com/microsoft/openjdk/issues, java.io.tmpdir=C:\Users\SHUBHA~1.VAR\AppData\Local\Temp\, java.version=21.0.7, user.dir=C:\Users\shubham.varma1\Desktop\mla256\HibernateExp2, os.arch=amd64, java.vm.specification.name=Java Virtual Machine Specification, hibernate.connection.password=****, sun.os.patch.level=, hibernate.boot.CfgXmlAccessService.key=org.hibernate.boot.cfgxml.spi.LoadedConfig@5234b61a, native.encoding=Cp1252, java.library.path=C:\Program Files\Microsoft\jdk-21.0.7.6-hotspot\bin;C:\WINDOWS\Sun\Java\bin;C:\WINDOWS\system32;C:\WINDOWS;C:/Users/shubham.varma1/Downloads/sts-5.0.1.RELEASE//plugins/org.eclipse.justj.openjdk.hotspot.jre.full.win32.x86_64_25.0.1.v20251108-1451/jre/bin/server;C:/Users/shubham.varma1/Downloads/sts-5.0.1.RELEASE//plugins/org.eclipse.justj.openjdk.hotspot.jre.full.win32.x86_64_25.0.1.v20251108-1451/jre/bin;C:\Program Files\Microsoft\jdk-21.0.7.6-hotspot\bin;C:\Program Files\Microsoft\jdk-17.0.15.6-hotspot\bin;C:\Program Files\Python313\Scripts\;C:\Program Files\Python313\;C:\Program Files\Microsoft\jdk-11.0.23.9-hotspot\bin;C:\WINDOWS\system32;C:\WINDOWS;C:\WINDOWS\System32\Wbem;C:\WINDOWS\System32\WindowsPowerShell\v1.0\;C:\WINDOWS\System32\OpenSSH\;C:\Program Files (x86)\Microsoft SQL Server\160\Tools\Binn\;C:\Program Files\Microsoft SQL Server\160\Tools\Binn\;C:\Program Files\Microsoft SQL Server\Client SDK\ODBC\170\Tools\Binn\;C:\Program Files\Microsoft SQL Server\160\DTS\Binn\;C:\Program Files (x86)\Microsoft SQL Server\160\DTS\Binn\;C:\Program Files\PuTTY\;C:\Program Files\apache-maven-3.9.10\bin;C:\Program Files\nodejs\;C:\Program Files\dotnet\;C:\Program Files\Microsoft VS Code\bin;C:\Program Files\Git\cmd;C:\Users\shubham.varma1\AppData\Local\Microsoft\WindowsApps;C:\Users\shubham.varma1\AppData\Local\GitHubDesktop\bin;C:\Users\shubham.varma1\Downloads\sts-5.0.1.RELEASE;;., stderr.encoding=UTF-8, java.vendor=Microsoft, java.vm.info=mixed mode, sharing, java.vm.version=21.0.7+6-LTS, sun.io.unicode.encoding=UnicodeLittle, java.class.version=65.0}
2026-01-07 14:50:12 DEBUG SqmFunctionRegistry:128 - Registered SqmFunctionTemplate [NamedSqmFunctionTemplate(max)] under max; prior registration was null
2026-01-07 14:50:12 DEBUG SqmFunctionRegistry:128 - Registered SqmFunctionTemplate [NamedSqmFunctionTemplate(min)] under min; prior registration was null
2026-01-07 14:50:12 DEBUG SqmFunctionRegistry:128 - Registered SqmFunctionTemplate [NamedSqmFunctionTemplate(sum)] under sum; prior registration was null
2026-01-07 14:50:12 DEBUG SqmFunctionRegistry:128 - Registered SqmFunctionTemplate [NamedSqmFunctionTemplate(avg)] under avg; prior registration was null
2026-01-07 14:50:12 DEBUG SqmFunctionRegistry:128 - Registered SqmFunctionTemplate [org.hibernate.dialect.function.CountFunction@7558c24b] under count; prior registration was null
2026-01-07 14:50:12 DEBUG SqmFunctionRegistry:128 - Registered SqmFunctionTemplate [org.hibernate.dialect.function.EveryAnyEmulation@b30a50d] under every; prior registration was null
2026-01-07 14:50:12 DEBUG SqmFunctionRegistry:128 - Registered SqmFunctionTemplate [org.hibernate.dialect.function.EveryAnyEmulation@764a3e5d] under any; prior registration was null
2026-01-07 14:50:12 DEBUG SqmFunctionRegistry:128 - Registered SqmFunctionTemplate [NamedSqmFunctionTemplate(floor)] under floor; prior registration was null
2026-01-07 14:50:12 DEBUG SqmFunctionRegistry:128 - Registered SqmFunctionTemplate [NamedSqmFunctionTemplate(ceiling)] under ceiling; prior registration was null
2026-01-07 14:50:12 DEBUG SqmFunctionRegistry:128 - Registered SqmFunctionTemplate [NamedSqmFunctionTemplate(mod)] under mod; prior registration was null
2026-01-07 14:50:12 DEBUG SqmFunctionRegistry:128 - Registered SqmFunctionTemplate [NamedSqmFunctionTemplate(abs)] under abs; prior registration was null
2026-01-07 14:50:12 DEBUG SqmFunctionRegistry:128 - Registered SqmFunctionTemplate [NamedSqmFunctionTemplate(sign)] under sign; prior registration was null
2026-01-07 14:50:12 DEBUG SqmFunctionRegistry:128 - Registered SqmFunctionTemplate [NamedSqmFunctionTemplate(sqrt)] under sqrt; prior registration was null
2026-01-07 14:50:12 DEBUG SqmFunctionRegistry:128 - Registered SqmFunctionTemplate [NamedSqmFunctionTemplate(ln)] under ln; prior registration was null
2026-01-07 14:50:12 DEBUG SqmFunctionRegistry:128 - Registered SqmFunctionTemplate [NamedSqmFunctionTemplate(exp)] under exp; prior registration was null
2026-01-07 14:50:12 DEBUG SqmFunctionRegistry:128 - Registered SqmFunctionTemplate [NamedSqmFunctionTemplate(power)] under power; prior registration was null
2026-01-07 14:50:12 DEBUG SqmFunctionRegistry:128 - Registered SqmFunctionTemplate [NamedSqmFunctionTemplate(round)] under round; prior registration was null
2026-01-07 14:50:12 DEBUG SqmFunctionRegistry:128 - Registered SqmFunctionTemplate [NamedSqmFunctionTemplate(sin)] under sin; prior registration was null
2026-01-07 14:50:12 DEBUG SqmFunctionRegistry:128 - Registered SqmFunctionTemplate [NamedSqmFunctionTemplate(cos)] under cos; prior registration was null
2026-01-07 14:50:12 DEBUG SqmFunctionRegistry:128 - Registered SqmFunctionTemplate [NamedSqmFunctionTemplate(tan)] under tan; prior registration was null
2026-01-07 14:50:12 DEBUG SqmFunctionRegistry:128 - Registered SqmFunctionTemplate [NamedSqmFunctionTemplate(asin)] under asin; prior registration was null
2026-01-07 14:50:12 DEBUG SqmFunctionRegistry:128 - Registered SqmFunctionTemplate [NamedSqmFunctionTemplate(acos)] under acos; prior registration was null
2026-01-07 14:50:12 DEBUG SqmFunctionRegistry:128 - Registered SqmFunctionTemplate [NamedSqmFunctionTemplate(atan)] under atan; prior registration was null
2026-01-07 14:50:12 DEBUG SqmFunctionRegistry:128 - Registered SqmFunctionTemplate [NamedSqmFunctionTemplate(atan2)] under atan2; prior registration was null
2026-01-07 14:50:12 DEBUG SqmFunctionRegistry:128 - Registered SqmFunctionTemplate [org.hibernate.query.sqm.function.PatternBasedSqmFunctionDescriptor@5a14e60d] under sinh; prior registration was null
2026-01-07 14:50:12 DEBUG SqmFunctionRegistry:128 - Registered SqmFunctionTemplate [org.hibernate.query.sqm.function.PatternBasedSqmFunctionDescriptor@f882465] under cosh; prior registration was null
2026-01-07 14:50:12 DEBUG SqmFunctionRegistry:128 - Registered SqmFunctionTemplate [org.hibernate.query.sqm.function.PatternBasedSqmFunctionDescriptor@72ecbcb3] under tanh; prior registration was null
2026-01-07 14:50:12 DEBUG SqmFunctionRegistry:128 - Registered SqmFunctionTemplate [org.hibernate.query.sqm.function.PatternBasedSqmFunctionDescriptor@4a50c746] under pi; prior registration was null
2026-01-07 14:50:12 DEBUG SqmFunctionRegistry:128 - Registered SqmFunctionTemplate [org.hibernate.query.sqm.function.PatternBasedSqmFunctionDescriptor@3709748f] under log; prior registration was null
2026-01-07 14:50:12 DEBUG SqmFunctionRegistry:128 - Registered SqmFunctionTemplate [NamedSqmFunctionTemplate(coalesce)] under coalesce; prior registration was null
2026-01-07 14:50:12 DEBUG SqmFunctionRegistry:128 - Registered SqmFunctionTemplate [NamedSqmFunctionTemplate(nullif)] under nullif; prior registration was null
2026-01-07 14:50:12 DEBUG SqmFunctionRegistry:128 - Registered SqmFunctionTemplate [NamedSqmFunctionTemplate(left)] under left; prior registration was null
2026-01-07 14:50:12 DEBUG SqmFunctionRegistry:128 - Registered SqmFunctionTemplate [NamedSqmFunctionTemplate(right)] under right; prior registration was null
2026-01-07 14:50:12 DEBUG SqmFunctionRegistry:128 - Registered SqmFunctionTemplate [NamedSqmFunctionTemplate(replace)] under replace; prior registration was null
2026-01-07 14:50:12 DEBUG SqmFunctionRegistry:128 - Registered SqmFunctionTemplate [NamedSqmFunctionTemplate(concat)] under concat; prior registration was null
2026-01-07 14:50:12 DEBUG SqmFunctionRegistry:128 - Registered SqmFunctionTemplate [NamedSqmFunctionTemplate(lower)] under lower; prior registration was null
2026-01-07 14:50:12 DEBUG SqmFunctionRegistry:128 - Registered SqmFunctionTemplate [NamedSqmFunctionTemplate(upper)] under upper; prior registration was null
2026-01-07 14:50:12 DEBUG SqmFunctionRegistry:128 - Registered SqmFunctionTemplate [NamedSqmFunctionTemplate(substring)] under substring; prior registration was null
2026-01-07 14:50:12 DEBUG SqmFunctionRegistry:128 - Registered SqmFunctionTemplate [NamedSqmFunctionTemplate(locate)] under locate; prior registration was null
2026-01-07 14:50:12 DEBUG SqmFunctionRegistry:128 - Registered SqmFunctionTemplate [NamedSqmFunctionTemplate(character_length)] under character_length; prior registration was null
2026-01-07 14:50:12 DEBUG SqmFunctionRegistry:392 - Registering alternate key : length -> character_length
2026-01-07 14:50:12 DEBUG SqmFunctionRegistry:128 - Registered SqmFunctionTemplate [org.hibernate.dialect.function.LocatePositionEmulation@590d6c76] under position; prior registration was null
2026-01-07 14:50:12 DEBUG SqmFunctionRegistry:128 - Registered SqmFunctionTemplate [org.hibernate.dialect.function.InsertSubstringOverlayEmulation@76c86567] under overlay; prior registration was null
2026-01-07 14:50:12 DEBUG SqmFunctionRegistry:128 - Registered SqmFunctionTemplate [org.hibernate.dialect.function.TrimFunction@34045582] under trim; prior registration was null
2026-01-07 14:50:12 DEBUG SqmFunctionRegistry:128 - Registered SqmFunctionTemplate [org.hibernate.dialect.function.CastFunction@40df6090] under cast; prior registration was null
2026-01-07 14:50:12 DEBUG SqmFunctionRegistry:128 - Registered SqmFunctionTemplate [org.hibernate.query.sqm.function.PatternBasedSqmFunctionDescriptor@8c0a23f] under collate; prior registration was null
2026-01-07 14:50:12 DEBUG SqmFunctionRegistry:128 - Registered SqmFunctionTemplate [org.hibernate.dialect.function.ExtractFunction@10f405ff] under extract; prior registration was null
2026-01-07 14:50:12 DEBUG SqmFunctionRegistry:128 - Registered SqmFunctionTemplate [NamedSqmFunctionTemplate(least)] under least; prior registration was null
2026-01-07 14:50:12 DEBUG SqmFunctionRegistry:128 - Registered SqmFunctionTemplate [NamedSqmFunctionTemplate(greatest)] under greatest; prior registration was null
2026-01-07 14:50:12 DEBUG SqmFunctionRegistry:128 - Registered SqmFunctionTemplate [org.hibernate.dialect.function.CoalesceIfnullEmulation@756b2d90] under ifnull; prior registration was null
2026-01-07 14:50:12 DEBUG SqmFunctionRegistry:128 - Registered SqmFunctionTemplate [NamedSqmFunctionTemplate(lpad)] under lpad; prior registration was null
2026-01-07 14:50:12 DEBUG SqmFunctionRegistry:128 - Registered SqmFunctionTemplate [NamedSqmFunctionTemplate(rpad)] under rpad; prior registration was null
2026-01-07 14:50:12 DEBUG SqmFunctionRegistry:128 - Registered SqmFunctionTemplate [org.hibernate.dialect.function.LpadRpadPadEmulation@5b1e88f] under pad; prior registration was null
2026-01-07 14:50:12 DEBUG SqmFunctionRegistry:128 - Registered SqmFunctionTemplate [org.hibernate.dialect.function.CastStrEmulation@1b37fbec] under str; prior registration was null
2026-01-07 14:50:12 DEBUG SqmFunctionRegistry:128 - Registered SqmFunctionTemplate [org.hibernate.dialect.function.OrdinalFunction@7a04f730] under ordinal; prior registration was null
2026-01-07 14:50:12 DEBUG SqmFunctionRegistry:128 - Registered SqmFunctionTemplate [org.hibernate.dialect.function.FormatFunction@21edd891] under format; prior registration was null
2026-01-07 14:50:12 DEBUG SqmFunctionRegistry:128 - Registered SqmFunctionTemplate [org.hibernate.dialect.function.TimestampaddFunction@60b5e80d] under timestampadd; prior registration was null
2026-01-07 14:50:12 DEBUG SqmFunctionRegistry:128 - Registered SqmFunctionTemplate [org.hibernate.dialect.function.TimestampdiffFunction@78e68401] under timestampdiff; prior registration was null
2026-01-07 14:50:12 DEBUG SqmFunctionRegistry:392 - Registering alternate key : dateadd -> timestampadd
2026-01-07 14:50:12 DEBUG SqmFunctionRegistry:392 - Registering alternate key : datediff -> timestampdiff
2026-01-07 14:50:12 DEBUG SqmFunctionRegistry:128 - Registered SqmFunctionTemplate [org.hibernate.dialect.function.CurrentFunction@797fcf9] under current_date; prior registration was null
2026-01-07 14:50:12 DEBUG SqmFunctionRegistry:128 - Registered SqmFunctionTemplate [org.hibernate.dialect.function.CurrentFunction@16bd7ae1] under current_time; prior registration was null
2026-01-07 14:50:12 DEBUG SqmFunctionRegistry:128 - Registered SqmFunctionTemplate [org.hibernate.dialect.function.CurrentFunction@15d114ce] under current_timestamp; prior registration was null
2026-01-07 14:50:12 DEBUG SqmFunctionRegistry:392 - Registering alternate key : current date -> current_date
2026-01-07 14:50:12 DEBUG SqmFunctionRegistry:392 - Registering alternate key : current time -> current_time
2026-01-07 14:50:12 DEBUG SqmFunctionRegistry:392 - Registering alternate key : current timestamp -> current_timestamp
2026-01-07 14:50:12 DEBUG SqmFunctionRegistry:128 - Registered SqmFunctionTemplate [org.hibernate.dialect.function.CurrentFunction@3312f4f4] under local_date; prior registration was null
2026-01-07 14:50:12 DEBUG SqmFunctionRegistry:128 - Registered SqmFunctionTemplate [org.hibernate.dialect.function.CurrentFunction@b5aa65b] under local_time; prior registration was null
2026-01-07 14:50:12 DEBUG SqmFunctionRegistry:128 - Registered SqmFunctionTemplate [org.hibernate.dialect.function.CurrentFunction@76cdafa3] under local_datetime; prior registration was null
2026-01-07 14:50:12 DEBUG SqmFunctionRegistry:128 - Registered SqmFunctionTemplate [org.hibernate.dialect.function.CurrentFunction@6b27b2d0] under offset_datetime; prior registration was null
2026-01-07 14:50:12 DEBUG SqmFunctionRegistry:392 - Registering alternate key : local date -> local_date
2026-01-07 14:50:12 DEBUG SqmFunctionRegistry:392 - Registering alternate key : local time -> local_time
2026-01-07 14:50:12 DEBUG SqmFunctionRegistry:392 - Registering alternate key : local datetime -> local_datetime
2026-01-07 14:50:12 DEBUG SqmFunctionRegistry:392 - Registering alternate key : offset datetime -> offset_datetime
2026-01-07 14:50:12 DEBUG SqmFunctionRegistry:128 - Registered SqmFunctionTemplate [org.hibernate.dialect.function.CurrentFunction@4fb64e14] under instant; prior registration was null
2026-01-07 14:50:12 DEBUG SqmFunctionRegistry:392 - Registering alternate key : current_instant -> instant
2026-01-07 14:50:12 DEBUG SqmFunctionRegistry:128 - Registered SqmFunctionTemplate [org.hibernate.dialect.function.SqlFunction@21f7e537] under sql; prior registration was null
2026-01-07 14:50:12 DEBUG SqmFunctionRegistry:128 - Registered SqmFunctionTemplate [NamedSqmFunctionTemplate(soundex)] under soundex; prior registration was null
2026-01-07 14:50:12 DEBUG SqmFunctionRegistry:128 - Registered SqmFunctionTemplate [NamedSqmFunctionTemplate(radians)] under radians; prior registration was null
2026-01-07 14:50:12 DEBUG SqmFunctionRegistry:128 - Registered SqmFunctionTemplate [NamedSqmFunctionTemplate(degrees)] under degrees; prior registration was null
2026-01-07 14:50:12 DEBUG SqmFunctionRegistry:128 - Registered SqmFunctionTemplate [NamedSqmFunctionTemplate(cot)] under cot; prior registration was null
2026-01-07 14:50:12 DEBUG SqmFunctionRegistry:128 - Registered SqmFunctionTemplate [NamedSqmFunctionTemplate(log)] under log; prior registration was org.hibernate.query.sqm.function.PatternBasedSqmFunctionDescriptor@3709748f
2026-01-07 14:50:12 DEBUG SqmFunctionRegistry:128 - Registered SqmFunctionTemplate [NamedSqmFunctionTemplate(log2)] under log2; prior registration was null
2026-01-07 14:50:12 DEBUG SqmFunctionRegistry:128 - Registered SqmFunctionTemplate [NamedSqmFunctionTemplate(log10)] under log10; prior registration was null
2026-01-07 14:50:12 DEBUG SqmFunctionRegistry:128 - Registered SqmFunctionTemplate [NamedSqmFunctionTemplate(ltrim)] under ltrim; prior registration was null
2026-01-07 14:50:12 DEBUG SqmFunctionRegistry:128 - Registered SqmFunctionTemplate [NamedSqmFunctionTemplate(rtrim)] under rtrim; prior registration was null
2026-01-07 14:50:12 DEBUG SqmFunctionRegistry:128 - Registered SqmFunctionTemplate [NamedSqmFunctionTemplate(octet_length)] under octet_length; prior registration was null
2026-01-07 14:50:12 DEBUG SqmFunctionRegistry:128 - Registered SqmFunctionTemplate [NamedSqmFunctionTemplate(reverse)] under reverse; prior registration was null
2026-01-07 14:50:12 DEBUG SqmFunctionRegistry:128 - Registered SqmFunctionTemplate [NamedSqmFunctionTemplate(space)] under space; prior registration was null
2026-01-07 14:50:12 DEBUG SqmFunctionRegistry:128 - Registered SqmFunctionTemplate [NamedSqmFunctionTemplate(repeat)] under repeat; prior registration was null
2026-01-07 14:50:12 DEBUG SqmFunctionRegistry:128 - Registered SqmFunctionTemplate [org.hibernate.query.sqm.function.MultipatternSqmFunctionDescriptor@46b2dcc5] under lpad; prior registration was NamedSqmFunctionTemplate(lpad)
2026-01-07 14:50:12 DEBUG SqmFunctionRegistry:128 - Registered SqmFunctionTemplate [org.hibernate.query.sqm.function.MultipatternSqmFunctionDescriptor@240f350a] under rpad; prior registration was NamedSqmFunctionTemplate(rpad)
2026-01-07 14:50:12 DEBUG SqmFunctionRegistry:128 - Registered SqmFunctionTemplate [NamedSqmFunctionTemplate(day)] under day; prior registration was null
2026-01-07 14:50:12 DEBUG SqmFunctionRegistry:128 - Registered SqmFunctionTemplate [NamedSqmFunctionTemplate(month)] under month; prior registration was null
2026-01-07 14:50:12 DEBUG SqmFunctionRegistry:128 - Registered SqmFunctionTemplate [NamedSqmFunctionTemplate(year)] under year; prior registration was null
2026-01-07 14:50:12 DEBUG SqmFunctionRegistry:128 - Registered SqmFunctionTemplate [NamedSqmFunctionTemplate(hour)] under hour; prior registration was null
2026-01-07 14:50:12 DEBUG SqmFunctionRegistry:128 - Registered SqmFunctionTemplate [NamedSqmFunctionTemplate(minute)] under minute; prior registration was null
2026-01-07 14:50:12 DEBUG SqmFunctionRegistry:128 - Registered SqmFunctionTemplate [NamedSqmFunctionTemplate(second)] under second; prior registration was null
2026-01-07 14:50:12 DEBUG SqmFunctionRegistry:128 - Registered SqmFunctionTemplate [NamedSqmFunctionTemplate(microsecond)] under microsecond; prior registration was null
2026-01-07 14:50:12 DEBUG SqmFunctionRegistry:128 - Registered SqmFunctionTemplate [NamedSqmFunctionTemplate(dayofweek)] under dayofweek; prior registration was null
2026-01-07 14:50:12 DEBUG SqmFunctionRegistry:128 - Registered SqmFunctionTemplate [NamedSqmFunctionTemplate(dayofmonth)] under dayofmonth; prior registration was null
2026-01-07 14:50:12 DEBUG SqmFunctionRegistry:392 - Registering alternate key : day -> dayofmonth
2026-01-07 14:50:12 DEBUG SqmFunctionRegistry:128 - Registered SqmFunctionTemplate [NamedSqmFunctionTemplate(dayofyear)] under dayofyear; prior registration was null
2026-01-07 14:50:12 DEBUG SqmFunctionRegistry:128 - Registered SqmFunctionTemplate [NamedSqmFunctionTemplate(week)] under week; prior registration was null
2026-01-07 14:50:12 DEBUG SqmFunctionRegistry:128 - Registered SqmFunctionTemplate [NamedSqmFunctionTemplate(quarter)] under quarter; prior registration was null
2026-01-07 14:50:12 DEBUG SqmFunctionRegistry:128 - Registered SqmFunctionTemplate [NamedSqmFunctionTemplate(monthname)] under monthname; prior registration was null
2026-01-07 14:50:12 DEBUG SqmFunctionRegistry:128 - Registered SqmFunctionTemplate [NamedSqmFunctionTemplate(dayname)] under dayname; prior registration was null
2026-01-07 14:50:12 DEBUG SqmFunctionRegistry:128 - Registered SqmFunctionTemplate [NamedSqmFunctionTemplate(last_day)] under last_day; prior registration was null
2026-01-07 14:50:12 DEBUG SqmFunctionRegistry:128 - Registered SqmFunctionTemplate [NamedSqmFunctionTemplate(date)] under date; prior registration was null
2026-01-07 14:50:12 DEBUG SqmFunctionRegistry:128 - Registered SqmFunctionTemplate [NamedSqmFunctionTemplate(timestamp)] under timestamp; prior registration was null
2026-01-07 14:50:12 DEBUG SqmFunctionRegistry:128 - Registered SqmFunctionTemplate [NamedSqmFunctionTemplate(time)] under time; prior registration was null
2026-01-07 14:50:12 DEBUG SqmFunctionRegistry:128 - Registered SqmFunctionTemplate [NamedSqmFunctionTemplate(utc_date)] under utc_date; prior registration was null
2026-01-07 14:50:12 DEBUG SqmFunctionRegistry:128 - Registered SqmFunctionTemplate [NamedSqmFunctionTemplate(utc_time)] under utc_time; prior registration was null
2026-01-07 14:50:12 DEBUG SqmFunctionRegistry:128 - Registered SqmFunctionTemplate [NamedSqmFunctionTemplate(utc_timestamp)] under utc_timestamp; prior registration was null
2026-01-07 14:50:12 DEBUG SqmFunctionRegistry:128 - Registered SqmFunctionTemplate [NamedSqmFunctionTemplate(rand)] under rand; prior registration was null
2026-01-07 14:50:12 DEBUG SqmFunctionRegistry:128 - Registered SqmFunctionTemplate [NamedSqmFunctionTemplate(crc32)] under crc32; prior registration was null
2026-01-07 14:50:12 DEBUG SqmFunctionRegistry:128 - Registered SqmFunctionTemplate [NamedSqmFunctionTemplate(sha1)] under sha1; prior registration was null
2026-01-07 14:50:12 DEBUG SqmFunctionRegistry:128 - Registered SqmFunctionTemplate [NamedSqmFunctionTemplate(sha2)] under sha2; prior registration was null
2026-01-07 14:50:12 DEBUG SqmFunctionRegistry:128 - Registered SqmFunctionTemplate [NamedSqmFunctionTemplate(bit_length)] under bit_length; prior registration was null
2026-01-07 14:50:12 DEBUG SqmFunctionRegistry:128 - Registered SqmFunctionTemplate [NamedSqmFunctionTemplate(octet_length)] under octet_length; prior registration was NamedSqmFunctionTemplate(octet_length)
2026-01-07 14:50:12 DEBUG SqmFunctionRegistry:128 - Registered SqmFunctionTemplate [NamedSqmFunctionTemplate(ascii)] under ascii; prior registration was null
2026-01-07 14:50:12 DEBUG SqmFunctionRegistry:128 - Registered SqmFunctionTemplate [NamedSqmFunctionTemplate(instr)] under instr; prior registration was null
2026-01-07 14:50:12 DEBUG SqmFunctionRegistry:128 - Registered SqmFunctionTemplate [NamedSqmFunctionTemplate(substr)] under substr; prior registration was null
2026-01-07 14:50:12 DEBUG SqmFunctionRegistry:128 - Registered SqmFunctionTemplate [org.hibernate.query.sqm.function.PatternBasedSqmFunctionDescriptor@706f6d26] under position; prior registration was org.hibernate.dialect.function.LocatePositionEmulation@590d6c76
2026-01-07 14:50:12 DEBUG SqmFunctionRegistry:128 - Registered SqmFunctionTemplate [NamedSqmFunctionTemplate(curtime)] under curtime; prior registration was null
2026-01-07 14:50:12 DEBUG SqmFunctionRegistry:128 - Registered SqmFunctionTemplate [NamedSqmFunctionTemplate(curdate)] under curdate; prior registration was null
2026-01-07 14:50:12 DEBUG SqmFunctionRegistry:128 - Registered SqmFunctionTemplate [NamedSqmFunctionTemplate(now)] under now; prior registration was null
2026-01-07 14:50:12 DEBUG SqmFunctionRegistry:128 - Registered SqmFunctionTemplate [org.hibernate.dialect.function.TruncFunction@4be490da] under trunc; prior registration was null
2026-01-07 14:50:12 DEBUG SqmFunctionRegistry:392 - Registering alternate key : truncate -> trunc
2026-01-07 14:50:12 DEBUG SqmFunctionRegistry:128 - Registered SqmFunctionTemplate [NamedSqmFunctionTemplate(insert)] under insert; prior registration was null
2026-01-07 14:50:12 DEBUG SqmFunctionRegistry:128 - Registered SqmFunctionTemplate [org.hibernate.query.sqm.function.PatternBasedSqmFunctionDescriptor@4168f3d9] under bitand; prior registration was null
2026-01-07 14:50:12 DEBUG SqmFunctionRegistry:128 - Registered SqmFunctionTemplate [org.hibernate.query.sqm.function.PatternBasedSqmFunctionDescriptor@353e6389] under bitor; prior registration was null
2026-01-07 14:50:12 DEBUG SqmFunctionRegistry:128 - Registered SqmFunctionTemplate [org.hibernate.query.sqm.function.PatternBasedSqmFunctionDescriptor@15e8f9b2] under bitxor; prior registration was null
2026-01-07 14:50:12 DEBUG SqmFunctionRegistry:128 - Registered SqmFunctionTemplate [org.hibernate.query.sqm.function.PatternBasedSqmFunctionDescriptor@7a65c995] under bitnot; prior registration was null
2026-01-07 14:50:12 DEBUG SqmFunctionRegistry:128 - Registered SqmFunctionTemplate [NamedSqmFunctionTemplate(bit_and)] under bit_and; prior registration was null
2026-01-07 14:50:12 DEBUG SqmFunctionRegistry:128 - Registered SqmFunctionTemplate [NamedSqmFunctionTemplate(bit_or)] under bit_or; prior registration was null
2026-01-07 14:50:12 DEBUG SqmFunctionRegistry:128 - Registered SqmFunctionTemplate [NamedSqmFunctionTemplate(stddev)] under stddev; prior registration was null
2026-01-07 14:50:12 DEBUG SqmFunctionRegistry:128 - Registered SqmFunctionTemplate [NamedSqmFunctionTemplate(stddev_pop)] under stddev_pop; prior registration was null
2026-01-07 14:50:12 DEBUG SqmFunctionRegistry:128 - Registered SqmFunctionTemplate [NamedSqmFunctionTemplate(stddev_samp)] under stddev_samp; prior registration was null
2026-01-07 14:50:12 DEBUG SqmFunctionRegistry:128 - Registered SqmFunctionTemplate [NamedSqmFunctionTemplate(variance)] under variance; prior registration was null
2026-01-07 14:50:12 DEBUG SqmFunctionRegistry:128 - Registered SqmFunctionTemplate [NamedSqmFunctionTemplate(var_pop)] under var_pop; prior registration was null
2026-01-07 14:50:12 DEBUG SqmFunctionRegistry:128 - Registered SqmFunctionTemplate [NamedSqmFunctionTemplate(var_samp)] under var_samp; prior registration was null
2026-01-07 14:50:12 DEBUG SqmFunctionRegistry:128 - Registered SqmFunctionTemplate [NamedSqmFunctionTemplate(datediff)] under datediff; prior registration was null
2026-01-07 14:50:12 DEBUG SqmFunctionRegistry:128 - Registered SqmFunctionTemplate [NamedSqmFunctionTemplate(adddate)] under adddate; prior registration was null
2026-01-07 14:50:12 DEBUG SqmFunctionRegistry:128 - Registered SqmFunctionTemplate [NamedSqmFunctionTemplate(subdate)] under subdate; prior registration was null
2026-01-07 14:50:12 DEBUG SqmFunctionRegistry:128 - Registered SqmFunctionTemplate [NamedSqmFunctionTemplate(addtime)] under addtime; prior registration was null
2026-01-07 14:50:12 DEBUG SqmFunctionRegistry:128 - Registered SqmFunctionTemplate [NamedSqmFunctionTemplate(subtime)] under subtime; prior registration was null
2026-01-07 14:50:12 DEBUG SqmFunctionRegistry:128 - Registered SqmFunctionTemplate [org.hibernate.dialect.function.FormatFunction@7c950b3b] under format; prior registration was org.hibernate.dialect.function.FormatFunction@21edd891
2026-01-07 14:50:12 DEBUG SqmFunctionRegistry:128 - Registered SqmFunctionTemplate [NamedSqmFunctionTemplate(makedate)] under makedate; prior registration was null
2026-01-07 14:50:12 DEBUG SqmFunctionRegistry:128 - Registered SqmFunctionTemplate [NamedSqmFunctionTemplate(maketime)] under maketime; prior registration was null
2026-01-07 14:50:12 DEBUG SqmFunctionRegistry:128 - Registered SqmFunctionTemplate [NamedSqmFunctionTemplate(localtime)] under localtime; prior registration was null
2026-01-07 14:50:12 DEBUG SqmFunctionRegistry:128 - Registered SqmFunctionTemplate [NamedSqmFunctionTemplate(localtimestamp)] under localtimestamp; prior registration was null
2026-01-07 14:50:12 DEBUG SqmFunctionRegistry:128 - Registered SqmFunctionTemplate [NamedSqmFunctionTemplate(localtime)] under local_time; prior registration was org.hibernate.dialect.function.CurrentFunction@b5aa65b
2026-01-07 14:50:12 DEBUG SqmFunctionRegistry:128 - Registered SqmFunctionTemplate [NamedSqmFunctionTemplate(localtimestamp)] under local_datetime; prior registration was org.hibernate.dialect.function.CurrentFunction@76cdafa3
2026-01-07 14:50:12 DEBUG SqmFunctionRegistry:128 - Registered SqmFunctionTemplate [org.hibernate.query.sqm.function.PatternBasedSqmFunctionDescriptor@3af10d0b] under pi; prior registration was org.hibernate.query.sqm.function.PatternBasedSqmFunctionDescriptor@4a50c746
2026-01-07 14:50:12 DEBUG SqmFunctionRegistry:128 - Registered SqmFunctionTemplate [org.hibernate.query.sqm.function.PatternBasedSqmFunctionDescriptor@6806468e] under chr; prior registration was null
2026-01-07 14:50:12 DEBUG SqmFunctionRegistry:392 - Registering alternate key : char -> chr
2026-01-07 14:50:12 DEBUG SqmFunctionRegistry:128 - Registered SqmFunctionTemplate [org.hibernate.query.sqm.function.PatternBasedSqmFunctionDescriptor@3c7b137a] under sysdate; prior registration was null
2026-01-07 14:50:12 DEBUG SqmFunctionRegistry:128 - Registered SqmFunctionTemplate [NamedSqmFunctionTemplate(row_number)] under row_number; prior registration was null
2026-01-07 14:50:12 DEBUG SqmFunctionRegistry:128 - Registered SqmFunctionTemplate [NamedSqmFunctionTemplate(lag)] under lag; prior registration was null
2026-01-07 14:50:12 DEBUG SqmFunctionRegistry:128 - Registered SqmFunctionTemplate [NamedSqmFunctionTemplate(lead)] under lead; prior registration was null
2026-01-07 14:50:12 DEBUG SqmFunctionRegistry:128 - Registered SqmFunctionTemplate [NamedSqmFunctionTemplate(first_value)] under first_value; prior registration was null
2026-01-07 14:50:12 DEBUG SqmFunctionRegistry:128 - Registered SqmFunctionTemplate [NamedSqmFunctionTemplate(last_value)] under last_value; prior registration was null
2026-01-07 14:50:12 DEBUG SqmFunctionRegistry:128 - Registered SqmFunctionTemplate [NamedSqmFunctionTemplate(nth_value)] under nth_value; prior registration was null
2026-01-07 14:50:12 DEBUG SqmFunctionRegistry:128 - Registered SqmFunctionTemplate [org.hibernate.dialect.function.HypotheticalSetWindowEmulation@183fc2fa] under rank; prior registration was null
2026-01-07 14:50:12 DEBUG SqmFunctionRegistry:128 - Registered SqmFunctionTemplate [org.hibernate.dialect.function.HypotheticalSetWindowEmulation@3a11c0eb] under dense_rank; prior registration was null
2026-01-07 14:50:12 DEBUG SqmFunctionRegistry:128 - Registered SqmFunctionTemplate [org.hibernate.dialect.function.HypotheticalSetWindowEmulation@3313d477] under percent_rank; prior registration was null
2026-01-07 14:50:12 DEBUG SqmFunctionRegistry:128 - Registered SqmFunctionTemplate [org.hibernate.dialect.function.HypotheticalSetWindowEmulation@2c2c3947] under cume_dist; prior registration was null
2026-01-07 14:50:12 DEBUG SqmFunctionRegistry:128 - Registered SqmFunctionTemplate [org.hibernate.dialect.function.ListaggGroupConcatEmulation@1e76afeb] under listagg; prior registration was null
2026-01-07 14:50:12 DEBUG SqmFunctionRegistry:128 - Registered SqmFunctionTemplate [org.hibernate.dialect.function.json.MySQLJsonValueFunction@67328bcb] under json_value; prior registration was null
2026-01-07 14:50:12 DEBUG SqmFunctionRegistry:128 - Registered SqmFunctionTemplate [org.hibernate.dialect.function.json.MySQLJsonQueryFunction@19b75b2b] under json_query; prior registration was null
2026-01-07 14:50:12 DEBUG SqmFunctionRegistry:128 - Registered SqmFunctionTemplate [org.hibernate.dialect.function.json.MySQLJsonExistsFunction@7aded903] under json_exists; prior registration was null
2026-01-07 14:50:12 DEBUG SqmFunctionRegistry:128 - Registered SqmFunctionTemplate [org.hibernate.dialect.function.json.MySQLJsonObjectFunction@4f114b] under json_object; prior registration was null
2026-01-07 14:50:12 DEBUG SqmFunctionRegistry:128 - Registered SqmFunctionTemplate [org.hibernate.dialect.function.json.MySQLJsonArrayFunction@611d0763] under json_array; prior registration was null
2026-01-07 14:50:12 DEBUG SqmFunctionRegistry:128 - Registered SqmFunctionTemplate [org.hibernate.dialect.function.json.MySQLJsonArrayAggFunction@7c70aae1] under json_arrayagg; prior registration was null
2026-01-07 14:50:12 DEBUG SqmFunctionRegistry:128 - Registered SqmFunctionTemplate [org.hibernate.dialect.function.json.MySQLJsonObjectAggFunction@7c588adc] under json_objectagg; prior registration was null
2026-01-07 14:50:12 DEBUG SqmFunctionRegistry:128 - Registered SqmFunctionTemplate [NamedSqmFunctionTemplate(json_set)] under json_set; prior registration was null
2026-01-07 14:50:12 DEBUG SqmFunctionRegistry:128 - Registered SqmFunctionTemplate [NamedSqmFunctionTemplate(json_remove)] under json_remove; prior registration was null
2026-01-07 14:50:12 DEBUG SqmFunctionRegistry:128 - Registered SqmFunctionTemplate [NamedSqmFunctionTemplate(json_replace)] under json_replace; prior registration was null
2026-01-07 14:50:12 DEBUG SqmFunctionRegistry:128 - Registered SqmFunctionTemplate [NamedSqmFunctionTemplate(json_insert)] under json_insert; prior registration was null
2026-01-07 14:50:12 DEBUG SqmFunctionRegistry:128 - Registered SqmFunctionTemplate [NamedSqmFunctionTemplate(json_merge_patch)] under json_mergepatch; prior registration was null
2026-01-07 14:50:12 DEBUG SqmFunctionRegistry:128 - Registered SqmFunctionTemplate [NamedSqmFunctionTemplate(json_array_append)] under json_array_append; prior registration was null
2026-01-07 14:50:12 DEBUG SqmFunctionRegistry:128 - Registered SqmFunctionTemplate [NamedSqmFunctionTemplate(json_array_insert)] under json_array_insert; prior registration was null
2026-01-07 14:50:12 DEBUG SqmFunctionRegistry:143 - Registered SqmSetReturningFunctionTemplate [org.hibernate.dialect.function.array.UnnestFunction@76396509] under unnest; prior registration was null
2026-01-07 14:50:13 DEBUG SqmFunctionRegistry:143 - Registered SqmSetReturningFunctionTemplate [org.hibernate.dialect.function.json.MySQLJsonTableFunction@22a6d75c] under json_table; prior registration was null
2026-01-07 14:50:13 DEBUG SqmFunctionRegistry:143 - Registered SqmSetReturningFunctionTemplate [org.hibernate.dialect.function.CteGenerateSeriesFunction@578a5ce8] under generate_series; prior registration was null
2026-01-07 14:50:13 DEBUG SqmFunctionRegistry:128 - Registered SqmFunctionTemplate [org.hibernate.query.sqm.function.PatternBasedSqmFunctionDescriptor@7c453c34] under hex; prior registration was null
2026-01-07 14:50:13 DEBUG SqmFunctionRegistry:128 - Registered SqmFunctionTemplate [org.hibernate.query.sqm.function.PatternBasedSqmFunctionDescriptor@16cb9989] under sha; prior registration was null
2026-01-07 14:50:13 DEBUG SqmFunctionRegistry:128 - Registered SqmFunctionTemplate [org.hibernate.query.sqm.function.PatternBasedSqmFunctionDescriptor@3dfd6220] under md5; prior registration was null
2026-01-07 14:50:13 DEBUG HQL_FUNCTIONS:152 - abs(NUMERIC arg)
2026-01-07 14:50:13 DEBUG HQL_FUNCTIONS:152 - Double acos(NUMERIC arg)
2026-01-07 14:50:13 DEBUG HQL_FUNCTIONS:152 - adddate(DATE datetime, INTEGER days)
2026-01-07 14:50:13 DEBUG HQL_FUNCTIONS:152 - addtime(TIME datetime, TIME time)
2026-01-07 14:50:13 DEBUG HQL_FUNCTIONS:152 - Boolean any(BOOLEAN arg)
2026-01-07 14:50:13 DEBUG HQL_FUNCTIONS:152 - Integer ascii(STRING arg)
2026-01-07 14:50:13 DEBUG HQL_FUNCTIONS:152 - Double asin(NUMERIC arg)
2026-01-07 14:50:13 DEBUG HQL_FUNCTIONS:152 - Double atan(NUMERIC arg)
2026-01-07 14:50:13 DEBUG HQL_FUNCTIONS:152 - Double atan2(NUMERIC arg0, NUMERIC arg1)
2026-01-07 14:50:13 DEBUG HQL_FUNCTIONS:152 - avg(arg)
2026-01-07 14:50:13 DEBUG HQL_FUNCTIONS:152 - bit_and(arg)
2026-01-07 14:50:13 DEBUG HQL_FUNCTIONS:152 - Integer bit_length(STRING_OR_CLOB arg)
2026-01-07 14:50:13 DEBUG HQL_FUNCTIONS:152 - bit_or(arg)
2026-01-07 14:50:13 DEBUG HQL_FUNCTIONS:152 - bitand(arg0, arg1)
2026-01-07 14:50:13 DEBUG HQL_FUNCTIONS:152 - bitnot(arg)
2026-01-07 14:50:13 DEBUG HQL_FUNCTIONS:152 - bitor(arg0, arg1)
2026-01-07 14:50:13 DEBUG HQL_FUNCTIONS:152 - bitxor(arg0, arg1)
2026-01-07 14:50:13 DEBUG HQL_FUNCTIONS:152 - cast(arg as Type)
2026-01-07 14:50:13 DEBUG HQL_FUNCTIONS:152 - ceiling(NUMERIC arg)
2026-01-07 14:50:13 DEBUG HQL_FUNCTIONS:152 - Character char(INTEGER arg)
2026-01-07 14:50:13 DEBUG HQL_FUNCTIONS:152 - Integer character_length(STRING_OR_CLOB arg)
2026-01-07 14:50:13 DEBUG HQL_FUNCTIONS:152 - Character chr(INTEGER arg)
2026-01-07 14:50:13 DEBUG HQL_FUNCTIONS:152 - coalesce(arg0[, arg1[, ...]])
2026-01-07 14:50:13 DEBUG HQL_FUNCTIONS:152 - String collate(STRING string as COLLATION collation)
2026-01-07 14:50:13 DEBUG HQL_FUNCTIONS:152 - String concat(STRING string0[, STRING string1[, ...]])
2026-01-07 14:50:13 DEBUG HQL_FUNCTIONS:152 - Double cos(NUMERIC arg)
2026-01-07 14:50:13 DEBUG HQL_FUNCTIONS:152 - Double cosh(NUMERIC arg)
2026-01-07 14:50:13 DEBUG HQL_FUNCTIONS:152 - Double cot(NUMERIC arg)
2026-01-07 14:50:13 DEBUG HQL_FUNCTIONS:152 - Long count([distinct ]{arg|*})
2026-01-07 14:50:13 DEBUG HQL_FUNCTIONS:152 - Integer crc32(arg)
2026-01-07 14:50:13 DEBUG HQL_FUNCTIONS:152 - Double cume_dist([arg0[, ...]])
2026-01-07 14:50:13 DEBUG HQL_FUNCTIONS:152 - Date curdate()
2026-01-07 14:50:13 DEBUG HQL_FUNCTIONS:152 - Date current date
2026-01-07 14:50:13 DEBUG HQL_FUNCTIONS:152 - Time current time
2026-01-07 14:50:13 DEBUG HQL_FUNCTIONS:152 - Timestamp current timestamp
2026-01-07 14:50:13 DEBUG HQL_FUNCTIONS:152 - Date current_date
2026-01-07 14:50:13 DEBUG HQL_FUNCTIONS:152 - Instant current_instant
2026-01-07 14:50:13 DEBUG HQL_FUNCTIONS:152 - Time current_time
2026-01-07 14:50:13 DEBUG HQL_FUNCTIONS:152 - Timestamp current_timestamp
2026-01-07 14:50:13 DEBUG HQL_FUNCTIONS:152 - Time curtime()
2026-01-07 14:50:13 DEBUG HQL_FUNCTIONS:152 - Date date(arg)
2026-01-07 14:50:13 DEBUG HQL_FUNCTIONS:152 - dateadd(TEMPORAL_UNIT field, INTEGER magnitude, TEMPORAL datetime)
2026-01-07 14:50:13 DEBUG HQL_FUNCTIONS:152 - Integer datediff(DATE end, DATE start)
2026-01-07 14:50:13 DEBUG HQL_FUNCTIONS:152 - Integer day(DATE arg)
2026-01-07 14:50:13 DEBUG HQL_FUNCTIONS:152 - String dayname(DATE arg)
2026-01-07 14:50:13 DEBUG HQL_FUNCTIONS:152 - Integer dayofmonth(DATE arg)
2026-01-07 14:50:13 DEBUG HQL_FUNCTIONS:152 - Integer dayofweek(DATE arg)
2026-01-07 14:50:13 DEBUG HQL_FUNCTIONS:152 - Integer dayofyear(DATE arg)
2026-01-07 14:50:13 DEBUG HQL_FUNCTIONS:152 - Double degrees(NUMERIC arg)
2026-01-07 14:50:13 DEBUG HQL_FUNCTIONS:152 - Long dense_rank([arg0[, ...]])
2026-01-07 14:50:13 DEBUG HQL_FUNCTIONS:152 - Boolean every(BOOLEAN arg)
2026-01-07 14:50:13 DEBUG HQL_FUNCTIONS:152 - Double exp(NUMERIC arg)
2026-01-07 14:50:13 DEBUG HQL_FUNCTIONS:152 - extract(TEMPORAL_UNIT field from TEMPORAL arg)
2026-01-07 14:50:13 DEBUG HQL_FUNCTIONS:152 - first_valueANY value
2026-01-07 14:50:13 DEBUG HQL_FUNCTIONS:152 - floor(NUMERIC arg)
2026-01-07 14:50:13 DEBUG HQL_FUNCTIONS:152 - String format(TEMPORAL datetime as STRING pattern)
2026-01-07 14:50:13 DEBUG HQL_FUNCTIONS:152 - greatest(COMPARABLE arg0, COMPARABLE arg1[, arg2[, ...]])
2026-01-07 14:50:13 DEBUG HQL_FUNCTIONS:152 - String hex(arg)
2026-01-07 14:50:13 DEBUG HQL_FUNCTIONS:152 - Integer hour(TIME arg)
2026-01-07 14:50:13 DEBUG HQL_FUNCTIONS:152 - ifnull(arg0, arg1)
2026-01-07 14:50:13 DEBUG HQL_FUNCTIONS:152 - String insert(STRING string, INTEGER start, INTEGER length, STRING replacement)
2026-01-07 14:50:13 DEBUG HQL_FUNCTIONS:152 - Instant instant
2026-01-07 14:50:13 DEBUG HQL_FUNCTIONS:152 - Integer instr(STRING string, STRING pattern[, INTEGER start[, INTEGER occurrence]])
2026-01-07 14:50:13 DEBUG HQL_FUNCTIONS:152 - String json_array([arg0[, ...]])
2026-01-07 14:50:13 DEBUG HQL_FUNCTIONS:152 - String json_array_append(IMPLICIT_JSON arg0, STRING arg1, ANY arg2)
2026-01-07 14:50:13 DEBUG HQL_FUNCTIONS:152 - String json_array_insert(IMPLICIT_JSON arg0, STRING arg1, ANY arg2)
2026-01-07 14:50:13 DEBUG HQL_FUNCTIONS:152 - String json_arrayagg(arg0[, arg1])
2026-01-07 14:50:13 DEBUG HQL_FUNCTIONS:152 - Boolean json_exists(IMPLICIT_JSON arg0, STRING arg1)
2026-01-07 14:50:13 DEBUG HQL_FUNCTIONS:152 - String json_insert(IMPLICIT_JSON arg0, STRING arg1, ANY arg2)
2026-01-07 14:50:13 DEBUG HQL_FUNCTIONS:152 - String json_mergepatch(IMPLICIT_JSON arg0, IMPLICIT_JSON arg1[, arg2[, ...]])
2026-01-07 14:50:13 DEBUG HQL_FUNCTIONS:152 - String json_object( ... )
2026-01-07 14:50:13 DEBUG HQL_FUNCTIONS:152 - String json_objectagg(arg0, arg1[, arg2, arg3])
2026-01-07 14:50:13 DEBUG HQL_FUNCTIONS:152 - String json_query( ... )
2026-01-07 14:50:13 DEBUG HQL_FUNCTIONS:152 - String json_remove(IMPLICIT_JSON arg0, STRING arg1)
2026-01-07 14:50:13 DEBUG HQL_FUNCTIONS:152 - String json_replace(IMPLICIT_JSON arg0, STRING arg1, ANY arg2)
2026-01-07 14:50:13 DEBUG HQL_FUNCTIONS:152 - String json_set(IMPLICIT_JSON arg0, STRING arg1, ANY arg2)
2026-01-07 14:50:13 DEBUG HQL_FUNCTIONS:152 - json_value( ... )
2026-01-07 14:50:13 DEBUG HQL_FUNCTIONS:152 - lagANY value[, INTEGER offset[, ANY default]]
2026-01-07 14:50:13 DEBUG HQL_FUNCTIONS:152 - Date last_day(DATE arg)
2026-01-07 14:50:13 DEBUG HQL_FUNCTIONS:152 - last_valueANY value
2026-01-07 14:50:13 DEBUG HQL_FUNCTIONS:152 - leadANY value[, INTEGER offset[, ANY default]]
2026-01-07 14:50:13 DEBUG HQL_FUNCTIONS:152 - least(COMPARABLE arg0, COMPARABLE arg1[, arg2[, ...]])
2026-01-07 14:50:13 DEBUG HQL_FUNCTIONS:152 - String left(STRING string, INTEGER length)
2026-01-07 14:50:13 DEBUG HQL_FUNCTIONS:152 - Integer length(STRING_OR_CLOB arg)
2026-01-07 14:50:13 DEBUG HQL_FUNCTIONS:152 - String listagg(STRING arg0, STRING arg1)
2026-01-07 14:50:13 DEBUG HQL_FUNCTIONS:152 - Double ln(NUMERIC arg)
2026-01-07 14:50:13 DEBUG HQL_FUNCTIONS:152 - LocalDate local date
2026-01-07 14:50:13 DEBUG HQL_FUNCTIONS:152 - LocalDateTime local datetime
2026-01-07 14:50:13 DEBUG HQL_FUNCTIONS:152 - LocalTime local time
2026-01-07 14:50:13 DEBUG HQL_FUNCTIONS:152 - LocalDate local_date
2026-01-07 14:50:13 DEBUG HQL_FUNCTIONS:152 - LocalDateTime local_datetime
2026-01-07 14:50:13 DEBUG HQL_FUNCTIONS:152 - LocalTime local_time
2026-01-07 14:50:13 DEBUG HQL_FUNCTIONS:152 - Time localtime
2026-01-07 14:50:13 DEBUG HQL_FUNCTIONS:152 - Timestamp localtimestamp
2026-01-07 14:50:13 DEBUG HQL_FUNCTIONS:152 - Integer locate(STRING pattern, STRING string[, INTEGER start])
2026-01-07 14:50:13 DEBUG HQL_FUNCTIONS:152 - Double log(NUMERIC arg0[, NUMERIC arg1])
2026-01-07 14:50:13 DEBUG HQL_FUNCTIONS:152 - Double log10(NUMERIC arg)
2026-01-07 14:50:13 DEBUG HQL_FUNCTIONS:152 - Double log2(NUMERIC arg)
2026-01-07 14:50:13 DEBUG HQL_FUNCTIONS:152 - String lower(STRING string)
2026-01-07 14:50:13 DEBUG HQL_FUNCTIONS:152 - String lpad(string, length[, padding])
2026-01-07 14:50:13 DEBUG HQL_FUNCTIONS:152 - String ltrim(STRING string[, STRING characters])
2026-01-07 14:50:13 DEBUG HQL_FUNCTIONS:152 - Date makedate(INTEGER year, INTEGER dayofyear)
2026-01-07 14:50:13 DEBUG HQL_FUNCTIONS:152 - Time maketime(INTEGER hour, INTEGER min, INTEGER sec)
2026-01-07 14:50:13 DEBUG HQL_FUNCTIONS:152 - max(COMPARABLE arg)
2026-01-07 14:50:13 DEBUG HQL_FUNCTIONS:152 - byte[] md5(arg)
2026-01-07 14:50:13 DEBUG HQL_FUNCTIONS:152 - Integer microsecond(TIME arg)
2026-01-07 14:50:13 DEBUG HQL_FUNCTIONS:152 - min(COMPARABLE arg)
2026-01-07 14:50:13 DEBUG HQL_FUNCTIONS:152 - Integer minute(TIME arg)
2026-01-07 14:50:13 DEBUG HQL_FUNCTIONS:152 - Integer mod(INTEGER arg0, INTEGER arg1)
2026-01-07 14:50:13 DEBUG HQL_FUNCTIONS:152 - Integer month(DATE arg)
2026-01-07 14:50:13 DEBUG HQL_FUNCTIONS:152 - String monthname(DATE arg)
2026-01-07 14:50:13 DEBUG HQL_FUNCTIONS:152 - Timestamp now()
2026-01-07 14:50:13 DEBUG HQL_FUNCTIONS:152 - nth_valueANY value, INTEGER nth
2026-01-07 14:50:13 DEBUG HQL_FUNCTIONS:152 - nullif(arg0, arg1)
2026-01-07 14:50:13 DEBUG HQL_FUNCTIONS:152 - Integer octet_length(STRING_OR_CLOB arg)
2026-01-07 14:50:13 DEBUG HQL_FUNCTIONS:152 - OffsetDateTime offset datetime
2026-01-07 14:50:13 DEBUG HQL_FUNCTIONS:152 - OffsetDateTime offset_datetime
2026-01-07 14:50:13 DEBUG HQL_FUNCTIONS:152 - Integer ordinal(ENUM arg)
2026-01-07 14:50:13 DEBUG HQL_FUNCTIONS:152 - String overlay(STRING string placing STRING replacement from INTEGER start[ for INTEGER length])
2026-01-07 14:50:13 DEBUG HQL_FUNCTIONS:152 - String pad(STRING string with INTEGER length {leading|trailing}[ STRING character])
2026-01-07 14:50:13 DEBUG HQL_FUNCTIONS:152 - Double percent_rank([arg0[, ...]])
2026-01-07 14:50:13 DEBUG HQL_FUNCTIONS:152 - Double pi
2026-01-07 14:50:13 DEBUG HQL_FUNCTIONS:152 - Integer position(STRING pattern in STRING string)
2026-01-07 14:50:13 DEBUG HQL_FUNCTIONS:152 - Double power(NUMERIC arg0, NUMERIC arg1)
2026-01-07 14:50:13 DEBUG HQL_FUNCTIONS:152 - Integer quarter(DATE arg)
2026-01-07 14:50:13 DEBUG HQL_FUNCTIONS:152 - Double radians(NUMERIC arg)
2026-01-07 14:50:13 DEBUG HQL_FUNCTIONS:152 - Double rand([INTEGER seed])
2026-01-07 14:50:13 DEBUG HQL_FUNCTIONS:152 - Long rank([arg0[, ...]])
2026-01-07 14:50:13 DEBUG HQL_FUNCTIONS:152 - String repeat(STRING string, INTEGER times)
2026-01-07 14:50:13 DEBUG HQL_FUNCTIONS:152 - String replace(STRING string, STRING pattern, STRING replacement)
2026-01-07 14:50:13 DEBUG HQL_FUNCTIONS:152 - String reverse(STRING arg)
2026-01-07 14:50:13 DEBUG HQL_FUNCTIONS:152 - String right(STRING string, INTEGER length)
2026-01-07 14:50:13 DEBUG HQL_FUNCTIONS:152 - round(NUMERIC number[, INTEGER places])
2026-01-07 14:50:13 DEBUG HQL_FUNCTIONS:152 - Long row_number()
2026-01-07 14:50:13 DEBUG HQL_FUNCTIONS:152 - String rpad(string, length[, padding])
2026-01-07 14:50:13 DEBUG HQL_FUNCTIONS:152 - String rtrim(STRING string[, STRING characters])
2026-01-07 14:50:13 DEBUG HQL_FUNCTIONS:152 - Integer second(TIME arg)
2026-01-07 14:50:13 DEBUG HQL_FUNCTIONS:152 - byte[] sha(arg)
2026-01-07 14:50:13 DEBUG HQL_FUNCTIONS:152 - String sha1(arg)
2026-01-07 14:50:13 DEBUG HQL_FUNCTIONS:152 - String sha2(arg0, arg1)
2026-01-07 14:50:13 DEBUG HQL_FUNCTIONS:152 - Integer sign(NUMERIC arg)
2026-01-07 14:50:13 DEBUG HQL_FUNCTIONS:152 - Double sin(NUMERIC arg)
2026-01-07 14:50:13 DEBUG HQL_FUNCTIONS:152 - Double sinh(NUMERIC arg)
2026-01-07 14:50:13 DEBUG HQL_FUNCTIONS:152 - String soundex(arg)
2026-01-07 14:50:13 DEBUG HQL_FUNCTIONS:152 - String space(INTEGER arg)
2026-01-07 14:50:13 DEBUG HQL_FUNCTIONS:152 - Object sql
2026-01-07 14:50:13 DEBUG HQL_FUNCTIONS:152 - Double sqrt(NUMERIC arg)
2026-01-07 14:50:13 DEBUG HQL_FUNCTIONS:152 - Double stddev(NUMERIC arg)
2026-01-07 14:50:13 DEBUG HQL_FUNCTIONS:152 - Double stddev_pop(NUMERIC arg)
2026-01-07 14:50:13 DEBUG HQL_FUNCTIONS:152 - Double stddev_samp(NUMERIC arg)
2026-01-07 14:50:13 DEBUG HQL_FUNCTIONS:152 - String str(arg)
2026-01-07 14:50:13 DEBUG HQL_FUNCTIONS:152 - subdate(DATE datetime, INTEGER days)
2026-01-07 14:50:13 DEBUG HQL_FUNCTIONS:152 - String substr(STRING string, INTEGER start[, INTEGER length])
2026-01-07 14:50:13 DEBUG HQL_FUNCTIONS:152 - String substring(STRING string{ from|,} INTEGER start[{ for|,} INTEGER length])
2026-01-07 14:50:13 DEBUG HQL_FUNCTIONS:152 - subtime(TIME datetime, TIME time)
2026-01-07 14:50:13 DEBUG HQL_FUNCTIONS:152 - sum(arg)
2026-01-07 14:50:13 DEBUG HQL_FUNCTIONS:152 - Timestamp sysdate()
2026-01-07 14:50:13 DEBUG HQL_FUNCTIONS:152 - Double tan(NUMERIC arg)
2026-01-07 14:50:13 DEBUG HQL_FUNCTIONS:152 - Double tanh(NUMERIC arg)
2026-01-07 14:50:13 DEBUG HQL_FUNCTIONS:152 - String time(arg)
2026-01-07 14:50:13 DEBUG HQL_FUNCTIONS:152 - Timestamp timestamp(arg0[, arg1])
2026-01-07 14:50:13 DEBUG HQL_FUNCTIONS:152 - timestampadd(TEMPORAL_UNIT field, INTEGER magnitude, TEMPORAL datetime)
2026-01-07 14:50:13 DEBUG HQL_FUNCTIONS:152 - Long|Double timestampdiff(TEMPORAL_UNIT field, TEMPORAL start, TEMPORAL end)
2026-01-07 14:50:13 DEBUG HQL_FUNCTIONS:152 - String trim([[{leading|trailing|both} ][STRING arg0 ]from] STRING arg1)
2026-01-07 14:50:13 DEBUG HQL_FUNCTIONS:152 - trunc( ... )
2026-01-07 14:50:13 DEBUG HQL_FUNCTIONS:152 - truncate( ... )
2026-01-07 14:50:13 DEBUG HQL_FUNCTIONS:152 - String upper(STRING string)
2026-01-07 14:50:13 DEBUG HQL_FUNCTIONS:152 - Date utc_date
2026-01-07 14:50:13 DEBUG HQL_FUNCTIONS:152 - Time utc_time
2026-01-07 14:50:13 DEBUG HQL_FUNCTIONS:152 - Timestamp utc_timestamp
2026-01-07 14:50:13 DEBUG HQL_FUNCTIONS:152 - Double var_pop(NUMERIC arg)
2026-01-07 14:50:13 DEBUG HQL_FUNCTIONS:152 - Double var_samp(NUMERIC arg)
2026-01-07 14:50:13 DEBUG HQL_FUNCTIONS:152 - Double variance(NUMERIC arg)
2026-01-07 14:50:13 DEBUG HQL_FUNCTIONS:152 - Integer week(DATE arg)
2026-01-07 14:50:13 DEBUG HQL_FUNCTIONS:152 - Integer year(DATE arg)
2026-01-07 14:50:13 DEBUG cache:49 - Starting QueryInterpretationCache(2048)
2026-01-07 14:50:13 DEBUG ClassLoaderAccessImpl:58 - Not known whether passed class name [com.test.Cricketer] is safe
2026-01-07 14:50:13 DEBUG ClassLoaderAccessImpl:60 - No temp ClassLoader provided; using live ClassLoader for loading potentially unsafe class : com.test.Cricketer
2026-01-07 14:50:13 DEBUG BytecodeProviderImpl:232 - HHH000513: Unable to create the ReflectionOptimizer for [com.test.Cricketer]: private accessor [name]
2026-01-07 14:50:13 DEBUG ClassLoaderAccessImpl:58 - Not known whether passed class name [com.test.TennisPlayer] is safe
2026-01-07 14:50:13 DEBUG ClassLoaderAccessImpl:60 - No temp ClassLoader provided; using live ClassLoader for loading potentially unsafe class : com.test.TennisPlayer
2026-01-07 14:50:13 DEBUG BytecodeProviderImpl:232 - HHH000513: Unable to create the ReflectionOptimizer for [com.test.TennisPlayer]: private accessor [name]
2026-01-07 14:50:13 DEBUG ClassLoaderAccessImpl:58 - Not known whether passed class name [com.test.Player] is safe
2026-01-07 14:50:13 DEBUG ClassLoaderAccessImpl:60 - No temp ClassLoader provided; using live ClassLoader for loading potentially unsafe class : com.test.Player
2026-01-07 14:50:13 DEBUG BytecodeProviderImpl:232 - HHH000513: Unable to create the ReflectionOptimizer for [com.test.Player]: private accessor [name]
2026-01-07 14:50:13 DEBUG creation:102 - Starting post-init callbacks
2026-01-07 14:50:13 DEBUG creation:252 - Starting PostInitCallbackEntry : Entity(com.test.Player) `staticFetchableList` generator
2026-01-07 14:50:13 DEBUG creation:252 - Starting PostInitCallbackEntry : Entity(com.test.Player) `sqmMultiTableMutationStrategy` interpretation
2026-01-07 14:50:13 DEBUG creation:252 - Starting PostInitCallbackEntry : Entity(com.test.Player) `sqmMultiTableInsertStrategy` interpretation
2026-01-07 14:50:13 DEBUG creation:252 - Starting PostInitCallbackEntry : Entity(com.test.Cricketer) `staticFetchableList` generator
2026-01-07 14:50:13 DEBUG creation:252 - Starting PostInitCallbackEntry : Entity(com.test.Cricketer) `sqmMultiTableInsertStrategy` interpretation
2026-01-07 14:50:13 DEBUG creation:252 - Starting PostInitCallbackEntry : Entity(com.test.TennisPlayer) `staticFetchableList` generator
2026-01-07 14:50:13 DEBUG creation:252 - Starting PostInitCallbackEntry : Entity(com.test.TennisPlayer) `sqmMultiTableInsertStrategy` interpretation
2026-01-07 14:50:13 DEBUG create:30 - Created new SQL alias : c1_0
2026-01-07 14:50:13 DEBUG create:121 - Registration of TableGroup [UnionTableGroup(com.test.Cricketer)] with identifierForTableGroup [com.test.Cricketer] for NavigablePath [com.test.Cricketer] 
2026-01-07 14:50:13 DEBUG AST:67 - DomainResult Graph:
 \-EntityResultImpl [com.test.Cricketer]
 |  +-BasicFetch [com.test.Cricketer.name]
 |  +-BasicFetch [com.test.Cricketer.jerseyNumber]
 |  \-BasicFetch [com.test.Cricketer.type]

2026-01-07 14:50:13 DEBUG tree:43 - SQL AST Tree:
    SelectStatement {
      FromClause {
        UnionTableGroup (null : com.test.Cricketer) {
          primaryTableReference : cricket as c1_0
        }
      }
    }

2026-01-07 14:50:13 DEBUG AbstractEntityPersister:2673 - Static SQL for entity: com.test.Cricketer
2026-01-07 14:50:13 DEBUG AbstractEntityPersister:2678 -  Version select: select id from cricket where id=?
2026-01-07 14:50:13 DEBUG AbstractEntityPersister:393 -  Insert (0): insert into cricket (name,jerseyNumber,type,id) values (?,?,?,?)
2026-01-07 14:50:13 DEBUG AbstractEntityPersister:393 -  Update (0): update cricket set name=?,jerseyNumber=?,type=? where id=?
2026-01-07 14:50:13 DEBUG AbstractEntityPersister:393 -  Delete (0): delete from cricket where id=?
2026-01-07 14:50:13 DEBUG create:30 - Created new SQL alias : tp1_0
2026-01-07 14:50:13 DEBUG create:121 - Registration of TableGroup [UnionTableGroup(com.test.TennisPlayer)] with identifierForTableGroup [com.test.TennisPlayer] for NavigablePath [com.test.TennisPlayer] 
2026-01-07 14:50:13 DEBUG AST:67 - DomainResult Graph:
 \-EntityResultImpl [com.test.TennisPlayer]
 |  +-BasicFetch [com.test.TennisPlayer.name]
 |  +-BasicFetch [com.test.TennisPlayer.noOfMatches]
 |  \-BasicFetch [com.test.TennisPlayer.wonMatches]

2026-01-07 14:50:13 DEBUG tree:43 - SQL AST Tree:
    SelectStatement {
      FromClause {
        UnionTableGroup (null : com.test.TennisPlayer) {
          primaryTableReference : tennis as tp1_0
        }
      }
    }

2026-01-07 14:50:13 DEBUG AbstractEntityPersister:2673 - Static SQL for entity: com.test.TennisPlayer
2026-01-07 14:50:13 DEBUG AbstractEntityPersister:2678 -  Version select: select id from tennis where id=?
2026-01-07 14:50:13 DEBUG AbstractEntityPersister:393 -  Insert (0): insert into tennis (name,noOfMatches,wonMatches,id) values (?,?,?,?)
2026-01-07 14:50:13 DEBUG AbstractEntityPersister:393 -  Update (0): update tennis set name=?,noOfMatches=?,wonMatches=? where id=?
2026-01-07 14:50:13 DEBUG AbstractEntityPersister:393 -  Delete (0): delete from tennis where id=?
2026-01-07 14:50:13 DEBUG create:30 - Created new SQL alias : p1_0
2026-01-07 14:50:13 DEBUG create:121 - Registration of TableGroup [UnionTableGroup(com.test.Player)] with identifierForTableGroup [com.test.Player] for NavigablePath [com.test.Player] 
2026-01-07 14:50:13 DEBUG AST:67 - DomainResult Graph:
 \-EntityResultImpl [com.test.Player]
 |  +-BasicFetch [com.test.Player.name]
 |  +-BasicFetch [treat(com.test.Player as com.test.Cricketer).jerseyNumber]
 |  +-BasicFetch [treat(com.test.Player as com.test.Cricketer).type]
 |  +-BasicFetch [treat(com.test.Player as com.test.TennisPlayer).noOfMatches]
 |  \-BasicFetch [treat(com.test.Player as com.test.TennisPlayer).wonMatches]

2026-01-07 14:50:13 DEBUG tree:43 - SQL AST Tree:
    SelectStatement {
      FromClause {
        UnionTableGroup (null : com.test.Player) {
          primaryTableReference : (select id, name, null as jerseyNumber, null as type, null as noOfMatches, null as wonMatches, 0 as clazz_ from player_1 union all select id, name, jerseyNumber, type, null as noOfMatches, null as wonMatches, 1 as clazz_ from cricket union all select id, name, null as jerseyNumber, null as type, noOfMatches, wonMatches, 2 as clazz_ from tennis) as p1_0
        }
      }
    }

2026-01-07 14:50:13 DEBUG AbstractEntityPersister:2673 - Static SQL for entity: com.test.Player
2026-01-07 14:50:13 DEBUG AbstractEntityPersister:2678 -  Version select: select id from player_1 where id=?
2026-01-07 14:50:13 DEBUG AbstractEntityPersister:393 -  Insert (0): insert into player_1 (name,id) values (?,?)
2026-01-07 14:50:13 DEBUG AbstractEntityPersister:393 -  Update (0): update player_1 set name=? where id=?
2026-01-07 14:50:13 DEBUG AbstractEntityPersister:393 -  Delete (0): delete from player_1 where id=?
2026-01-07 14:50:13 DEBUG JtaPlatformInitiator:44 - No JtaPlatform was specified, checking resolver
2026-01-07 14:50:13 DEBUG JtaPlatformResolverInitiator:32 - No JtaPlatformResolver was specified, using default [org.hibernate.engine.transaction.jta.platform.internal.StandardJtaPlatformResolver]
2026-01-07 14:50:13 DEBUG StandardJtaPlatformResolver:100 - Could not resolve JtaPlatform, using default [org.hibernate.engine.transaction.jta.platform.internal.NoJtaPlatform]
2026-01-07 14:50:13 INFO  JtaPlatformInitiator:58 - HHH000489: No JTA platform available (set 'hibernate.transaction.jta.platform' to enable JTA platform integration)
2026-01-07 14:50:13 DEBUG EntityCopyObserverFactoryInitiator:37 - Configured EntityCopyObserver strategy: disallow
2026-01-07 14:50:13 DEBUG SessionFactoryServiceRegistryImpl:103 - EventListenerRegistry access via ServiceRegistry is deprecated.  Use `sessionFactory.getEventEngine().getListenerRegistry()` instead
2026-01-07 14:50:13 DEBUG TypeConfiguration$Scope:209 - Scoping TypeConfiguration [org.hibernate.type.spi.TypeConfiguration@672a1c62] to SessionFactoryImplementor [org.hibernate.internal.SessionFactoryImpl@38dbeb39]
2026-01-07 14:50:13 DEBUG NamedObjectRepository:324 - Checking 0 named HQL queries
2026-01-07 14:50:13 DEBUG NamedObjectRepository:348 - Checking 0 named SQL queries
2026-01-07 14:50:13 DEBUG SQL:130 - 
    drop table if exists cricket
2026-01-07 14:50:13 INFO  access:50 - HHH10001501: Connection obtained from JdbcConnectionAccess [org.hibernate.engine.jdbc.env.internal.JdbcEnvironmentInitiator$ConnectionProviderJdbcConnectionAccess@58636b50] for (non-JTA) DDL execution was not in auto-commit mode; the Connection 'local transaction' will be committed and the Connection will be set into auto-commit mode.
2026-01-07 14:50:13 DEBUG SQL:130 - 
    drop table if exists player_1
2026-01-07 14:50:13 DEBUG SQL:130 - 
    drop table if exists player_1_SEQ
2026-01-07 14:50:13 DEBUG SQL:130 - 
    drop table if exists tennis
2026-01-07 14:50:13 DEBUG SQL:130 - 
    create table cricket (
        id integer not null,
        jerseyNumber varchar(255),
        name varchar(255),
        type varchar(255),
        primary key (id)
    ) engine=InnoDB
2026-01-07 14:50:13 INFO  access:50 - HHH10001501: Connection obtained from JdbcConnectionAccess [org.hibernate.engine.jdbc.env.internal.JdbcEnvironmentInitiator$ConnectionProviderJdbcConnectionAccess@a120b9] for (non-JTA) DDL execution was not in auto-commit mode; the Connection 'local transaction' will be committed and the Connection will be set into auto-commit mode.
2026-01-07 14:50:14 DEBUG SQL:130 - 
    create table player_1 (
        id integer not null,
        name varchar(255),
        primary key (id)
    ) engine=InnoDB
2026-01-07 14:50:15 DEBUG SQL:130 - 
    create table player_1_SEQ (
        next_val bigint
    ) engine=InnoDB
2026-01-07 14:50:15 DEBUG SQL:130 - 
    insert into player_1_SEQ values ( 1 )
2026-01-07 14:50:15 DEBUG SQL:130 - 
    create table tennis (
        id integer not null,
        noOfMatches integer not null,
        wonMatches integer not null,
        name varchar(255),
        primary key (id)
    ) engine=InnoDB
2026-01-07 14:50:15 DEBUG factoryRegistry:51 - Initializing SessionFactoryRegistry : org.hibernate.internal.SessionFactoryRegistry@2c08c787
2026-01-07 14:50:15 DEBUG factoryRegistry:73 - HHH020384: Registering SessionFactory: 03686c35-8c28-4f0c-9da2-73d926f61e81 (<unnamed>)
2026-01-07 14:50:15 DEBUG factoryRegistry:80 - HHH020385: Not binding SessionFactory to JNDI, no JNDI name configured
2026-01-07 14:50:15 DEBUG SessionFactoryImpl:364 - Instantiated factory
2026-01-07 14:50:15 DEBUG StatisticsInitiator:47 - Statistics initialized [enabled=false]
2026-01-07 14:50:15 DEBUG TransactionImpl:75 - begin transaction
2026-01-07 14:50:15 DEBUG SQL:130 - 
    select
        next_val as id_val 
    from
        player_1_SEQ 
    for
        update
2026-01-07 14:50:15 DEBUG SQL:130 - 
    update
        player_1_SEQ 
    set
        next_val= ? 
    where
        next_val=?
2026-01-07 14:50:15 DEBUG AbstractSaveEventListener:163 - Generated identifier [1] using generator 'org.hibernate.id.enhanced.SequenceStyleGenerator'
2026-01-07 14:50:15 DEBUG SQL:130 - 
    select
        next_val as id_val 
    from
        player_1_SEQ 
    for
        update
2026-01-07 14:50:15 DEBUG SQL:130 - 
    update
        player_1_SEQ 
    set
        next_val= ? 
    where
        next_val=?
2026-01-07 14:50:15 DEBUG AbstractSaveEventListener:163 - Generated identifier [2] using generator 'org.hibernate.id.enhanced.SequenceStyleGenerator'
2026-01-07 14:50:15 DEBUG AbstractSaveEventListener:163 - Generated identifier [3] using generator 'org.hibernate.id.enhanced.SequenceStyleGenerator'
2026-01-07 14:50:15 DEBUG TransactionImpl:88 - committing transaction
2026-01-07 14:50:15 DEBUG AbstractFlushingEventListener:130 - Processing flush-time cascades
2026-01-07 14:50:15 DEBUG AbstractFlushingEventListener:188 - Dirty checking collections
2026-01-07 14:50:15 DEBUG AbstractFlushingEventListener:105 - Flushed: 3 insertions, 0 updates, 0 deletions to 3 objects
2026-01-07 14:50:15 DEBUG AbstractFlushingEventListener:112 - Flushed: 0 (re)creations, 0 updates, 0 removals to 0 collections
2026-01-07 14:50:15 DEBUG EntityPrinter:102 - Listing entities:
2026-01-07 14:50:15 DEBUG EntityPrinter:113 - com.test.Cricketer{name=Rohit, jerseyNumber=45, id=2, type=Batsman}
2026-01-07 14:50:15 DEBUG EntityPrinter:113 - com.test.Player{name=Rohit, id=1}
2026-01-07 14:50:15 DEBUG EntityPrinter:113 - com.test.TennisPlayer{noOfMatches=100, wonMatches=90, name=Ayush, id=3}
2026-01-07 14:50:15 DEBUG SQL:130 - 
    insert 
    into
        player_1
        (name, id) 
    values
        (?, ?)
2026-01-07 14:50:15 DEBUG SQL:130 - 
    insert 
    into
        cricket
        (name, jerseyNumber, type, id) 
    values
        (?, ?, ?, ?)
2026-01-07 14:50:15 DEBUG SQL:130 - 
    insert 
    into
        tennis
        (name, noOfMatches, wonMatches, id) 
    values
        (?, ?, ?, ?)
2026-01-07 14:50:15 DEBUG JdbcEventHandler:127 - Aborting batches as part of ResourceRegistryStandardImpl#releaseResources
2026-01-07 14:50:15 DEBUG LogicalConnectionManagedImpl:182 - Initiating JDBC connection release from afterTransaction
2026-01-07 14:50:15 DEBUG JdbcEventHandler:127 - Aborting batches as part of ResourceRegistryStandardImpl#releaseResources
2026-01-07 14:50:15 DEBUG JdbcEventHandler:127 - Aborting batches as part of ResourceRegistryStandardImpl#releaseResources
2026-01-07 14:50:15 DEBUG LogicalConnectionManagedImpl:182 - Initiating JDBC connection release from afterTransaction
2026-01-07 14:50:15 DEBUG metrics:279 - HHH000401: Logging session metrics:
	21539300 ns acquiring 3 JDBC connections
	3058200 ns releasing 3 JDBC connections
	7595400 ns preparing 7 JDBC statements
	11046900 ns executing 7 JDBC statements
	0 ns executing 0 JDBC batches
	0 ns performing 0 second-level cache puts
	0 ns performing 0 second-level cache hits
	0 ns performing 0 second-level cache misses
	28753400 ns executing 1 flushes (flushing a total of 3 entities and 0 collections)
	0 ns executing 0 pre-partial-flushes
	0 ns executing 0 partial-flushes (flushing a total of 0 entities and 0 collections)

2026-01-07 14:50:15 DEBUG JdbcEventHandler:127 - Aborting batches as part of ResourceRegistryStandardImpl#releaseResources
2026-01-07 14:53:25 DEBUG IntegratorServiceImpl:49 - Adding Integrator [org.hibernate.boot.beanvalidation.BeanValidationIntegrator].
2026-01-07 14:53:25 DEBUG IntegratorServiceImpl:49 - Adding Integrator [org.hibernate.cache.internal.CollectionCacheInvalidator].
2026-01-07 14:53:25 INFO  Version:45 - HHH000412: Hibernate ORM core version 7.0.0.Final
2026-01-07 14:53:25 DEBUG Environment:162 - HHH000206: 'hibernate.properties' not found
2026-01-07 14:53:25 DEBUG LocalXmlResourceResolver:87 - Checking public/system identifiers `-//Hibernate/Hibernate Configuration DTD 3.0//EN`/`http://www.hibernate.org/dtd/hibernate-configuration-3.0.dtd` as DTD references
2026-01-07 14:53:25 DEBUG JaxbCfgProcessor:113 - cfg.xml document did not define namespaces; wrapping in custom event reader to introduce namespace information
2026-01-07 14:53:25 DEBUG Configuration:1104 - Building session factory using internal StandardServiceRegistryBuilder
2026-01-07 14:53:25 DEBUG Configuration:1005 - Building session factory using provided StandardServiceRegistry
2026-01-07 14:53:25 DEBUG RegionFactoryInitiator:117 - Cannot default RegionFactory based on registered strategies as `[]` RegionFactory strategies were registered
2026-01-07 14:53:25 DEBUG RegionFactoryInitiator:47 - HHH000026: Second-level cache disabled
2026-01-07 14:53:25 DEBUG BasicTypeRegistry:423 - Adding type registration boolean -> org.hibernate.type.BasicTypeReference@16afbd92
2026-01-07 14:53:25 DEBUG BasicTypeRegistry:423 - Adding type registration boolean -> org.hibernate.type.BasicTypeReference@16afbd92
2026-01-07 14:53:25 DEBUG BasicTypeRegistry:423 - Adding type registration java.lang.Boolean -> org.hibernate.type.BasicTypeReference@16afbd92
2026-01-07 14:53:25 DEBUG BasicTypeRegistry:423 - Adding type registration numeric_boolean -> org.hibernate.type.BasicTypeReference@2c5d601e
2026-01-07 14:53:25 DEBUG BasicTypeRegistry:423 - Adding type registration org.hibernate.type.NumericBooleanConverter -> org.hibernate.type.BasicTypeReference@2c5d601e
2026-01-07 14:53:25 DEBUG BasicTypeRegistry:423 - Adding type registration true_false -> org.hibernate.type.BasicTypeReference@7fe083b1
2026-01-07 14:53:25 DEBUG BasicTypeRegistry:423 - Adding type registration org.hibernate.type.TrueFalseConverter -> org.hibernate.type.BasicTypeReference@7fe083b1
2026-01-07 14:53:25 DEBUG BasicTypeRegistry:423 - Adding type registration yes_no -> org.hibernate.type.BasicTypeReference@23c388c2
2026-01-07 14:53:25 DEBUG BasicTypeRegistry:423 - Adding type registration org.hibernate.type.YesNoConverter -> org.hibernate.type.BasicTypeReference@23c388c2
2026-01-07 14:53:25 DEBUG BasicTypeRegistry:423 - Adding type registration byte -> org.hibernate.type.BasicTypeReference@486be205
2026-01-07 14:53:25 DEBUG BasicTypeRegistry:423 - Adding type registration byte -> org.hibernate.type.BasicTypeReference@486be205
2026-01-07 14:53:25 DEBUG BasicTypeRegistry:423 - Adding type registration java.lang.Byte -> org.hibernate.type.BasicTypeReference@486be205
2026-01-07 14:53:25 DEBUG BasicTypeRegistry:423 - Adding type registration binary -> org.hibernate.type.BasicTypeReference@f713686
2026-01-07 14:53:25 DEBUG BasicTypeRegistry:423 - Adding type registration byte[] -> org.hibernate.type.BasicTypeReference@f713686
2026-01-07 14:53:25 DEBUG BasicTypeRegistry:423 - Adding type registration [B -> org.hibernate.type.BasicTypeReference@f713686
2026-01-07 14:53:25 DEBUG BasicTypeRegistry:423 - Adding type registration binary_wrapper -> org.hibernate.type.BasicTypeReference@74f7d1d2
2026-01-07 14:53:25 DEBUG BasicTypeRegistry:423 - Adding type registration wrapper-binary -> org.hibernate.type.BasicTypeReference@74f7d1d2
2026-01-07 14:53:25 DEBUG BasicTypeRegistry:423 - Adding type registration image -> org.hibernate.type.BasicTypeReference@4b4dd216
2026-01-07 14:53:25 DEBUG BasicTypeRegistry:423 - Adding type registration blob -> org.hibernate.type.BasicTypeReference@5ca17ab0
2026-01-07 14:53:25 DEBUG BasicTypeRegistry:423 - Adding type registration java.sql.Blob -> org.hibernate.type.BasicTypeReference@5ca17ab0
2026-01-07 14:53:25 DEBUG BasicTypeRegistry:423 - Adding type registration materialized_blob -> org.hibernate.type.BasicTypeReference@5a62b2a4
2026-01-07 14:53:25 DEBUG BasicTypeRegistry:423 - Adding type registration materialized_blob_wrapper -> org.hibernate.type.BasicTypeReference@1051817b
2026-01-07 14:53:25 DEBUG BasicTypeRegistry:423 - Adding type registration short -> org.hibernate.type.BasicTypeReference@35293c05
2026-01-07 14:53:25 DEBUG BasicTypeRegistry:423 - Adding type registration short -> org.hibernate.type.BasicTypeReference@35293c05
2026-01-07 14:53:25 DEBUG BasicTypeRegistry:423 - Adding type registration java.lang.Short -> org.hibernate.type.BasicTypeReference@35293c05
2026-01-07 14:53:25 DEBUG BasicTypeRegistry:423 - Adding type registration integer -> org.hibernate.type.BasicTypeReference@620aa4ea
2026-01-07 14:53:25 DEBUG BasicTypeRegistry:423 - Adding type registration int -> org.hibernate.type.BasicTypeReference@620aa4ea
2026-01-07 14:53:25 DEBUG BasicTypeRegistry:423 - Adding type registration java.lang.Integer -> org.hibernate.type.BasicTypeReference@620aa4ea
2026-01-07 14:53:25 DEBUG BasicTypeRegistry:423 - Adding type registration long -> org.hibernate.type.BasicTypeReference@2db2dd9d
2026-01-07 14:53:25 DEBUG BasicTypeRegistry:423 - Adding type registration long -> org.hibernate.type.BasicTypeReference@2db2dd9d
2026-01-07 14:53:25 DEBUG BasicTypeRegistry:423 - Adding type registration java.lang.Long -> org.hibernate.type.BasicTypeReference@2db2dd9d
2026-01-07 14:53:25 DEBUG BasicTypeRegistry:423 - Adding type registration float -> org.hibernate.type.BasicTypeReference@3174cb09
2026-01-07 14:53:25 DEBUG BasicTypeRegistry:423 - Adding type registration float -> org.hibernate.type.BasicTypeReference@3174cb09
2026-01-07 14:53:25 DEBUG BasicTypeRegistry:423 - Adding type registration java.lang.Float -> org.hibernate.type.BasicTypeReference@3174cb09
2026-01-07 14:53:25 DEBUG BasicTypeRegistry:423 - Adding type registration double -> org.hibernate.type.BasicTypeReference@4d411036
2026-01-07 14:53:25 DEBUG BasicTypeRegistry:423 - Adding type registration double -> org.hibernate.type.BasicTypeReference@4d411036
2026-01-07 14:53:25 DEBUG BasicTypeRegistry:423 - Adding type registration java.lang.Double -> org.hibernate.type.BasicTypeReference@4d411036
2026-01-07 14:53:25 DEBUG BasicTypeRegistry:423 - Adding type registration big_integer -> org.hibernate.type.BasicTypeReference@7adbd080
2026-01-07 14:53:25 DEBUG BasicTypeRegistry:423 - Adding type registration java.math.BigInteger -> org.hibernate.type.BasicTypeReference@7adbd080
2026-01-07 14:53:25 DEBUG BasicTypeRegistry:423 - Adding type registration big_decimal -> org.hibernate.type.BasicTypeReference@41beb473
2026-01-07 14:53:25 DEBUG BasicTypeRegistry:423 - Adding type registration java.math.BigDecimal -> org.hibernate.type.BasicTypeReference@41beb473
2026-01-07 14:53:25 DEBUG BasicTypeRegistry:423 - Adding type registration character -> org.hibernate.type.BasicTypeReference@560513ce
2026-01-07 14:53:25 DEBUG BasicTypeRegistry:423 - Adding type registration char -> org.hibernate.type.BasicTypeReference@560513ce
2026-01-07 14:53:25 DEBUG BasicTypeRegistry:423 - Adding type registration java.lang.Character -> org.hibernate.type.BasicTypeReference@560513ce
2026-01-07 14:53:25 DEBUG BasicTypeRegistry:423 - Adding type registration character_nchar -> org.hibernate.type.BasicTypeReference@13006998
2026-01-07 14:53:25 DEBUG BasicTypeRegistry:423 - Adding type registration string -> org.hibernate.type.BasicTypeReference@37fbe4a8
2026-01-07 14:53:25 DEBUG BasicTypeRegistry:423 - Adding type registration java.lang.String -> org.hibernate.type.BasicTypeReference@37fbe4a8
2026-01-07 14:53:25 DEBUG BasicTypeRegistry:423 - Adding type registration nstring -> org.hibernate.type.BasicTypeReference@352c308
2026-01-07 14:53:25 DEBUG BasicTypeRegistry:423 - Adding type registration characters -> org.hibernate.type.BasicTypeReference@7d373bcf
2026-01-07 14:53:25 DEBUG BasicTypeRegistry:423 - Adding type registration char[] -> org.hibernate.type.BasicTypeReference@7d373bcf
2026-01-07 14:53:25 DEBUG BasicTypeRegistry:423 - Adding type registration [C -> org.hibernate.type.BasicTypeReference@7d373bcf
2026-01-07 14:53:25 DEBUG BasicTypeRegistry:423 - Adding type registration wrapper-characters -> org.hibernate.type.BasicTypeReference@6d6bc158
2026-01-07 14:53:25 DEBUG BasicTypeRegistry:423 - Adding type registration text -> org.hibernate.type.BasicTypeReference@5dda6f9
2026-01-07 14:53:25 DEBUG BasicTypeRegistry:423 - Adding type registration ntext -> org.hibernate.type.BasicTypeReference@10027fc9
2026-01-07 14:53:25 DEBUG BasicTypeRegistry:423 - Adding type registration clob -> org.hibernate.type.BasicTypeReference@54afd745
2026-01-07 14:53:25 DEBUG BasicTypeRegistry:423 - Adding type registration java.sql.Clob -> org.hibernate.type.BasicTypeReference@54afd745
2026-01-07 14:53:25 DEBUG BasicTypeRegistry:423 - Adding type registration nclob -> org.hibernate.type.BasicTypeReference@677dbd89
2026-01-07 14:53:25 DEBUG BasicTypeRegistry:423 - Adding type registration java.sql.NClob -> org.hibernate.type.BasicTypeReference@677dbd89
2026-01-07 14:53:25 DEBUG BasicTypeRegistry:423 - Adding type registration materialized_clob -> org.hibernate.type.BasicTypeReference@fff25f1
2026-01-07 14:53:25 DEBUG BasicTypeRegistry:423 - Adding type registration materialized_clob_char_array -> org.hibernate.type.BasicTypeReference@c00fff0
2026-01-07 14:53:25 DEBUG BasicTypeRegistry:423 - Adding type registration materialized_clob_character_array -> org.hibernate.type.BasicTypeReference@263f04ca
2026-01-07 14:53:25 DEBUG BasicTypeRegistry:423 - Adding type registration materialized_nclob -> org.hibernate.type.BasicTypeReference@2ca47471
2026-01-07 14:53:25 DEBUG BasicTypeRegistry:423 - Adding type registration materialized_nclob_character_array -> org.hibernate.type.BasicTypeReference@5a021cb9
2026-01-07 14:53:25 DEBUG BasicTypeRegistry:423 - Adding type registration materialized_nclob_char_array -> org.hibernate.type.BasicTypeReference@51768776
2026-01-07 14:53:25 DEBUG BasicTypeRegistry:423 - Adding type registration Duration -> org.hibernate.type.BasicTypeReference@f31c0c6
2026-01-07 14:53:25 DEBUG BasicTypeRegistry:423 - Adding type registration java.time.Duration -> org.hibernate.type.BasicTypeReference@f31c0c6
2026-01-07 14:53:25 DEBUG BasicTypeRegistry:423 - Adding type registration LocalDateTime -> org.hibernate.type.BasicTypeReference@b93aad
2026-01-07 14:53:25 DEBUG BasicTypeRegistry:423 - Adding type registration java.time.LocalDateTime -> org.hibernate.type.BasicTypeReference@b93aad
2026-01-07 14:53:25 DEBUG BasicTypeRegistry:423 - Adding type registration LocalDate -> org.hibernate.type.BasicTypeReference@4a9419d7
2026-01-07 14:53:25 DEBUG BasicTypeRegistry:423 - Adding type registration java.time.LocalDate -> org.hibernate.type.BasicTypeReference@4a9419d7
2026-01-07 14:53:25 DEBUG BasicTypeRegistry:423 - Adding type registration LocalTime -> org.hibernate.type.BasicTypeReference@2f3c6ac4
2026-01-07 14:53:25 DEBUG BasicTypeRegistry:423 - Adding type registration java.time.LocalTime -> org.hibernate.type.BasicTypeReference@2f3c6ac4
2026-01-07 14:53:25 DEBUG BasicTypeRegistry:423 - Adding type registration OffsetDateTime -> org.hibernate.type.BasicTypeReference@2e8ab815
2026-01-07 14:53:25 DEBUG BasicTypeRegistry:423 - Adding type registration java.time.OffsetDateTime -> org.hibernate.type.BasicTypeReference@2e8ab815
2026-01-07 14:53:25 DEBUG BasicTypeRegistry:423 - Adding type registration OffsetDateTimeWithTimezone -> org.hibernate.type.BasicTypeReference@67af833b
2026-01-07 14:53:25 DEBUG BasicTypeRegistry:423 - Adding type registration OffsetDateTimeWithoutTimezone -> org.hibernate.type.BasicTypeReference@d1f74b8
2026-01-07 14:53:25 DEBUG BasicTypeRegistry:423 - Adding type registration OffsetTime -> org.hibernate.type.BasicTypeReference@41394595
2026-01-07 14:53:25 DEBUG BasicTypeRegistry:423 - Adding type registration java.time.OffsetTime -> org.hibernate.type.BasicTypeReference@41394595
2026-01-07 14:53:25 DEBUG BasicTypeRegistry:423 - Adding type registration OffsetTimeUtc -> org.hibernate.type.BasicTypeReference@3a0807b7
2026-01-07 14:53:25 DEBUG BasicTypeRegistry:423 - Adding type registration OffsetTimeWithTimezone -> org.hibernate.type.BasicTypeReference@21a5fd96
2026-01-07 14:53:25 DEBUG BasicTypeRegistry:423 - Adding type registration OffsetTimeWithoutTimezone -> org.hibernate.type.BasicTypeReference@5769e7ae
2026-01-07 14:53:25 DEBUG BasicTypeRegistry:423 - Adding type registration ZonedDateTime -> org.hibernate.type.BasicTypeReference@5c77053b
2026-01-07 14:53:25 DEBUG BasicTypeRegistry:423 - Adding type registration java.time.ZonedDateTime -> org.hibernate.type.BasicTypeReference@5c77053b
2026-01-07 14:53:25 DEBUG BasicTypeRegistry:423 - Adding type registration ZonedDateTimeWithTimezone -> org.hibernate.type.BasicTypeReference@26b894bd
2026-01-07 14:53:25 DEBUG BasicTypeRegistry:423 - Adding type registration ZonedDateTimeWithoutTimezone -> org.hibernate.type.BasicTypeReference@287f94b1
2026-01-07 14:53:25 DEBUG BasicTypeRegistry:423 - Adding type registration date -> org.hibernate.type.BasicTypeReference@30b34287
2026-01-07 14:53:25 DEBUG BasicTypeRegistry:423 - Adding type registration java.sql.Date -> org.hibernate.type.BasicTypeReference@30b34287
2026-01-07 14:53:25 DEBUG BasicTypeRegistry:423 - Adding type registration time -> org.hibernate.type.BasicTypeReference@5489c777
2026-01-07 14:53:25 DEBUG BasicTypeRegistry:423 - Adding type registration java.sql.Time -> org.hibernate.type.BasicTypeReference@5489c777
2026-01-07 14:53:25 DEBUG BasicTypeRegistry:423 - Adding type registration timestamp -> org.hibernate.type.BasicTypeReference@3676ac27
2026-01-07 14:53:25 DEBUG BasicTypeRegistry:423 - Adding type registration java.sql.Timestamp -> org.hibernate.type.BasicTypeReference@3676ac27
2026-01-07 14:53:25 DEBUG BasicTypeRegistry:423 - Adding type registration java.util.Date -> org.hibernate.type.BasicTypeReference@3676ac27
2026-01-07 14:53:25 DEBUG BasicTypeRegistry:423 - Adding type registration calendar -> org.hibernate.type.BasicTypeReference@62f87c44
2026-01-07 14:53:25 DEBUG BasicTypeRegistry:423 - Adding type registration java.util.Calendar -> org.hibernate.type.BasicTypeReference@62f87c44
2026-01-07 14:53:25 DEBUG BasicTypeRegistry:423 - Adding type registration java.util.GregorianCalendar -> org.hibernate.type.BasicTypeReference@62f87c44
2026-01-07 14:53:25 DEBUG BasicTypeRegistry:423 - Adding type registration calendar_date -> org.hibernate.type.BasicTypeReference@48f5bde6
2026-01-07 14:53:25 DEBUG BasicTypeRegistry:423 - Adding type registration calendar_time -> org.hibernate.type.BasicTypeReference@525d79f0
2026-01-07 14:53:25 DEBUG BasicTypeRegistry:423 - Adding type registration instant -> org.hibernate.type.BasicTypeReference@5149f008
2026-01-07 14:53:25 DEBUG BasicTypeRegistry:423 - Adding type registration java.time.Instant -> org.hibernate.type.BasicTypeReference@5149f008
2026-01-07 14:53:25 DEBUG BasicTypeRegistry:423 - Adding type registration uuid -> org.hibernate.type.BasicTypeReference@7072bc39
2026-01-07 14:53:25 DEBUG BasicTypeRegistry:423 - Adding type registration java.util.UUID -> org.hibernate.type.BasicTypeReference@7072bc39
2026-01-07 14:53:25 DEBUG BasicTypeRegistry:423 - Adding type registration pg-uuid -> org.hibernate.type.BasicTypeReference@7072bc39
2026-01-07 14:53:25 DEBUG BasicTypeRegistry:423 - Adding type registration uuid-binary -> org.hibernate.type.BasicTypeReference@158d255c
2026-01-07 14:53:25 DEBUG BasicTypeRegistry:423 - Adding type registration uuid-char -> org.hibernate.type.BasicTypeReference@2ca65ce4
2026-01-07 14:53:25 DEBUG BasicTypeRegistry:423 - Adding type registration class -> org.hibernate.type.BasicTypeReference@327120c8
2026-01-07 14:53:25 DEBUG BasicTypeRegistry:423 - Adding type registration java.lang.Class -> org.hibernate.type.BasicTypeReference@327120c8
2026-01-07 14:53:25 DEBUG BasicTypeRegistry:423 - Adding type registration currency -> org.hibernate.type.BasicTypeReference@5707c1cb
2026-01-07 14:53:25 DEBUG BasicTypeRegistry:423 - Adding type registration Currency -> org.hibernate.type.BasicTypeReference@5707c1cb
2026-01-07 14:53:25 DEBUG BasicTypeRegistry:423 - Adding type registration java.util.Currency -> org.hibernate.type.BasicTypeReference@5707c1cb
2026-01-07 14:53:25 DEBUG BasicTypeRegistry:423 - Adding type registration locale -> org.hibernate.type.BasicTypeReference@2b5cb9b2
2026-01-07 14:53:25 DEBUG BasicTypeRegistry:423 - Adding type registration java.util.Locale -> org.hibernate.type.BasicTypeReference@2b5cb9b2
2026-01-07 14:53:25 DEBUG BasicTypeRegistry:423 - Adding type registration serializable -> org.hibernate.type.BasicTypeReference@35038141
2026-01-07 14:53:25 DEBUG BasicTypeRegistry:423 - Adding type registration java.io.Serializable -> org.hibernate.type.BasicTypeReference@35038141
2026-01-07 14:53:25 DEBUG BasicTypeRegistry:423 - Adding type registration timezone -> org.hibernate.type.BasicTypeReference@ecf9049
2026-01-07 14:53:25 DEBUG BasicTypeRegistry:423 - Adding type registration java.util.TimeZone -> org.hibernate.type.BasicTypeReference@ecf9049
2026-01-07 14:53:25 DEBUG BasicTypeRegistry:423 - Adding type registration ZoneOffset -> org.hibernate.type.BasicTypeReference@672f11c2
2026-01-07 14:53:25 DEBUG BasicTypeRegistry:423 - Adding type registration java.time.ZoneOffset -> org.hibernate.type.BasicTypeReference@672f11c2
2026-01-07 14:53:25 DEBUG BasicTypeRegistry:423 - Adding type registration url -> org.hibernate.type.BasicTypeReference@2970a5bc
2026-01-07 14:53:25 DEBUG BasicTypeRegistry:423 - Adding type registration java.net.URL -> org.hibernate.type.BasicTypeReference@2970a5bc
2026-01-07 14:53:25 DEBUG BasicTypeRegistry:423 - Adding type registration vector -> org.hibernate.type.BasicTypeReference@50305a
2026-01-07 14:53:25 DEBUG BasicTypeRegistry:423 - Adding type registration float_vector -> org.hibernate.type.BasicTypeReference@72efb5c1
2026-01-07 14:53:25 DEBUG BasicTypeRegistry:423 - Adding type registration double_vector -> org.hibernate.type.BasicTypeReference@6d511b5f
2026-01-07 14:53:25 DEBUG BasicTypeRegistry:423 - Adding type registration byte_vector -> org.hibernate.type.BasicTypeReference@41200e0c
2026-01-07 14:53:25 DEBUG BasicTypeRegistry:423 - Adding type registration row_version -> org.hibernate.type.BasicTypeReference@40f33492
2026-01-07 14:53:25 DEBUG BasicTypeRegistry:398 - Adding type registration object -> org.hibernate.type.JavaObjectType@f8908f6
2026-01-07 14:53:25 DEBUG BasicTypeRegistry:398 - Adding type registration java.lang.Object -> org.hibernate.type.JavaObjectType@f8908f6
2026-01-07 14:53:25 DEBUG BasicTypeRegistry:398 - Adding type registration null -> org.hibernate.type.NullType@4fdfa676
2026-01-07 14:53:25 DEBUG BasicTypeRegistry:423 - Adding type registration imm_date -> org.hibernate.type.BasicTypeReference@82c57b3
2026-01-07 14:53:25 DEBUG BasicTypeRegistry:423 - Adding type registration imm_time -> org.hibernate.type.BasicTypeReference@5be82d43
2026-01-07 14:53:25 DEBUG BasicTypeRegistry:423 - Adding type registration imm_timestamp -> org.hibernate.type.BasicTypeReference@600b0b7
2026-01-07 14:53:25 DEBUG BasicTypeRegistry:423 - Adding type registration imm_calendar -> org.hibernate.type.BasicTypeReference@345e5a17
2026-01-07 14:53:25 DEBUG BasicTypeRegistry:423 - Adding type registration imm_calendar_date -> org.hibernate.type.BasicTypeReference@5ea502e0
2026-01-07 14:53:25 DEBUG BasicTypeRegistry:423 - Adding type registration imm_calendar_time -> org.hibernate.type.BasicTypeReference@443dbe42
2026-01-07 14:53:25 DEBUG BasicTypeRegistry:423 - Adding type registration imm_binary -> org.hibernate.type.BasicTypeReference@473b3b7a
2026-01-07 14:53:25 DEBUG BasicTypeRegistry:423 - Adding type registration imm_serializable -> org.hibernate.type.BasicTypeReference@1734f68
2026-01-07 14:53:25 WARN  pooling:84 - HHH10001002: Using built-in connection pool (not intended for production use)
2026-01-07 14:53:25 DEBUG pooling:383 - Initializing Connection pool with 1 Connections
2026-01-07 14:53:26 DEBUG JdbcEnvironmentInitiator:432 - Database ->
	   name : MySQL
	version : 8.0.42
	  major : 8
	  minor : 0
2026-01-07 14:53:26 DEBUG JdbcEnvironmentInitiator:443 - Driver ->
	   name : MySQL Connector/J
	version : mysql-connector-j-8.0.33 (Revision: 7d6b0800528b6b25c68b52dc10d6c1c8429c100c)
	  major : 8
	  minor : 0
2026-01-07 14:53:26 DEBUG JdbcEnvironmentInitiator:388 - JDBC version : 4.2
2026-01-07 14:53:26 WARN  deprecation:152 - HHH90000025: MySQLDialect does not need to be specified explicitly using 'hibernate.dialect' (remove the property setting and it will be selected by default)
2026-01-07 14:53:26 DEBUG dialect:93 - HHH035001: Using dialect: org.hibernate.dialect.MySQLDialect, version: 8.0.42
2026-01-07 14:53:26 DEBUG IdentifierHelperBuilder:115 - JDBC driver metadata reported database stores quoted identifiers in more than one case
2026-01-07 14:53:26 DEBUG IdentifierHelperBuilder:208 - IdentifierCaseStrategy for both quoted and unquoted identifiers was set to the same strategy [LOWER]; that will likely lead to problems in schema update and validation if using quoted identifiers
2026-01-07 14:53:26 INFO  pooling:182 - HHH10001005: Database info:
	Database JDBC URL [jdbc:mysql://localhost:3306/mladec]
	Database driver: com.mysql.jdbc.Driver
	Database version: 8.0.42
	Autocommit mode: false
	Isolation level: undefined/unknown
	Pool: DriverManagerConnectionProviderImpl
	Minimum pool size: 1
	Maximum pool size: 20
2026-01-07 14:53:26 DEBUG DdlTypeRegistry:62 - addDescriptor(12, org.hibernate.type.descriptor.sql.internal.CapacityDependentDdlType@a50d709) replaced previous registration(org.hibernate.type.descriptor.sql.internal.CapacityDependentDdlType@5ed4bc)
2026-01-07 14:53:26 DEBUG DdlTypeRegistry:62 - addDescriptor(-9, org.hibernate.type.descriptor.sql.internal.CapacityDependentDdlType@6920b0bc) replaced previous registration(org.hibernate.type.descriptor.sql.internal.CapacityDependentDdlType@65f651eb)
2026-01-07 14:53:26 DEBUG DdlTypeRegistry:62 - addDescriptor(-3, org.hibernate.type.descriptor.sql.internal.CapacityDependentDdlType@69923ac3) replaced previous registration(org.hibernate.type.descriptor.sql.internal.CapacityDependentDdlType@1f1ff879)
2026-01-07 14:53:26 DEBUG DdlTypeRegistry:62 - addDescriptor(4003, org.hibernate.type.descriptor.sql.internal.DdlTypeImpl@73d60e76) replaced previous registration(org.hibernate.type.descriptor.sql.internal.DdlTypeImpl@24f870ee)
2026-01-07 14:53:26 DEBUG DdlTypeRegistry:62 - addDescriptor(4001, org.hibernate.type.descriptor.sql.internal.DdlTypeImpl@5c441290) replaced previous registration(org.hibernate.type.descriptor.sql.internal.DdlTypeImpl@3c78e551)
2026-01-07 14:53:26 DEBUG DdlTypeRegistry:62 - addDescriptor(4002, org.hibernate.type.descriptor.sql.internal.DdlTypeImpl@7f1ef916) replaced previous registration(org.hibernate.type.descriptor.sql.internal.DdlTypeImpl@1886991b)
2026-01-07 14:53:26 DEBUG DdlTypeRegistry:62 - addDescriptor(2004, org.hibernate.type.descriptor.sql.internal.CapacityDependentDdlType@64aad809) replaced previous registration(org.hibernate.type.descriptor.sql.internal.DdlTypeImpl@1f03fba0)
2026-01-07 14:53:26 DEBUG DdlTypeRegistry:62 - addDescriptor(2005, org.hibernate.type.descriptor.sql.internal.CapacityDependentDdlType@17dd671f) replaced previous registration(org.hibernate.type.descriptor.sql.internal.DdlTypeImpl@3bbf6abe)
2026-01-07 14:53:26 DEBUG DdlTypeRegistry:62 - addDescriptor(2011, org.hibernate.type.descriptor.sql.internal.CapacityDependentDdlType@9679750) replaced previous registration(org.hibernate.type.descriptor.sql.internal.DdlTypeImpl@9b9a327)
2026-01-07 14:53:26 DEBUG JdbcTypeRegistry:73 - addDescriptor(NCharTypeDescriptor) replaced previous registration(CharTypeDescriptor)
2026-01-07 14:53:26 DEBUG JdbcTypeRegistry:73 - addDescriptor(NVarcharTypeDescriptor) replaced previous registration(VarcharTypeDescriptor)
2026-01-07 14:53:26 DEBUG JdbcTypeRegistry:73 - addDescriptor(LongNVarcharTypeDescriptor) replaced previous registration(LongVarcharTypeDescriptor)
2026-01-07 14:53:26 DEBUG JdbcTypeRegistry:73 - addDescriptor(NClobTypeDescriptor(DEFAULT)) replaced previous registration(ClobTypeDescriptor(DEFAULT))
2026-01-07 14:53:26 DEBUG BasicTypeRegistry:398 - Adding type registration null -> org.hibernate.type.NullType@514de325
2026-01-07 14:53:26 DEBUG BasicTypeRegistry:402 - Type registration key [null] overrode previous entry : `org.hibernate.type.NullType@4fdfa676`
2026-01-07 14:53:26 DEBUG BasicTypeRegistry:398 - Adding type registration org.hibernate.type.DurationType -> basicType@1(java.time.Duration,3015)
2026-01-07 14:53:26 DEBUG BasicTypeRegistry:398 - Adding type registration Duration -> basicType@1(java.time.Duration,3015)
2026-01-07 14:53:26 DEBUG BasicTypeRegistry:398 - Adding type registration java.time.Duration -> basicType@1(java.time.Duration,3015)
2026-01-07 14:53:26 DEBUG BasicTypeRegistry:398 - Adding type registration org.hibernate.type.OffsetDateTimeType -> basicType@2(java.time.OffsetDateTime,3003)
2026-01-07 14:53:26 DEBUG BasicTypeRegistry:398 - Adding type registration OffsetDateTime -> basicType@2(java.time.OffsetDateTime,3003)
2026-01-07 14:53:26 DEBUG BasicTypeRegistry:398 - Adding type registration java.time.OffsetDateTime -> basicType@2(java.time.OffsetDateTime,3003)
2026-01-07 14:53:26 DEBUG BasicTypeRegistry:398 - Adding type registration org.hibernate.type.ZonedDateTimeType -> basicType@3(java.time.ZonedDateTime,3003)
2026-01-07 14:53:26 DEBUG BasicTypeRegistry:398 - Adding type registration ZonedDateTime -> basicType@3(java.time.ZonedDateTime,3003)
2026-01-07 14:53:26 DEBUG BasicTypeRegistry:398 - Adding type registration java.time.ZonedDateTime -> basicType@3(java.time.ZonedDateTime,3003)
2026-01-07 14:53:26 DEBUG BasicTypeRegistry:398 - Adding type registration org.hibernate.type.OffsetTimeType -> basicType@4(java.time.OffsetTime,3007)
2026-01-07 14:53:26 DEBUG BasicTypeRegistry:398 - Adding type registration OffsetTime -> basicType@4(java.time.OffsetTime,3007)
2026-01-07 14:53:26 DEBUG BasicTypeRegistry:398 - Adding type registration java.time.OffsetTime -> basicType@4(java.time.OffsetTime,3007)
2026-01-07 14:53:26 DEBUG TypeConfiguration$Scope:197 - Scoping TypeConfiguration [org.hibernate.type.spi.TypeConfiguration@672a1c62] to MetadataBuildingContext [org.hibernate.boot.internal.MetadataBuildingContextRootImpl@459b6c53]
2026-01-07 14:53:26 DEBUG Namespace:62 - Created database namespace [logicalName=Name[catalog=null, schema=null], physicalName=Name[catalog=null, schema=null]]
2026-01-07 14:53:26 DEBUG EntityBinder:183 - Binding entity from annotated class: com.test.Player
2026-01-07 14:53:26 DEBUG AnnotatedColumn:278 - Binding column: null
2026-01-07 14:53:26 DEBUG BasicValue:292 - Skipping column re-registration: player_1.id
2026-01-07 14:53:26 DEBUG AnnotatedColumn:278 - Binding column: null
2026-01-07 14:53:26 DEBUG BasicValue:292 - Skipping column re-registration: player_1.name
2026-01-07 14:53:26 DEBUG EntityBinder:183 - Binding entity from annotated class: com.test.Cricketer
2026-01-07 14:53:26 DEBUG AnnotatedColumn:278 - Binding column: id
2026-01-07 14:53:26 DEBUG AnnotatedColumn:278 - Binding column: null
2026-01-07 14:53:26 DEBUG BasicValue:292 - Skipping column re-registration: cricket.jerseyNumber
2026-01-07 14:53:26 DEBUG AnnotatedColumn:278 - Binding column: null
2026-01-07 14:53:26 DEBUG BasicValue:292 - Skipping column re-registration: cricket.type
2026-01-07 14:53:26 DEBUG EntityBinder:183 - Binding entity from annotated class: com.test.TennisPlayer
2026-01-07 14:53:26 DEBUG AnnotatedColumn:278 - Binding column: id
2026-01-07 14:53:26 DEBUG AnnotatedColumn:278 - Binding column: null
2026-01-07 14:53:26 DEBUG BasicValue:292 - Skipping column re-registration: tennis.noOfMatches
2026-01-07 14:53:26 DEBUG AnnotatedColumn:278 - Binding column: null
2026-01-07 14:53:26 DEBUG BasicValue:292 - Skipping column re-registration: tennis.wonMatches
2026-01-07 14:53:26 DEBUG SessionFactoryImpl:230 - Building session factory
2026-01-07 14:53:26 DEBUG ClassLoaderAccessImpl:58 - Not known whether passed class name [com.test.Cricketer] is safe
2026-01-07 14:53:26 DEBUG ClassLoaderAccessImpl:60 - No temp ClassLoader provided; using live ClassLoader for loading potentially unsafe class : com.test.Cricketer
2026-01-07 14:53:26 DEBUG ClassLoaderAccessImpl:58 - Not known whether passed class name [com.test.TennisPlayer] is safe
2026-01-07 14:53:26 DEBUG ClassLoaderAccessImpl:60 - No temp ClassLoader provided; using live ClassLoader for loading potentially unsafe class : com.test.TennisPlayer
2026-01-07 14:53:26 DEBUG ClassLoaderAccessImpl:58 - Not known whether passed class name [com.test.Player] is safe
2026-01-07 14:53:26 DEBUG ClassLoaderAccessImpl:60 - No temp ClassLoader provided; using live ClassLoader for loading potentially unsafe class : com.test.Player
2026-01-07 14:53:26 DEBUG SessionFactoryServiceRegistryImpl:103 - EventListenerRegistry access via ServiceRegistry is deprecated.  Use `sessionFactory.getEventEngine().getListenerRegistry()` instead
2026-01-07 14:53:26 DEBUG SessionFactoryImpl:249 - HHH000030: Instantiating factory with settings: {hibernate.format_sql=true, java.specification.version=21, sun.cpu.isalist=amd64, sun.jnu.encoding=Cp1252, hibernate.dialect=org.hibernate.dialect.MySQLDialect, java.class.path=C:\Users\shubham.varma1\Desktop\mla256\HibernateExp2\target\classes;C:\Users\shubham.varma1\.m2\repository\org\hibernate\orm\hibernate-core\7.0.0.Final\hibernate-core-7.0.0.Final.jar;C:\Users\shubham.varma1\.m2\repository\jakarta\persistence\jakarta.persistence-api\3.2.0\jakarta.persistence-api-3.2.0.jar;C:\Users\shubham.varma1\.m2\repository\jakarta\transaction\jakarta.transaction-api\2.0.1\jakarta.transaction-api-2.0.1.jar;C:\Users\shubham.varma1\.m2\repository\org\jboss\logging\jboss-logging\3.6.1.Final\jboss-logging-3.6.1.Final.jar;C:\Users\shubham.varma1\.m2\repository\org\hibernate\models\hibernate-models\1.0.0.CR3\hibernate-models-1.0.0.CR3.jar;C:\Users\shubham.varma1\.m2\repository\com\fasterxml\classmate\1.7.0\classmate-1.7.0.jar;C:\Users\shubham.varma1\.m2\repository\net\bytebuddy\byte-buddy\1.15.11\byte-buddy-1.15.11.jar;C:\Users\shubham.varma1\.m2\repository\jakarta\xml\bind\jakarta.xml.bind-api\4.0.2\jakarta.xml.bind-api-4.0.2.jar;C:\Users\shubham.varma1\.m2\repository\jakarta\activation\jakarta.activation-api\2.1.3\jakarta.activation-api-2.1.3.jar;C:\Users\shubham.varma1\.m2\repository\org\glassfish\jaxb\jaxb-runtime\4.0.5\jaxb-runtime-4.0.5.jar;C:\Users\shubham.varma1\.m2\repository\org\glassfish\jaxb\jaxb-core\4.0.5\jaxb-core-4.0.5.jar;C:\Users\shubham.varma1\.m2\repository\org\eclipse\angus\angus-activation\2.0.2\angus-activation-2.0.2.jar;C:\Users\shubham.varma1\.m2\repository\org\glassfish\jaxb\txw2\4.0.5\txw2-4.0.5.jar;C:\Users\shubham.varma1\.m2\repository\com\sun\istack\istack-commons-runtime\4.1.2\istack-commons-runtime-4.1.2.jar;C:\Users\shubham.varma1\.m2\repository\jakarta\inject\jakarta.inject-api\2.0.1\jakarta.inject-api-2.0.1.jar;C:\Users\shubham.varma1\.m2\repository\org\antlr\antlr4-runtime\4.13.2\antlr4-runtime-4.13.2.jar;C:\Users\shubham.varma1\.m2\repository\com\mysql\mysql-connector-j\8.0.33\mysql-connector-j-8.0.33.jar;C:\Users\shubham.varma1\.m2\repository\com\google\protobuf\protobuf-java\3.21.9\protobuf-java-3.21.9.jar;C:\Users\shubham.varma1\.m2\repository\org\apache\logging\log4j\log4j-core\2.17.1\log4j-core-2.17.1.jar;C:\Users\shubham.varma1\.m2\repository\org\apache\logging\log4j\log4j-api\2.17.1\log4j-api-2.17.1.jar;C:\Users\shubham.varma1\.m2\repository\org\apache\logging\log4j\log4j-slf4j-impl\2.17.1\log4j-slf4j-impl-2.17.1.jar;C:\Users\shubham.varma1\.m2\repository\org\slf4j\slf4j-api\1.7.25\slf4j-api-1.7.25.jar, java.vm.vendor=Microsoft, sun.arch.data.model=64, hbm2ddl.auto=create, user.variant=, java.vendor.url=https://www.microsoft.com, user.timezone=Asia/Calcutta, java.vm.specification.version=21, os.name=Windows 11, sun.java.launcher=SUN_STANDARD, user.country=US, sun.boot.library.path=C:\Program Files\Microsoft\jdk-21.0.7.6-hotspot\bin, sun.java.command=com.test.StoredData, jdk.debug=release, sun.cpu.endian=little, user.home=C:\Users\shubham.varma1, user.language=en, java.specification.vendor=Oracle Corporation, java.version.date=2025-04-15, java.home=C:\Program Files\Microsoft\jdk-21.0.7.6-hotspot, file.separator=\, java.vm.compressedOopsMode=Zero based, line.separator=
, java.vm.specification.vendor=Oracle Corporation, java.specification.name=Java Platform API Specification, hibernate.hbm2ddl.auto=create, user.script=, sun.management.compiler=HotSpot 64-Bit Tiered Compilers, java.runtime.version=21.0.7+6-LTS, user.name=shubham.varma1, stdout.encoding=UTF-8, path.separator=;, hibernate.connection.username=****, os.version=10.0, java.runtime.name=OpenJDK Runtime Environment, hibernate.connection.url=jdbc:mysql://localhost:3306/mladec, file.encoding=UTF-8, format_sql=true, java.vm.name=OpenJDK 64-Bit Server VM, hibernate.show_sql=true, java.vendor.version=Microsoft-11369940, show_sql=true, hibernate.connection.driver_class=com.mysql.jdbc.Driver, java.vendor.url.bug=https://github.com/microsoft/openjdk/issues, java.io.tmpdir=C:\Users\SHUBHA~1.VAR\AppData\Local\Temp\, java.version=21.0.7, user.dir=C:\Users\shubham.varma1\Desktop\mla256\HibernateExp2, os.arch=amd64, java.vm.specification.name=Java Virtual Machine Specification, hibernate.connection.password=****, sun.os.patch.level=, hibernate.boot.CfgXmlAccessService.key=org.hibernate.boot.cfgxml.spi.LoadedConfig@110e9982, native.encoding=Cp1252, java.library.path=C:\Program Files\Microsoft\jdk-21.0.7.6-hotspot\bin;C:\WINDOWS\Sun\Java\bin;C:\WINDOWS\system32;C:\WINDOWS;C:/Users/shubham.varma1/Downloads/sts-5.0.1.RELEASE//plugins/org.eclipse.justj.openjdk.hotspot.jre.full.win32.x86_64_25.0.1.v20251108-1451/jre/bin/server;C:/Users/shubham.varma1/Downloads/sts-5.0.1.RELEASE//plugins/org.eclipse.justj.openjdk.hotspot.jre.full.win32.x86_64_25.0.1.v20251108-1451/jre/bin;C:\Program Files\Microsoft\jdk-21.0.7.6-hotspot\bin;C:\Program Files\Microsoft\jdk-17.0.15.6-hotspot\bin;C:\Program Files\Python313\Scripts\;C:\Program Files\Python313\;C:\Program Files\Microsoft\jdk-11.0.23.9-hotspot\bin;C:\WINDOWS\system32;C:\WINDOWS;C:\WINDOWS\System32\Wbem;C:\WINDOWS\System32\WindowsPowerShell\v1.0\;C:\WINDOWS\System32\OpenSSH\;C:\Program Files (x86)\Microsoft SQL Server\160\Tools\Binn\;C:\Program Files\Microsoft SQL Server\160\Tools\Binn\;C:\Program Files\Microsoft SQL Server\Client SDK\ODBC\170\Tools\Binn\;C:\Program Files\Microsoft SQL Server\160\DTS\Binn\;C:\Program Files (x86)\Microsoft SQL Server\160\DTS\Binn\;C:\Program Files\PuTTY\;C:\Program Files\apache-maven-3.9.10\bin;C:\Program Files\nodejs\;C:\Program Files\dotnet\;C:\Program Files\Microsoft VS Code\bin;C:\Program Files\Git\cmd;C:\Users\shubham.varma1\AppData\Local\Microsoft\WindowsApps;C:\Users\shubham.varma1\AppData\Local\GitHubDesktop\bin;C:\Users\shubham.varma1\Downloads\sts-5.0.1.RELEASE;;., stderr.encoding=UTF-8, java.vendor=Microsoft, java.vm.info=mixed mode, sharing, java.vm.version=21.0.7+6-LTS, sun.io.unicode.encoding=UnicodeLittle, java.class.version=65.0}
2026-01-07 14:53:26 DEBUG SqmFunctionRegistry:128 - Registered SqmFunctionTemplate [NamedSqmFunctionTemplate(max)] under max; prior registration was null
2026-01-07 14:53:26 DEBUG SqmFunctionRegistry:128 - Registered SqmFunctionTemplate [NamedSqmFunctionTemplate(min)] under min; prior registration was null
2026-01-07 14:53:26 DEBUG SqmFunctionRegistry:128 - Registered SqmFunctionTemplate [NamedSqmFunctionTemplate(sum)] under sum; prior registration was null
2026-01-07 14:53:26 DEBUG SqmFunctionRegistry:128 - Registered SqmFunctionTemplate [NamedSqmFunctionTemplate(avg)] under avg; prior registration was null
2026-01-07 14:53:26 DEBUG SqmFunctionRegistry:128 - Registered SqmFunctionTemplate [org.hibernate.dialect.function.CountFunction@79ecc507] under count; prior registration was null
2026-01-07 14:53:26 DEBUG SqmFunctionRegistry:128 - Registered SqmFunctionTemplate [org.hibernate.dialect.function.EveryAnyEmulation@26e8ff8c] under every; prior registration was null
2026-01-07 14:53:26 DEBUG SqmFunctionRegistry:128 - Registered SqmFunctionTemplate [org.hibernate.dialect.function.EveryAnyEmulation@5aa76ad2] under any; prior registration was null
2026-01-07 14:53:26 DEBUG SqmFunctionRegistry:128 - Registered SqmFunctionTemplate [NamedSqmFunctionTemplate(floor)] under floor; prior registration was null
2026-01-07 14:53:26 DEBUG SqmFunctionRegistry:128 - Registered SqmFunctionTemplate [NamedSqmFunctionTemplate(ceiling)] under ceiling; prior registration was null
2026-01-07 14:53:26 DEBUG SqmFunctionRegistry:128 - Registered SqmFunctionTemplate [NamedSqmFunctionTemplate(mod)] under mod; prior registration was null
2026-01-07 14:53:26 DEBUG SqmFunctionRegistry:128 - Registered SqmFunctionTemplate [NamedSqmFunctionTemplate(abs)] under abs; prior registration was null
2026-01-07 14:53:26 DEBUG SqmFunctionRegistry:128 - Registered SqmFunctionTemplate [NamedSqmFunctionTemplate(sign)] under sign; prior registration was null
2026-01-07 14:53:26 DEBUG SqmFunctionRegistry:128 - Registered SqmFunctionTemplate [NamedSqmFunctionTemplate(sqrt)] under sqrt; prior registration was null
2026-01-07 14:53:26 DEBUG SqmFunctionRegistry:128 - Registered SqmFunctionTemplate [NamedSqmFunctionTemplate(ln)] under ln; prior registration was null
2026-01-07 14:53:26 DEBUG SqmFunctionRegistry:128 - Registered SqmFunctionTemplate [NamedSqmFunctionTemplate(exp)] under exp; prior registration was null
2026-01-07 14:53:26 DEBUG SqmFunctionRegistry:128 - Registered SqmFunctionTemplate [NamedSqmFunctionTemplate(power)] under power; prior registration was null
2026-01-07 14:53:26 DEBUG SqmFunctionRegistry:128 - Registered SqmFunctionTemplate [NamedSqmFunctionTemplate(round)] under round; prior registration was null
2026-01-07 14:53:26 DEBUG SqmFunctionRegistry:128 - Registered SqmFunctionTemplate [NamedSqmFunctionTemplate(sin)] under sin; prior registration was null
2026-01-07 14:53:26 DEBUG SqmFunctionRegistry:128 - Registered SqmFunctionTemplate [NamedSqmFunctionTemplate(cos)] under cos; prior registration was null
2026-01-07 14:53:26 DEBUG SqmFunctionRegistry:128 - Registered SqmFunctionTemplate [NamedSqmFunctionTemplate(tan)] under tan; prior registration was null
2026-01-07 14:53:26 DEBUG SqmFunctionRegistry:128 - Registered SqmFunctionTemplate [NamedSqmFunctionTemplate(asin)] under asin; prior registration was null
2026-01-07 14:53:26 DEBUG SqmFunctionRegistry:128 - Registered SqmFunctionTemplate [NamedSqmFunctionTemplate(acos)] under acos; prior registration was null
2026-01-07 14:53:26 DEBUG SqmFunctionRegistry:128 - Registered SqmFunctionTemplate [NamedSqmFunctionTemplate(atan)] under atan; prior registration was null
2026-01-07 14:53:26 DEBUG SqmFunctionRegistry:128 - Registered SqmFunctionTemplate [NamedSqmFunctionTemplate(atan2)] under atan2; prior registration was null
2026-01-07 14:53:26 DEBUG SqmFunctionRegistry:128 - Registered SqmFunctionTemplate [org.hibernate.query.sqm.function.PatternBasedSqmFunctionDescriptor@3db65c0d] under sinh; prior registration was null
2026-01-07 14:53:26 DEBUG SqmFunctionRegistry:128 - Registered SqmFunctionTemplate [org.hibernate.query.sqm.function.PatternBasedSqmFunctionDescriptor@1edccfd4] under cosh; prior registration was null
2026-01-07 14:53:26 DEBUG SqmFunctionRegistry:128 - Registered SqmFunctionTemplate [org.hibernate.query.sqm.function.PatternBasedSqmFunctionDescriptor@8c43966] under tanh; prior registration was null
2026-01-07 14:53:26 DEBUG SqmFunctionRegistry:128 - Registered SqmFunctionTemplate [org.hibernate.query.sqm.function.PatternBasedSqmFunctionDescriptor@1efac5b9] under pi; prior registration was null
2026-01-07 14:53:26 DEBUG SqmFunctionRegistry:128 - Registered SqmFunctionTemplate [org.hibernate.query.sqm.function.PatternBasedSqmFunctionDescriptor@11a3a45f] under log; prior registration was null
2026-01-07 14:53:26 DEBUG SqmFunctionRegistry:128 - Registered SqmFunctionTemplate [NamedSqmFunctionTemplate(coalesce)] under coalesce; prior registration was null
2026-01-07 14:53:26 DEBUG SqmFunctionRegistry:128 - Registered SqmFunctionTemplate [NamedSqmFunctionTemplate(nullif)] under nullif; prior registration was null
2026-01-07 14:53:26 DEBUG SqmFunctionRegistry:128 - Registered SqmFunctionTemplate [NamedSqmFunctionTemplate(left)] under left; prior registration was null
2026-01-07 14:53:26 DEBUG SqmFunctionRegistry:128 - Registered SqmFunctionTemplate [NamedSqmFunctionTemplate(right)] under right; prior registration was null
2026-01-07 14:53:26 DEBUG SqmFunctionRegistry:128 - Registered SqmFunctionTemplate [NamedSqmFunctionTemplate(replace)] under replace; prior registration was null
2026-01-07 14:53:26 DEBUG SqmFunctionRegistry:128 - Registered SqmFunctionTemplate [NamedSqmFunctionTemplate(concat)] under concat; prior registration was null
2026-01-07 14:53:26 DEBUG SqmFunctionRegistry:128 - Registered SqmFunctionTemplate [NamedSqmFunctionTemplate(lower)] under lower; prior registration was null
2026-01-07 14:53:26 DEBUG SqmFunctionRegistry:128 - Registered SqmFunctionTemplate [NamedSqmFunctionTemplate(upper)] under upper; prior registration was null
2026-01-07 14:53:26 DEBUG SqmFunctionRegistry:128 - Registered SqmFunctionTemplate [NamedSqmFunctionTemplate(substring)] under substring; prior registration was null
2026-01-07 14:53:26 DEBUG SqmFunctionRegistry:128 - Registered SqmFunctionTemplate [NamedSqmFunctionTemplate(locate)] under locate; prior registration was null
2026-01-07 14:53:26 DEBUG SqmFunctionRegistry:128 - Registered SqmFunctionTemplate [NamedSqmFunctionTemplate(character_length)] under character_length; prior registration was null
2026-01-07 14:53:26 DEBUG SqmFunctionRegistry:392 - Registering alternate key : length -> character_length
2026-01-07 14:53:26 DEBUG SqmFunctionRegistry:128 - Registered SqmFunctionTemplate [org.hibernate.dialect.function.LocatePositionEmulation@6cc64028] under position; prior registration was null
2026-01-07 14:53:26 DEBUG SqmFunctionRegistry:128 - Registered SqmFunctionTemplate [org.hibernate.dialect.function.InsertSubstringOverlayEmulation@7a04f730] under overlay; prior registration was null
2026-01-07 14:53:26 DEBUG SqmFunctionRegistry:128 - Registered SqmFunctionTemplate [org.hibernate.dialect.function.TrimFunction@689faf79] under trim; prior registration was null
2026-01-07 14:53:26 DEBUG SqmFunctionRegistry:128 - Registered SqmFunctionTemplate [org.hibernate.dialect.function.CastFunction@2fd39436] under cast; prior registration was null
2026-01-07 14:53:26 DEBUG SqmFunctionRegistry:128 - Registered SqmFunctionTemplate [org.hibernate.query.sqm.function.PatternBasedSqmFunctionDescriptor@60b5e80d] under collate; prior registration was null
2026-01-07 14:53:26 DEBUG SqmFunctionRegistry:128 - Registered SqmFunctionTemplate [org.hibernate.dialect.function.ExtractFunction@4d518c66] under extract; prior registration was null
2026-01-07 14:53:26 DEBUG SqmFunctionRegistry:128 - Registered SqmFunctionTemplate [NamedSqmFunctionTemplate(least)] under least; prior registration was null
2026-01-07 14:53:26 DEBUG SqmFunctionRegistry:128 - Registered SqmFunctionTemplate [NamedSqmFunctionTemplate(greatest)] under greatest; prior registration was null
2026-01-07 14:53:26 DEBUG SqmFunctionRegistry:128 - Registered SqmFunctionTemplate [org.hibernate.dialect.function.CoalesceIfnullEmulation@391515c7] under ifnull; prior registration was null
2026-01-07 14:53:26 DEBUG SqmFunctionRegistry:128 - Registered SqmFunctionTemplate [NamedSqmFunctionTemplate(lpad)] under lpad; prior registration was null
2026-01-07 14:53:26 DEBUG SqmFunctionRegistry:128 - Registered SqmFunctionTemplate [NamedSqmFunctionTemplate(rpad)] under rpad; prior registration was null
2026-01-07 14:53:26 DEBUG SqmFunctionRegistry:128 - Registered SqmFunctionTemplate [org.hibernate.dialect.function.LpadRpadPadEmulation@16bd7ae1] under pad; prior registration was null
2026-01-07 14:53:26 DEBUG SqmFunctionRegistry:128 - Registered SqmFunctionTemplate [org.hibernate.dialect.function.CastStrEmulation@76cdafa3] under str; prior registration was null
2026-01-07 14:53:26 DEBUG SqmFunctionRegistry:128 - Registered SqmFunctionTemplate [org.hibernate.dialect.function.OrdinalFunction@a2b54e3] under ordinal; prior registration was null
2026-01-07 14:53:26 DEBUG SqmFunctionRegistry:128 - Registered SqmFunctionTemplate [org.hibernate.dialect.function.FormatFunction@706f6d26] under format; prior registration was null
2026-01-07 14:53:26 DEBUG SqmFunctionRegistry:128 - Registered SqmFunctionTemplate [org.hibernate.dialect.function.TimestampaddFunction@3c81cd82] under timestampadd; prior registration was null
2026-01-07 14:53:26 DEBUG SqmFunctionRegistry:128 - Registered SqmFunctionTemplate [org.hibernate.dialect.function.TimestampdiffFunction@75eaba95] under timestampdiff; prior registration was null
2026-01-07 14:53:26 DEBUG SqmFunctionRegistry:392 - Registering alternate key : dateadd -> timestampadd
2026-01-07 14:53:26 DEBUG SqmFunctionRegistry:392 - Registering alternate key : datediff -> timestampdiff
2026-01-07 14:53:26 DEBUG SqmFunctionRegistry:128 - Registered SqmFunctionTemplate [org.hibernate.dialect.function.CurrentFunction@4aed311e] under current_date; prior registration was null
2026-01-07 14:53:26 DEBUG SqmFunctionRegistry:128 - Registered SqmFunctionTemplate [org.hibernate.dialect.function.CurrentFunction@4c38cd16] under current_time; prior registration was null
2026-01-07 14:53:26 DEBUG SqmFunctionRegistry:128 - Registered SqmFunctionTemplate [org.hibernate.dialect.function.CurrentFunction@7ddcb0dc] under current_timestamp; prior registration was null
2026-01-07 14:53:26 DEBUG SqmFunctionRegistry:392 - Registering alternate key : current date -> current_date
2026-01-07 14:53:26 DEBUG SqmFunctionRegistry:392 - Registering alternate key : current time -> current_time
2026-01-07 14:53:26 DEBUG SqmFunctionRegistry:392 - Registering alternate key : current timestamp -> current_timestamp
2026-01-07 14:53:26 DEBUG SqmFunctionRegistry:128 - Registered SqmFunctionTemplate [org.hibernate.dialect.function.CurrentFunction@f5bf288] under local_date; prior registration was null
2026-01-07 14:53:26 DEBUG SqmFunctionRegistry:128 - Registered SqmFunctionTemplate [org.hibernate.dialect.function.CurrentFunction@2c1d57bc] under local_time; prior registration was null
2026-01-07 14:53:26 DEBUG SqmFunctionRegistry:128 - Registered SqmFunctionTemplate [org.hibernate.dialect.function.CurrentFunction@26c77f54] under local_datetime; prior registration was null
2026-01-07 14:53:26 DEBUG SqmFunctionRegistry:128 - Registered SqmFunctionTemplate [org.hibernate.dialect.function.CurrentFunction@3e856100] under offset_datetime; prior registration was null
2026-01-07 14:53:26 DEBUG SqmFunctionRegistry:392 - Registering alternate key : local date -> local_date
2026-01-07 14:53:26 DEBUG SqmFunctionRegistry:392 - Registering alternate key : local time -> local_time
2026-01-07 14:53:26 DEBUG SqmFunctionRegistry:392 - Registering alternate key : local datetime -> local_datetime
2026-01-07 14:53:26 DEBUG SqmFunctionRegistry:392 - Registering alternate key : offset datetime -> offset_datetime
2026-01-07 14:53:26 DEBUG SqmFunctionRegistry:128 - Registered SqmFunctionTemplate [org.hibernate.dialect.function.CurrentFunction@6e9a0bea] under instant; prior registration was null
2026-01-07 14:53:26 DEBUG SqmFunctionRegistry:392 - Registering alternate key : current_instant -> instant
2026-01-07 14:53:26 DEBUG SqmFunctionRegistry:128 - Registered SqmFunctionTemplate [org.hibernate.dialect.function.SqlFunction@1e3f86d5] under sql; prior registration was null
2026-01-07 14:53:26 DEBUG SqmFunctionRegistry:128 - Registered SqmFunctionTemplate [NamedSqmFunctionTemplate(soundex)] under soundex; prior registration was null
2026-01-07 14:53:26 DEBUG SqmFunctionRegistry:128 - Registered SqmFunctionTemplate [NamedSqmFunctionTemplate(radians)] under radians; prior registration was null
2026-01-07 14:53:26 DEBUG SqmFunctionRegistry:128 - Registered SqmFunctionTemplate [NamedSqmFunctionTemplate(degrees)] under degrees; prior registration was null
2026-01-07 14:53:26 DEBUG SqmFunctionRegistry:128 - Registered SqmFunctionTemplate [NamedSqmFunctionTemplate(cot)] under cot; prior registration was null
2026-01-07 14:53:26 DEBUG SqmFunctionRegistry:128 - Registered SqmFunctionTemplate [NamedSqmFunctionTemplate(log)] under log; prior registration was org.hibernate.query.sqm.function.PatternBasedSqmFunctionDescriptor@11a3a45f
2026-01-07 14:53:26 DEBUG SqmFunctionRegistry:128 - Registered SqmFunctionTemplate [NamedSqmFunctionTemplate(log2)] under log2; prior registration was null
2026-01-07 14:53:26 DEBUG SqmFunctionRegistry:128 - Registered SqmFunctionTemplate [NamedSqmFunctionTemplate(log10)] under log10; prior registration was null
2026-01-07 14:53:26 DEBUG SqmFunctionRegistry:128 - Registered SqmFunctionTemplate [NamedSqmFunctionTemplate(ltrim)] under ltrim; prior registration was null
2026-01-07 14:53:26 DEBUG SqmFunctionRegistry:128 - Registered SqmFunctionTemplate [NamedSqmFunctionTemplate(rtrim)] under rtrim; prior registration was null
2026-01-07 14:53:26 DEBUG SqmFunctionRegistry:128 - Registered SqmFunctionTemplate [NamedSqmFunctionTemplate(octet_length)] under octet_length; prior registration was null
2026-01-07 14:53:26 DEBUG SqmFunctionRegistry:128 - Registered SqmFunctionTemplate [NamedSqmFunctionTemplate(reverse)] under reverse; prior registration was null
2026-01-07 14:53:26 DEBUG SqmFunctionRegistry:128 - Registered SqmFunctionTemplate [NamedSqmFunctionTemplate(space)] under space; prior registration was null
2026-01-07 14:53:26 DEBUG SqmFunctionRegistry:128 - Registered SqmFunctionTemplate [NamedSqmFunctionTemplate(repeat)] under repeat; prior registration was null
2026-01-07 14:53:26 DEBUG SqmFunctionRegistry:128 - Registered SqmFunctionTemplate [org.hibernate.query.sqm.function.MultipatternSqmFunctionDescriptor@66f5b8fe] under lpad; prior registration was NamedSqmFunctionTemplate(lpad)
2026-01-07 14:53:26 DEBUG SqmFunctionRegistry:128 - Registered SqmFunctionTemplate [org.hibernate.query.sqm.function.MultipatternSqmFunctionDescriptor@233f52f8] under rpad; prior registration was NamedSqmFunctionTemplate(rpad)
2026-01-07 14:53:26 DEBUG SqmFunctionRegistry:128 - Registered SqmFunctionTemplate [NamedSqmFunctionTemplate(day)] under day; prior registration was null
2026-01-07 14:53:26 DEBUG SqmFunctionRegistry:128 - Registered SqmFunctionTemplate [NamedSqmFunctionTemplate(month)] under month; prior registration was null
2026-01-07 14:53:26 DEBUG SqmFunctionRegistry:128 - Registered SqmFunctionTemplate [NamedSqmFunctionTemplate(year)] under year; prior registration was null
2026-01-07 14:53:26 DEBUG SqmFunctionRegistry:128 - Registered SqmFunctionTemplate [NamedSqmFunctionTemplate(hour)] under hour; prior registration was null
2026-01-07 14:53:26 DEBUG SqmFunctionRegistry:128 - Registered SqmFunctionTemplate [NamedSqmFunctionTemplate(minute)] under minute; prior registration was null
2026-01-07 14:53:26 DEBUG SqmFunctionRegistry:128 - Registered SqmFunctionTemplate [NamedSqmFunctionTemplate(second)] under second; prior registration was null
2026-01-07 14:53:26 DEBUG SqmFunctionRegistry:128 - Registered SqmFunctionTemplate [NamedSqmFunctionTemplate(microsecond)] under microsecond; prior registration was null
2026-01-07 14:53:26 DEBUG SqmFunctionRegistry:128 - Registered SqmFunctionTemplate [NamedSqmFunctionTemplate(dayofweek)] under dayofweek; prior registration was null
2026-01-07 14:53:26 DEBUG SqmFunctionRegistry:128 - Registered SqmFunctionTemplate [NamedSqmFunctionTemplate(dayofmonth)] under dayofmonth; prior registration was null
2026-01-07 14:53:26 DEBUG SqmFunctionRegistry:392 - Registering alternate key : day -> dayofmonth
2026-01-07 14:53:26 DEBUG SqmFunctionRegistry:128 - Registered SqmFunctionTemplate [NamedSqmFunctionTemplate(dayofyear)] under dayofyear; prior registration was null
2026-01-07 14:53:26 DEBUG SqmFunctionRegistry:128 - Registered SqmFunctionTemplate [NamedSqmFunctionTemplate(week)] under week; prior registration was null
2026-01-07 14:53:26 DEBUG SqmFunctionRegistry:128 - Registered SqmFunctionTemplate [NamedSqmFunctionTemplate(quarter)] under quarter; prior registration was null
2026-01-07 14:53:26 DEBUG SqmFunctionRegistry:128 - Registered SqmFunctionTemplate [NamedSqmFunctionTemplate(monthname)] under monthname; prior registration was null
2026-01-07 14:53:26 DEBUG SqmFunctionRegistry:128 - Registered SqmFunctionTemplate [NamedSqmFunctionTemplate(dayname)] under dayname; prior registration was null
2026-01-07 14:53:26 DEBUG SqmFunctionRegistry:128 - Registered SqmFunctionTemplate [NamedSqmFunctionTemplate(last_day)] under last_day; prior registration was null
2026-01-07 14:53:26 DEBUG SqmFunctionRegistry:128 - Registered SqmFunctionTemplate [NamedSqmFunctionTemplate(date)] under date; prior registration was null
2026-01-07 14:53:26 DEBUG SqmFunctionRegistry:128 - Registered SqmFunctionTemplate [NamedSqmFunctionTemplate(timestamp)] under timestamp; prior registration was null
2026-01-07 14:53:26 DEBUG SqmFunctionRegistry:128 - Registered SqmFunctionTemplate [NamedSqmFunctionTemplate(time)] under time; prior registration was null
2026-01-07 14:53:26 DEBUG SqmFunctionRegistry:128 - Registered SqmFunctionTemplate [NamedSqmFunctionTemplate(utc_date)] under utc_date; prior registration was null
2026-01-07 14:53:26 DEBUG SqmFunctionRegistry:128 - Registered SqmFunctionTemplate [NamedSqmFunctionTemplate(utc_time)] under utc_time; prior registration was null
2026-01-07 14:53:26 DEBUG SqmFunctionRegistry:128 - Registered SqmFunctionTemplate [NamedSqmFunctionTemplate(utc_timestamp)] under utc_timestamp; prior registration was null
2026-01-07 14:53:26 DEBUG SqmFunctionRegistry:128 - Registered SqmFunctionTemplate [NamedSqmFunctionTemplate(rand)] under rand; prior registration was null
2026-01-07 14:53:26 DEBUG SqmFunctionRegistry:128 - Registered SqmFunctionTemplate [NamedSqmFunctionTemplate(crc32)] under crc32; prior registration was null
2026-01-07 14:53:26 DEBUG SqmFunctionRegistry:128 - Registered SqmFunctionTemplate [NamedSqmFunctionTemplate(sha1)] under sha1; prior registration was null
2026-01-07 14:53:26 DEBUG SqmFunctionRegistry:128 - Registered SqmFunctionTemplate [NamedSqmFunctionTemplate(sha2)] under sha2; prior registration was null
2026-01-07 14:53:26 DEBUG SqmFunctionRegistry:128 - Registered SqmFunctionTemplate [NamedSqmFunctionTemplate(bit_length)] under bit_length; prior registration was null
2026-01-07 14:53:26 DEBUG SqmFunctionRegistry:128 - Registered SqmFunctionTemplate [NamedSqmFunctionTemplate(octet_length)] under octet_length; prior registration was NamedSqmFunctionTemplate(octet_length)
2026-01-07 14:53:26 DEBUG SqmFunctionRegistry:128 - Registered SqmFunctionTemplate [NamedSqmFunctionTemplate(ascii)] under ascii; prior registration was null
2026-01-07 14:53:26 DEBUG SqmFunctionRegistry:128 - Registered SqmFunctionTemplate [NamedSqmFunctionTemplate(instr)] under instr; prior registration was null
2026-01-07 14:53:26 DEBUG SqmFunctionRegistry:128 - Registered SqmFunctionTemplate [NamedSqmFunctionTemplate(substr)] under substr; prior registration was null
2026-01-07 14:53:26 DEBUG SqmFunctionRegistry:128 - Registered SqmFunctionTemplate [org.hibernate.query.sqm.function.PatternBasedSqmFunctionDescriptor@69ec93c2] under position; prior registration was org.hibernate.dialect.function.LocatePositionEmulation@6cc64028
2026-01-07 14:53:26 DEBUG SqmFunctionRegistry:128 - Registered SqmFunctionTemplate [NamedSqmFunctionTemplate(curtime)] under curtime; prior registration was null
2026-01-07 14:53:26 DEBUG SqmFunctionRegistry:128 - Registered SqmFunctionTemplate [NamedSqmFunctionTemplate(curdate)] under curdate; prior registration was null
2026-01-07 14:53:26 DEBUG SqmFunctionRegistry:128 - Registered SqmFunctionTemplate [NamedSqmFunctionTemplate(now)] under now; prior registration was null
2026-01-07 14:53:26 DEBUG SqmFunctionRegistry:128 - Registered SqmFunctionTemplate [org.hibernate.dialect.function.TruncFunction@1511d157] under trunc; prior registration was null
2026-01-07 14:53:26 DEBUG SqmFunctionRegistry:392 - Registering alternate key : truncate -> trunc
2026-01-07 14:53:26 DEBUG SqmFunctionRegistry:128 - Registered SqmFunctionTemplate [NamedSqmFunctionTemplate(insert)] under insert; prior registration was null
2026-01-07 14:53:26 DEBUG SqmFunctionRegistry:128 - Registered SqmFunctionTemplate [org.hibernate.query.sqm.function.PatternBasedSqmFunctionDescriptor@418f890f] under bitand; prior registration was null
2026-01-07 14:53:26 DEBUG SqmFunctionRegistry:128 - Registered SqmFunctionTemplate [org.hibernate.query.sqm.function.PatternBasedSqmFunctionDescriptor@3d3c886f] under bitor; prior registration was null
2026-01-07 14:53:26 DEBUG SqmFunctionRegistry:128 - Registered SqmFunctionTemplate [org.hibernate.query.sqm.function.PatternBasedSqmFunctionDescriptor@7d66e544] under bitxor; prior registration was null
2026-01-07 14:53:26 DEBUG SqmFunctionRegistry:128 - Registered SqmFunctionTemplate [org.hibernate.query.sqm.function.PatternBasedSqmFunctionDescriptor@666618d6] under bitnot; prior registration was null
2026-01-07 14:53:26 DEBUG SqmFunctionRegistry:128 - Registered SqmFunctionTemplate [NamedSqmFunctionTemplate(bit_and)] under bit_and; prior registration was null
2026-01-07 14:53:26 DEBUG SqmFunctionRegistry:128 - Registered SqmFunctionTemplate [NamedSqmFunctionTemplate(bit_or)] under bit_or; prior registration was null
2026-01-07 14:53:26 DEBUG SqmFunctionRegistry:128 - Registered SqmFunctionTemplate [NamedSqmFunctionTemplate(stddev)] under stddev; prior registration was null
2026-01-07 14:53:26 DEBUG SqmFunctionRegistry:128 - Registered SqmFunctionTemplate [NamedSqmFunctionTemplate(stddev_pop)] under stddev_pop; prior registration was null
2026-01-07 14:53:26 DEBUG SqmFunctionRegistry:128 - Registered SqmFunctionTemplate [NamedSqmFunctionTemplate(stddev_samp)] under stddev_samp; prior registration was null
2026-01-07 14:53:26 DEBUG SqmFunctionRegistry:128 - Registered SqmFunctionTemplate [NamedSqmFunctionTemplate(variance)] under variance; prior registration was null
2026-01-07 14:53:26 DEBUG SqmFunctionRegistry:128 - Registered SqmFunctionTemplate [NamedSqmFunctionTemplate(var_pop)] under var_pop; prior registration was null
2026-01-07 14:53:26 DEBUG SqmFunctionRegistry:128 - Registered SqmFunctionTemplate [NamedSqmFunctionTemplate(var_samp)] under var_samp; prior registration was null
2026-01-07 14:53:26 DEBUG SqmFunctionRegistry:128 - Registered SqmFunctionTemplate [NamedSqmFunctionTemplate(datediff)] under datediff; prior registration was null
2026-01-07 14:53:26 DEBUG SqmFunctionRegistry:128 - Registered SqmFunctionTemplate [NamedSqmFunctionTemplate(adddate)] under adddate; prior registration was null
2026-01-07 14:53:26 DEBUG SqmFunctionRegistry:128 - Registered SqmFunctionTemplate [NamedSqmFunctionTemplate(subdate)] under subdate; prior registration was null
2026-01-07 14:53:26 DEBUG SqmFunctionRegistry:128 - Registered SqmFunctionTemplate [NamedSqmFunctionTemplate(addtime)] under addtime; prior registration was null
2026-01-07 14:53:26 DEBUG SqmFunctionRegistry:128 - Registered SqmFunctionTemplate [NamedSqmFunctionTemplate(subtime)] under subtime; prior registration was null
2026-01-07 14:53:26 DEBUG SqmFunctionRegistry:128 - Registered SqmFunctionTemplate [org.hibernate.dialect.function.FormatFunction@5b1c32e4] under format; prior registration was org.hibernate.dialect.function.FormatFunction@706f6d26
2026-01-07 14:53:26 DEBUG SqmFunctionRegistry:128 - Registered SqmFunctionTemplate [NamedSqmFunctionTemplate(makedate)] under makedate; prior registration was null
2026-01-07 14:53:26 DEBUG SqmFunctionRegistry:128 - Registered SqmFunctionTemplate [NamedSqmFunctionTemplate(maketime)] under maketime; prior registration was null
2026-01-07 14:53:26 DEBUG SqmFunctionRegistry:128 - Registered SqmFunctionTemplate [NamedSqmFunctionTemplate(localtime)] under localtime; prior registration was null
2026-01-07 14:53:26 DEBUG SqmFunctionRegistry:128 - Registered SqmFunctionTemplate [NamedSqmFunctionTemplate(localtimestamp)] under localtimestamp; prior registration was null
2026-01-07 14:53:26 DEBUG SqmFunctionRegistry:128 - Registered SqmFunctionTemplate [NamedSqmFunctionTemplate(localtime)] under local_time; prior registration was org.hibernate.dialect.function.CurrentFunction@2c1d57bc
2026-01-07 14:53:26 DEBUG SqmFunctionRegistry:128 - Registered SqmFunctionTemplate [NamedSqmFunctionTemplate(localtimestamp)] under local_datetime; prior registration was org.hibernate.dialect.function.CurrentFunction@26c77f54
2026-01-07 14:53:26 DEBUG SqmFunctionRegistry:128 - Registered SqmFunctionTemplate [org.hibernate.query.sqm.function.PatternBasedSqmFunctionDescriptor@2bab618] under pi; prior registration was org.hibernate.query.sqm.function.PatternBasedSqmFunctionDescriptor@1efac5b9
2026-01-07 14:53:26 DEBUG SqmFunctionRegistry:128 - Registered SqmFunctionTemplate [org.hibernate.query.sqm.function.PatternBasedSqmFunctionDescriptor@48bc2fce] under chr; prior registration was null
2026-01-07 14:53:26 DEBUG SqmFunctionRegistry:392 - Registering alternate key : char -> chr
2026-01-07 14:53:26 DEBUG SqmFunctionRegistry:128 - Registered SqmFunctionTemplate [org.hibernate.query.sqm.function.PatternBasedSqmFunctionDescriptor@1eca3ea7] under sysdate; prior registration was null
2026-01-07 14:53:26 DEBUG SqmFunctionRegistry:128 - Registered SqmFunctionTemplate [NamedSqmFunctionTemplate(row_number)] under row_number; prior registration was null
2026-01-07 14:53:26 DEBUG SqmFunctionRegistry:128 - Registered SqmFunctionTemplate [NamedSqmFunctionTemplate(lag)] under lag; prior registration was null
2026-01-07 14:53:26 DEBUG SqmFunctionRegistry:128 - Registered SqmFunctionTemplate [NamedSqmFunctionTemplate(lead)] under lead; prior registration was null
2026-01-07 14:53:26 DEBUG SqmFunctionRegistry:128 - Registered SqmFunctionTemplate [NamedSqmFunctionTemplate(first_value)] under first_value; prior registration was null
2026-01-07 14:53:26 DEBUG SqmFunctionRegistry:128 - Registered SqmFunctionTemplate [NamedSqmFunctionTemplate(last_value)] under last_value; prior registration was null
2026-01-07 14:53:26 DEBUG SqmFunctionRegistry:128 - Registered SqmFunctionTemplate [NamedSqmFunctionTemplate(nth_value)] under nth_value; prior registration was null
2026-01-07 14:53:26 DEBUG SqmFunctionRegistry:128 - Registered SqmFunctionTemplate [org.hibernate.dialect.function.HypotheticalSetWindowEmulation@1e40fbb3] under rank; prior registration was null
2026-01-07 14:53:26 DEBUG SqmFunctionRegistry:128 - Registered SqmFunctionTemplate [org.hibernate.dialect.function.HypotheticalSetWindowEmulation@1b560eb0] under dense_rank; prior registration was null
2026-01-07 14:53:26 DEBUG SqmFunctionRegistry:128 - Registered SqmFunctionTemplate [org.hibernate.dialect.function.HypotheticalSetWindowEmulation@9e02f84] under percent_rank; prior registration was null
2026-01-07 14:53:26 DEBUG SqmFunctionRegistry:128 - Registered SqmFunctionTemplate [org.hibernate.dialect.function.HypotheticalSetWindowEmulation@1e6060f1] under cume_dist; prior registration was null
2026-01-07 14:53:26 DEBUG SqmFunctionRegistry:128 - Registered SqmFunctionTemplate [org.hibernate.dialect.function.ListaggGroupConcatEmulation@39023dbf] under listagg; prior registration was null
2026-01-07 14:53:26 DEBUG SqmFunctionRegistry:128 - Registered SqmFunctionTemplate [org.hibernate.dialect.function.json.MySQLJsonValueFunction@1cd2143b] under json_value; prior registration was null
2026-01-07 14:53:26 DEBUG SqmFunctionRegistry:128 - Registered SqmFunctionTemplate [org.hibernate.dialect.function.json.MySQLJsonQueryFunction@611d0763] under json_query; prior registration was null
2026-01-07 14:53:26 DEBUG SqmFunctionRegistry:128 - Registered SqmFunctionTemplate [org.hibernate.dialect.function.json.MySQLJsonExistsFunction@33ec2c0c] under json_exists; prior registration was null
2026-01-07 14:53:26 DEBUG SqmFunctionRegistry:128 - Registered SqmFunctionTemplate [org.hibernate.dialect.function.json.MySQLJsonObjectFunction@15605d83] under json_object; prior registration was null
2026-01-07 14:53:26 DEBUG SqmFunctionRegistry:128 - Registered SqmFunctionTemplate [org.hibernate.dialect.function.json.MySQLJsonArrayFunction@1bd8afc8] under json_array; prior registration was null
2026-01-07 14:53:26 DEBUG SqmFunctionRegistry:128 - Registered SqmFunctionTemplate [org.hibernate.dialect.function.json.MySQLJsonArrayAggFunction@543fe698] under json_arrayagg; prior registration was null
2026-01-07 14:53:26 DEBUG SqmFunctionRegistry:128 - Registered SqmFunctionTemplate [org.hibernate.dialect.function.json.MySQLJsonObjectAggFunction@463afa6e] under json_objectagg; prior registration was null
2026-01-07 14:53:26 DEBUG SqmFunctionRegistry:128 - Registered SqmFunctionTemplate [NamedSqmFunctionTemplate(json_set)] under json_set; prior registration was null
2026-01-07 14:53:26 DEBUG SqmFunctionRegistry:128 - Registered SqmFunctionTemplate [NamedSqmFunctionTemplate(json_remove)] under json_remove; prior registration was null
2026-01-07 14:53:26 DEBUG SqmFunctionRegistry:128 - Registered SqmFunctionTemplate [NamedSqmFunctionTemplate(json_replace)] under json_replace; prior registration was null
2026-01-07 14:53:26 DEBUG SqmFunctionRegistry:128 - Registered SqmFunctionTemplate [NamedSqmFunctionTemplate(json_insert)] under json_insert; prior registration was null
2026-01-07 14:53:26 DEBUG SqmFunctionRegistry:128 - Registered SqmFunctionTemplate [NamedSqmFunctionTemplate(json_merge_patch)] under json_mergepatch; prior registration was null
2026-01-07 14:53:26 DEBUG SqmFunctionRegistry:128 - Registered SqmFunctionTemplate [NamedSqmFunctionTemplate(json_array_append)] under json_array_append; prior registration was null
2026-01-07 14:53:26 DEBUG SqmFunctionRegistry:128 - Registered SqmFunctionTemplate [NamedSqmFunctionTemplate(json_array_insert)] under json_array_insert; prior registration was null
2026-01-07 14:53:26 DEBUG SqmFunctionRegistry:143 - Registered SqmSetReturningFunctionTemplate [org.hibernate.dialect.function.array.UnnestFunction@17ff8810] under unnest; prior registration was null
2026-01-07 14:53:26 DEBUG SqmFunctionRegistry:143 - Registered SqmSetReturningFunctionTemplate [org.hibernate.dialect.function.json.MySQLJsonTableFunction@34c7232c] under json_table; prior registration was null
2026-01-07 14:53:26 DEBUG SqmFunctionRegistry:143 - Registered SqmSetReturningFunctionTemplate [org.hibernate.dialect.function.CteGenerateSeriesFunction@46f73ffa] under generate_series; prior registration was null
2026-01-07 14:53:26 DEBUG SqmFunctionRegistry:128 - Registered SqmFunctionTemplate [org.hibernate.query.sqm.function.PatternBasedSqmFunctionDescriptor@41aebbb4] under hex; prior registration was null
2026-01-07 14:53:26 DEBUG SqmFunctionRegistry:128 - Registered SqmFunctionTemplate [org.hibernate.query.sqm.function.PatternBasedSqmFunctionDescriptor@afde064] under sha; prior registration was null
2026-01-07 14:53:26 DEBUG SqmFunctionRegistry:128 - Registered SqmFunctionTemplate [org.hibernate.query.sqm.function.PatternBasedSqmFunctionDescriptor@5a592c70] under md5; prior registration was null
2026-01-07 14:53:26 DEBUG HQL_FUNCTIONS:152 - abs(NUMERIC arg)
2026-01-07 14:53:26 DEBUG HQL_FUNCTIONS:152 - Double acos(NUMERIC arg)
2026-01-07 14:53:26 DEBUG HQL_FUNCTIONS:152 - adddate(DATE datetime, INTEGER days)
2026-01-07 14:53:26 DEBUG HQL_FUNCTIONS:152 - addtime(TIME datetime, TIME time)
2026-01-07 14:53:26 DEBUG HQL_FUNCTIONS:152 - Boolean any(BOOLEAN arg)
2026-01-07 14:53:26 DEBUG HQL_FUNCTIONS:152 - Integer ascii(STRING arg)
2026-01-07 14:53:26 DEBUG HQL_FUNCTIONS:152 - Double asin(NUMERIC arg)
2026-01-07 14:53:26 DEBUG HQL_FUNCTIONS:152 - Double atan(NUMERIC arg)
2026-01-07 14:53:26 DEBUG HQL_FUNCTIONS:152 - Double atan2(NUMERIC arg0, NUMERIC arg1)
2026-01-07 14:53:26 DEBUG HQL_FUNCTIONS:152 - avg(arg)
2026-01-07 14:53:26 DEBUG HQL_FUNCTIONS:152 - bit_and(arg)
2026-01-07 14:53:26 DEBUG HQL_FUNCTIONS:152 - Integer bit_length(STRING_OR_CLOB arg)
2026-01-07 14:53:26 DEBUG HQL_FUNCTIONS:152 - bit_or(arg)
2026-01-07 14:53:26 DEBUG HQL_FUNCTIONS:152 - bitand(arg0, arg1)
2026-01-07 14:53:26 DEBUG HQL_FUNCTIONS:152 - bitnot(arg)
2026-01-07 14:53:26 DEBUG HQL_FUNCTIONS:152 - bitor(arg0, arg1)
2026-01-07 14:53:26 DEBUG HQL_FUNCTIONS:152 - bitxor(arg0, arg1)
2026-01-07 14:53:26 DEBUG HQL_FUNCTIONS:152 - cast(arg as Type)
2026-01-07 14:53:26 DEBUG HQL_FUNCTIONS:152 - ceiling(NUMERIC arg)
2026-01-07 14:53:26 DEBUG HQL_FUNCTIONS:152 - Character char(INTEGER arg)
2026-01-07 14:53:26 DEBUG HQL_FUNCTIONS:152 - Integer character_length(STRING_OR_CLOB arg)
2026-01-07 14:53:26 DEBUG HQL_FUNCTIONS:152 - Character chr(INTEGER arg)
2026-01-07 14:53:26 DEBUG HQL_FUNCTIONS:152 - coalesce(arg0[, arg1[, ...]])
2026-01-07 14:53:26 DEBUG HQL_FUNCTIONS:152 - String collate(STRING string as COLLATION collation)
2026-01-07 14:53:26 DEBUG HQL_FUNCTIONS:152 - String concat(STRING string0[, STRING string1[, ...]])
2026-01-07 14:53:26 DEBUG HQL_FUNCTIONS:152 - Double cos(NUMERIC arg)
2026-01-07 14:53:26 DEBUG HQL_FUNCTIONS:152 - Double cosh(NUMERIC arg)
2026-01-07 14:53:26 DEBUG HQL_FUNCTIONS:152 - Double cot(NUMERIC arg)
2026-01-07 14:53:26 DEBUG HQL_FUNCTIONS:152 - Long count([distinct ]{arg|*})
2026-01-07 14:53:26 DEBUG HQL_FUNCTIONS:152 - Integer crc32(arg)
2026-01-07 14:53:26 DEBUG HQL_FUNCTIONS:152 - Double cume_dist([arg0[, ...]])
2026-01-07 14:53:26 DEBUG HQL_FUNCTIONS:152 - Date curdate()
2026-01-07 14:53:26 DEBUG HQL_FUNCTIONS:152 - Date current date
2026-01-07 14:53:26 DEBUG HQL_FUNCTIONS:152 - Time current time
2026-01-07 14:53:26 DEBUG HQL_FUNCTIONS:152 - Timestamp current timestamp
2026-01-07 14:53:26 DEBUG HQL_FUNCTIONS:152 - Date current_date
2026-01-07 14:53:26 DEBUG HQL_FUNCTIONS:152 - Instant current_instant
2026-01-07 14:53:26 DEBUG HQL_FUNCTIONS:152 - Time current_time
2026-01-07 14:53:26 DEBUG HQL_FUNCTIONS:152 - Timestamp current_timestamp
2026-01-07 14:53:26 DEBUG HQL_FUNCTIONS:152 - Time curtime()
2026-01-07 14:53:26 DEBUG HQL_FUNCTIONS:152 - Date date(arg)
2026-01-07 14:53:26 DEBUG HQL_FUNCTIONS:152 - dateadd(TEMPORAL_UNIT field, INTEGER magnitude, TEMPORAL datetime)
2026-01-07 14:53:26 DEBUG HQL_FUNCTIONS:152 - Integer datediff(DATE end, DATE start)
2026-01-07 14:53:26 DEBUG HQL_FUNCTIONS:152 - Integer day(DATE arg)
2026-01-07 14:53:26 DEBUG HQL_FUNCTIONS:152 - String dayname(DATE arg)
2026-01-07 14:53:26 DEBUG HQL_FUNCTIONS:152 - Integer dayofmonth(DATE arg)
2026-01-07 14:53:26 DEBUG HQL_FUNCTIONS:152 - Integer dayofweek(DATE arg)
2026-01-07 14:53:26 DEBUG HQL_FUNCTIONS:152 - Integer dayofyear(DATE arg)
2026-01-07 14:53:26 DEBUG HQL_FUNCTIONS:152 - Double degrees(NUMERIC arg)
2026-01-07 14:53:26 DEBUG HQL_FUNCTIONS:152 - Long dense_rank([arg0[, ...]])
2026-01-07 14:53:26 DEBUG HQL_FUNCTIONS:152 - Boolean every(BOOLEAN arg)
2026-01-07 14:53:26 DEBUG HQL_FUNCTIONS:152 - Double exp(NUMERIC arg)
2026-01-07 14:53:26 DEBUG HQL_FUNCTIONS:152 - extract(TEMPORAL_UNIT field from TEMPORAL arg)
2026-01-07 14:53:26 DEBUG HQL_FUNCTIONS:152 - first_valueANY value
2026-01-07 14:53:26 DEBUG HQL_FUNCTIONS:152 - floor(NUMERIC arg)
2026-01-07 14:53:26 DEBUG HQL_FUNCTIONS:152 - String format(TEMPORAL datetime as STRING pattern)
2026-01-07 14:53:26 DEBUG HQL_FUNCTIONS:152 - greatest(COMPARABLE arg0, COMPARABLE arg1[, arg2[, ...]])
2026-01-07 14:53:26 DEBUG HQL_FUNCTIONS:152 - String hex(arg)
2026-01-07 14:53:26 DEBUG HQL_FUNCTIONS:152 - Integer hour(TIME arg)
2026-01-07 14:53:26 DEBUG HQL_FUNCTIONS:152 - ifnull(arg0, arg1)
2026-01-07 14:53:26 DEBUG HQL_FUNCTIONS:152 - String insert(STRING string, INTEGER start, INTEGER length, STRING replacement)
2026-01-07 14:53:26 DEBUG HQL_FUNCTIONS:152 - Instant instant
2026-01-07 14:53:26 DEBUG HQL_FUNCTIONS:152 - Integer instr(STRING string, STRING pattern[, INTEGER start[, INTEGER occurrence]])
2026-01-07 14:53:26 DEBUG HQL_FUNCTIONS:152 - String json_array([arg0[, ...]])
2026-01-07 14:53:26 DEBUG HQL_FUNCTIONS:152 - String json_array_append(IMPLICIT_JSON arg0, STRING arg1, ANY arg2)
2026-01-07 14:53:26 DEBUG HQL_FUNCTIONS:152 - String json_array_insert(IMPLICIT_JSON arg0, STRING arg1, ANY arg2)
2026-01-07 14:53:26 DEBUG HQL_FUNCTIONS:152 - String json_arrayagg(arg0[, arg1])
2026-01-07 14:53:26 DEBUG HQL_FUNCTIONS:152 - Boolean json_exists(IMPLICIT_JSON arg0, STRING arg1)
2026-01-07 14:53:26 DEBUG HQL_FUNCTIONS:152 - String json_insert(IMPLICIT_JSON arg0, STRING arg1, ANY arg2)
2026-01-07 14:53:26 DEBUG HQL_FUNCTIONS:152 - String json_mergepatch(IMPLICIT_JSON arg0, IMPLICIT_JSON arg1[, arg2[, ...]])
2026-01-07 14:53:26 DEBUG HQL_FUNCTIONS:152 - String json_object( ... )
2026-01-07 14:53:26 DEBUG HQL_FUNCTIONS:152 - String json_objectagg(arg0, arg1[, arg2, arg3])
2026-01-07 14:53:26 DEBUG HQL_FUNCTIONS:152 - String json_query( ... )
2026-01-07 14:53:26 DEBUG HQL_FUNCTIONS:152 - String json_remove(IMPLICIT_JSON arg0, STRING arg1)
2026-01-07 14:53:26 DEBUG HQL_FUNCTIONS:152 - String json_replace(IMPLICIT_JSON arg0, STRING arg1, ANY arg2)
2026-01-07 14:53:26 DEBUG HQL_FUNCTIONS:152 - String json_set(IMPLICIT_JSON arg0, STRING arg1, ANY arg2)
2026-01-07 14:53:26 DEBUG HQL_FUNCTIONS:152 - json_value( ... )
2026-01-07 14:53:26 DEBUG HQL_FUNCTIONS:152 - lagANY value[, INTEGER offset[, ANY default]]
2026-01-07 14:53:26 DEBUG HQL_FUNCTIONS:152 - Date last_day(DATE arg)
2026-01-07 14:53:26 DEBUG HQL_FUNCTIONS:152 - last_valueANY value
2026-01-07 14:53:26 DEBUG HQL_FUNCTIONS:152 - leadANY value[, INTEGER offset[, ANY default]]
2026-01-07 14:53:26 DEBUG HQL_FUNCTIONS:152 - least(COMPARABLE arg0, COMPARABLE arg1[, arg2[, ...]])
2026-01-07 14:53:26 DEBUG HQL_FUNCTIONS:152 - String left(STRING string, INTEGER length)
2026-01-07 14:53:26 DEBUG HQL_FUNCTIONS:152 - Integer length(STRING_OR_CLOB arg)
2026-01-07 14:53:26 DEBUG HQL_FUNCTIONS:152 - String listagg(STRING arg0, STRING arg1)
2026-01-07 14:53:26 DEBUG HQL_FUNCTIONS:152 - Double ln(NUMERIC arg)
2026-01-07 14:53:26 DEBUG HQL_FUNCTIONS:152 - LocalDate local date
2026-01-07 14:53:26 DEBUG HQL_FUNCTIONS:152 - LocalDateTime local datetime
2026-01-07 14:53:26 DEBUG HQL_FUNCTIONS:152 - LocalTime local time
2026-01-07 14:53:26 DEBUG HQL_FUNCTIONS:152 - LocalDate local_date
2026-01-07 14:53:26 DEBUG HQL_FUNCTIONS:152 - LocalDateTime local_datetime
2026-01-07 14:53:26 DEBUG HQL_FUNCTIONS:152 - LocalTime local_time
2026-01-07 14:53:26 DEBUG HQL_FUNCTIONS:152 - Time localtime
2026-01-07 14:53:26 DEBUG HQL_FUNCTIONS:152 - Timestamp localtimestamp
2026-01-07 14:53:26 DEBUG HQL_FUNCTIONS:152 - Integer locate(STRING pattern, STRING string[, INTEGER start])
2026-01-07 14:53:26 DEBUG HQL_FUNCTIONS:152 - Double log(NUMERIC arg0[, NUMERIC arg1])
2026-01-07 14:53:26 DEBUG HQL_FUNCTIONS:152 - Double log10(NUMERIC arg)
2026-01-07 14:53:26 DEBUG HQL_FUNCTIONS:152 - Double log2(NUMERIC arg)
2026-01-07 14:53:26 DEBUG HQL_FUNCTIONS:152 - String lower(STRING string)
2026-01-07 14:53:26 DEBUG HQL_FUNCTIONS:152 - String lpad(string, length[, padding])
2026-01-07 14:53:26 DEBUG HQL_FUNCTIONS:152 - String ltrim(STRING string[, STRING characters])
2026-01-07 14:53:26 DEBUG HQL_FUNCTIONS:152 - Date makedate(INTEGER year, INTEGER dayofyear)
2026-01-07 14:53:26 DEBUG HQL_FUNCTIONS:152 - Time maketime(INTEGER hour, INTEGER min, INTEGER sec)
2026-01-07 14:53:26 DEBUG HQL_FUNCTIONS:152 - max(COMPARABLE arg)
2026-01-07 14:53:26 DEBUG HQL_FUNCTIONS:152 - byte[] md5(arg)
2026-01-07 14:53:26 DEBUG HQL_FUNCTIONS:152 - Integer microsecond(TIME arg)
2026-01-07 14:53:26 DEBUG HQL_FUNCTIONS:152 - min(COMPARABLE arg)
2026-01-07 14:53:26 DEBUG HQL_FUNCTIONS:152 - Integer minute(TIME arg)
2026-01-07 14:53:26 DEBUG HQL_FUNCTIONS:152 - Integer mod(INTEGER arg0, INTEGER arg1)
2026-01-07 14:53:26 DEBUG HQL_FUNCTIONS:152 - Integer month(DATE arg)
2026-01-07 14:53:26 DEBUG HQL_FUNCTIONS:152 - String monthname(DATE arg)
2026-01-07 14:53:26 DEBUG HQL_FUNCTIONS:152 - Timestamp now()
2026-01-07 14:53:26 DEBUG HQL_FUNCTIONS:152 - nth_valueANY value, INTEGER nth
2026-01-07 14:53:26 DEBUG HQL_FUNCTIONS:152 - nullif(arg0, arg1)
2026-01-07 14:53:26 DEBUG HQL_FUNCTIONS:152 - Integer octet_length(STRING_OR_CLOB arg)
2026-01-07 14:53:26 DEBUG HQL_FUNCTIONS:152 - OffsetDateTime offset datetime
2026-01-07 14:53:26 DEBUG HQL_FUNCTIONS:152 - OffsetDateTime offset_datetime
2026-01-07 14:53:26 DEBUG HQL_FUNCTIONS:152 - Integer ordinal(ENUM arg)
2026-01-07 14:53:26 DEBUG HQL_FUNCTIONS:152 - String overlay(STRING string placing STRING replacement from INTEGER start[ for INTEGER length])
2026-01-07 14:53:26 DEBUG HQL_FUNCTIONS:152 - String pad(STRING string with INTEGER length {leading|trailing}[ STRING character])
2026-01-07 14:53:26 DEBUG HQL_FUNCTIONS:152 - Double percent_rank([arg0[, ...]])
2026-01-07 14:53:26 DEBUG HQL_FUNCTIONS:152 - Double pi
2026-01-07 14:53:26 DEBUG HQL_FUNCTIONS:152 - Integer position(STRING pattern in STRING string)
2026-01-07 14:53:26 DEBUG HQL_FUNCTIONS:152 - Double power(NUMERIC arg0, NUMERIC arg1)
2026-01-07 14:53:26 DEBUG HQL_FUNCTIONS:152 - Integer quarter(DATE arg)
2026-01-07 14:53:26 DEBUG HQL_FUNCTIONS:152 - Double radians(NUMERIC arg)
2026-01-07 14:53:26 DEBUG HQL_FUNCTIONS:152 - Double rand([INTEGER seed])
2026-01-07 14:53:26 DEBUG HQL_FUNCTIONS:152 - Long rank([arg0[, ...]])
2026-01-07 14:53:26 DEBUG HQL_FUNCTIONS:152 - String repeat(STRING string, INTEGER times)
2026-01-07 14:53:26 DEBUG HQL_FUNCTIONS:152 - String replace(STRING string, STRING pattern, STRING replacement)
2026-01-07 14:53:26 DEBUG HQL_FUNCTIONS:152 - String reverse(STRING arg)
2026-01-07 14:53:26 DEBUG HQL_FUNCTIONS:152 - String right(STRING string, INTEGER length)
2026-01-07 14:53:26 DEBUG HQL_FUNCTIONS:152 - round(NUMERIC number[, INTEGER places])
2026-01-07 14:53:26 DEBUG HQL_FUNCTIONS:152 - Long row_number()
2026-01-07 14:53:26 DEBUG HQL_FUNCTIONS:152 - String rpad(string, length[, padding])
2026-01-07 14:53:26 DEBUG HQL_FUNCTIONS:152 - String rtrim(STRING string[, STRING characters])
2026-01-07 14:53:26 DEBUG HQL_FUNCTIONS:152 - Integer second(TIME arg)
2026-01-07 14:53:26 DEBUG HQL_FUNCTIONS:152 - byte[] sha(arg)
2026-01-07 14:53:26 DEBUG HQL_FUNCTIONS:152 - String sha1(arg)
2026-01-07 14:53:26 DEBUG HQL_FUNCTIONS:152 - String sha2(arg0, arg1)
2026-01-07 14:53:26 DEBUG HQL_FUNCTIONS:152 - Integer sign(NUMERIC arg)
2026-01-07 14:53:26 DEBUG HQL_FUNCTIONS:152 - Double sin(NUMERIC arg)
2026-01-07 14:53:26 DEBUG HQL_FUNCTIONS:152 - Double sinh(NUMERIC arg)
2026-01-07 14:53:26 DEBUG HQL_FUNCTIONS:152 - String soundex(arg)
2026-01-07 14:53:26 DEBUG HQL_FUNCTIONS:152 - String space(INTEGER arg)
2026-01-07 14:53:26 DEBUG HQL_FUNCTIONS:152 - Object sql
2026-01-07 14:53:26 DEBUG HQL_FUNCTIONS:152 - Double sqrt(NUMERIC arg)
2026-01-07 14:53:26 DEBUG HQL_FUNCTIONS:152 - Double stddev(NUMERIC arg)
2026-01-07 14:53:26 DEBUG HQL_FUNCTIONS:152 - Double stddev_pop(NUMERIC arg)
2026-01-07 14:53:26 DEBUG HQL_FUNCTIONS:152 - Double stddev_samp(NUMERIC arg)
2026-01-07 14:53:26 DEBUG HQL_FUNCTIONS:152 - String str(arg)
2026-01-07 14:53:26 DEBUG HQL_FUNCTIONS:152 - subdate(DATE datetime, INTEGER days)
2026-01-07 14:53:26 DEBUG HQL_FUNCTIONS:152 - String substr(STRING string, INTEGER start[, INTEGER length])
2026-01-07 14:53:26 DEBUG HQL_FUNCTIONS:152 - String substring(STRING string{ from|,} INTEGER start[{ for|,} INTEGER length])
2026-01-07 14:53:26 DEBUG HQL_FUNCTIONS:152 - subtime(TIME datetime, TIME time)
2026-01-07 14:53:26 DEBUG HQL_FUNCTIONS:152 - sum(arg)
2026-01-07 14:53:26 DEBUG HQL_FUNCTIONS:152 - Timestamp sysdate()
2026-01-07 14:53:26 DEBUG HQL_FUNCTIONS:152 - Double tan(NUMERIC arg)
2026-01-07 14:53:26 DEBUG HQL_FUNCTIONS:152 - Double tanh(NUMERIC arg)
2026-01-07 14:53:26 DEBUG HQL_FUNCTIONS:152 - String time(arg)
2026-01-07 14:53:26 DEBUG HQL_FUNCTIONS:152 - Timestamp timestamp(arg0[, arg1])
2026-01-07 14:53:26 DEBUG HQL_FUNCTIONS:152 - timestampadd(TEMPORAL_UNIT field, INTEGER magnitude, TEMPORAL datetime)
2026-01-07 14:53:26 DEBUG HQL_FUNCTIONS:152 - Long|Double timestampdiff(TEMPORAL_UNIT field, TEMPORAL start, TEMPORAL end)
2026-01-07 14:53:26 DEBUG HQL_FUNCTIONS:152 - String trim([[{leading|trailing|both} ][STRING arg0 ]from] STRING arg1)
2026-01-07 14:53:26 DEBUG HQL_FUNCTIONS:152 - trunc( ... )
2026-01-07 14:53:26 DEBUG HQL_FUNCTIONS:152 - truncate( ... )
2026-01-07 14:53:26 DEBUG HQL_FUNCTIONS:152 - String upper(STRING string)
2026-01-07 14:53:26 DEBUG HQL_FUNCTIONS:152 - Date utc_date
2026-01-07 14:53:26 DEBUG HQL_FUNCTIONS:152 - Time utc_time
2026-01-07 14:53:26 DEBUG HQL_FUNCTIONS:152 - Timestamp utc_timestamp
2026-01-07 14:53:26 DEBUG HQL_FUNCTIONS:152 - Double var_pop(NUMERIC arg)
2026-01-07 14:53:26 DEBUG HQL_FUNCTIONS:152 - Double var_samp(NUMERIC arg)
2026-01-07 14:53:26 DEBUG HQL_FUNCTIONS:152 - Double variance(NUMERIC arg)
2026-01-07 14:53:26 DEBUG HQL_FUNCTIONS:152 - Integer week(DATE arg)
2026-01-07 14:53:26 DEBUG HQL_FUNCTIONS:152 - Integer year(DATE arg)
2026-01-07 14:53:26 DEBUG cache:49 - Starting QueryInterpretationCache(2048)
2026-01-07 14:53:26 DEBUG ClassLoaderAccessImpl:58 - Not known whether passed class name [com.test.Cricketer] is safe
2026-01-07 14:53:26 DEBUG ClassLoaderAccessImpl:60 - No temp ClassLoader provided; using live ClassLoader for loading potentially unsafe class : com.test.Cricketer
2026-01-07 14:53:27 DEBUG BytecodeProviderImpl:232 - HHH000513: Unable to create the ReflectionOptimizer for [com.test.Cricketer]: private accessor [name]
2026-01-07 14:53:27 DEBUG ClassLoaderAccessImpl:58 - Not known whether passed class name [com.test.TennisPlayer] is safe
2026-01-07 14:53:27 DEBUG ClassLoaderAccessImpl:60 - No temp ClassLoader provided; using live ClassLoader for loading potentially unsafe class : com.test.TennisPlayer
2026-01-07 14:53:27 DEBUG BytecodeProviderImpl:232 - HHH000513: Unable to create the ReflectionOptimizer for [com.test.TennisPlayer]: private accessor [name]
2026-01-07 14:53:27 DEBUG ClassLoaderAccessImpl:58 - Not known whether passed class name [com.test.Player] is safe
2026-01-07 14:53:27 DEBUG ClassLoaderAccessImpl:60 - No temp ClassLoader provided; using live ClassLoader for loading potentially unsafe class : com.test.Player
2026-01-07 14:53:27 DEBUG BytecodeProviderImpl:232 - HHH000513: Unable to create the ReflectionOptimizer for [com.test.Player]: private accessor [name]
2026-01-07 14:53:27 DEBUG creation:102 - Starting post-init callbacks
2026-01-07 14:53:27 DEBUG creation:252 - Starting PostInitCallbackEntry : Entity(com.test.Player) `staticFetchableList` generator
2026-01-07 14:53:27 DEBUG creation:252 - Starting PostInitCallbackEntry : Entity(com.test.Player) `sqmMultiTableMutationStrategy` interpretation
2026-01-07 14:53:27 DEBUG creation:252 - Starting PostInitCallbackEntry : Entity(com.test.Player) `sqmMultiTableInsertStrategy` interpretation
2026-01-07 14:53:27 DEBUG creation:252 - Starting PostInitCallbackEntry : Entity(com.test.Cricketer) `staticFetchableList` generator
2026-01-07 14:53:27 DEBUG creation:252 - Starting PostInitCallbackEntry : Entity(com.test.Cricketer) `sqmMultiTableMutationStrategy` interpretation
2026-01-07 14:53:27 DEBUG creation:252 - Starting PostInitCallbackEntry : Entity(com.test.Cricketer) `sqmMultiTableInsertStrategy` interpretation
2026-01-07 14:53:27 DEBUG creation:252 - Starting PostInitCallbackEntry : Entity(com.test.TennisPlayer) `staticFetchableList` generator
2026-01-07 14:53:27 DEBUG creation:252 - Starting PostInitCallbackEntry : Entity(com.test.TennisPlayer) `sqmMultiTableMutationStrategy` interpretation
2026-01-07 14:53:27 DEBUG creation:252 - Starting PostInitCallbackEntry : Entity(com.test.TennisPlayer) `sqmMultiTableInsertStrategy` interpretation
2026-01-07 14:53:27 DEBUG create:30 - Created new SQL alias : c1_0
2026-01-07 14:53:27 DEBUG create:121 - Registration of TableGroup [StandardTableGroup(com.test.Cricketer)] with identifierForTableGroup [com.test.Cricketer] for NavigablePath [com.test.Cricketer] 
2026-01-07 14:53:27 DEBUG create:30 - Created new SQL alias : c1_1
2026-01-07 14:53:27 DEBUG AST:67 - DomainResult Graph:
 \-EntityResultImpl [com.test.Cricketer]
 |  +-BasicFetch [com.test.Cricketer.name]
 |  +-BasicFetch [com.test.Cricketer.jerseyNumber]
 |  \-BasicFetch [com.test.Cricketer.type]

2026-01-07 14:53:27 DEBUG tree:43 - SQL AST Tree:
    SelectStatement {
      FromClause {
        StandardTableGroup (c1 : com.test.Cricketer) {
          primaryTableReference : cricket as c1_0
          TableReferenceJoins {
             join player_1 as c1_1
          }
        }
      }
    }

2026-01-07 14:53:27 DEBUG AbstractEntityPersister:2673 - Static SQL for entity: com.test.Cricketer
2026-01-07 14:53:27 DEBUG AbstractEntityPersister:2678 -  Version select: select id from player_1 where id=?
2026-01-07 14:53:27 DEBUG AbstractEntityPersister:393 -  Insert (0): insert into player_1 (name,id) values (?,?)
2026-01-07 14:53:27 DEBUG AbstractEntityPersister:393 -  Insert (1): insert into cricket (jerseyNumber,type,id) values (?,?,?)
2026-01-07 14:53:27 DEBUG AbstractEntityPersister:393 -  Update (0): update player_1 set name=? where id=?
2026-01-07 14:53:27 DEBUG AbstractEntityPersister:393 -  Update (1): update cricket set jerseyNumber=?,type=? where id=?
2026-01-07 14:53:27 DEBUG AbstractEntityPersister:393 -  Delete (0): delete from cricket where id=?
2026-01-07 14:53:27 DEBUG AbstractEntityPersister:393 -  Delete (1): delete from player_1 where id=?
2026-01-07 14:53:27 DEBUG create:30 - Created new SQL alias : tp1_0
2026-01-07 14:53:27 DEBUG create:121 - Registration of TableGroup [StandardTableGroup(com.test.TennisPlayer)] with identifierForTableGroup [com.test.TennisPlayer] for NavigablePath [com.test.TennisPlayer] 
2026-01-07 14:53:27 DEBUG create:30 - Created new SQL alias : tp1_1
2026-01-07 14:53:27 DEBUG AST:67 - DomainResult Graph:
 \-EntityResultImpl [com.test.TennisPlayer]
 |  +-BasicFetch [com.test.TennisPlayer.name]
 |  +-BasicFetch [com.test.TennisPlayer.noOfMatches]
 |  \-BasicFetch [com.test.TennisPlayer.wonMatches]

2026-01-07 14:53:27 DEBUG tree:43 - SQL AST Tree:
    SelectStatement {
      FromClause {
        StandardTableGroup (tp1 : com.test.TennisPlayer) {
          primaryTableReference : tennis as tp1_0
          TableReferenceJoins {
             join player_1 as tp1_1
          }
        }
      }
    }

2026-01-07 14:53:27 DEBUG AbstractEntityPersister:2673 - Static SQL for entity: com.test.TennisPlayer
2026-01-07 14:53:27 DEBUG AbstractEntityPersister:2678 -  Version select: select id from player_1 where id=?
2026-01-07 14:53:27 DEBUG AbstractEntityPersister:393 -  Insert (0): insert into player_1 (name,id) values (?,?)
2026-01-07 14:53:27 DEBUG AbstractEntityPersister:393 -  Insert (1): insert into tennis (noOfMatches,wonMatches,id) values (?,?,?)
2026-01-07 14:53:27 DEBUG AbstractEntityPersister:393 -  Update (0): update player_1 set name=? where id=?
2026-01-07 14:53:27 DEBUG AbstractEntityPersister:393 -  Update (1): update tennis set noOfMatches=?,wonMatches=? where id=?
2026-01-07 14:53:27 DEBUG AbstractEntityPersister:393 -  Delete (0): delete from tennis where id=?
2026-01-07 14:53:27 DEBUG AbstractEntityPersister:393 -  Delete (1): delete from player_1 where id=?
2026-01-07 14:53:27 DEBUG create:30 - Created new SQL alias : p1_0
2026-01-07 14:53:27 DEBUG create:121 - Registration of TableGroup [StandardTableGroup(com.test.Player)] with identifierForTableGroup [com.test.Player] for NavigablePath [com.test.Player] 
2026-01-07 14:53:27 DEBUG create:30 - Created new SQL alias : p1_1
2026-01-07 14:53:27 DEBUG create:30 - Created new SQL alias : p1_2
2026-01-07 14:53:27 DEBUG AST:67 - DomainResult Graph:
 \-EntityResultImpl [com.test.Player]
 |  +-BasicFetch [com.test.Player.name]
 |  +-BasicFetch [treat(com.test.Player as com.test.Cricketer).jerseyNumber]
 |  +-BasicFetch [treat(com.test.Player as com.test.Cricketer).type]
 |  +-BasicFetch [treat(com.test.Player as com.test.TennisPlayer).noOfMatches]
 |  \-BasicFetch [treat(com.test.Player as com.test.TennisPlayer).wonMatches]

2026-01-07 14:53:27 DEBUG tree:43 - SQL AST Tree:
    SelectStatement {
      FromClause {
        StandardTableGroup (p1 : com.test.Player) {
          primaryTableReference : player_1 as p1_0
          TableReferenceJoins {
            left  join cricket as p1_1
            left  join tennis as p1_2
          }
        }
      }
    }

2026-01-07 14:53:27 DEBUG AbstractEntityPersister:2673 - Static SQL for entity: com.test.Player
2026-01-07 14:53:27 DEBUG AbstractEntityPersister:2678 -  Version select: select id from player_1 where id=?
2026-01-07 14:53:27 DEBUG AbstractEntityPersister:393 -  Insert (0): insert into player_1 (name,id) values (?,?)
2026-01-07 14:53:27 DEBUG AbstractEntityPersister:393 -  Update (0): update player_1 set name=? where id=?
2026-01-07 14:53:27 DEBUG AbstractEntityPersister:393 -  Delete (0): delete from player_1 where id=?
2026-01-07 14:53:27 DEBUG JtaPlatformInitiator:44 - No JtaPlatform was specified, checking resolver
2026-01-07 14:53:27 DEBUG JtaPlatformResolverInitiator:32 - No JtaPlatformResolver was specified, using default [org.hibernate.engine.transaction.jta.platform.internal.StandardJtaPlatformResolver]
2026-01-07 14:53:27 DEBUG StandardJtaPlatformResolver:100 - Could not resolve JtaPlatform, using default [org.hibernate.engine.transaction.jta.platform.internal.NoJtaPlatform]
2026-01-07 14:53:27 INFO  JtaPlatformInitiator:58 - HHH000489: No JTA platform available (set 'hibernate.transaction.jta.platform' to enable JTA platform integration)
2026-01-07 14:53:27 DEBUG EntityCopyObserverFactoryInitiator:37 - Configured EntityCopyObserver strategy: disallow
2026-01-07 14:53:27 DEBUG SessionFactoryServiceRegistryImpl:103 - EventListenerRegistry access via ServiceRegistry is deprecated.  Use `sessionFactory.getEventEngine().getListenerRegistry()` instead
2026-01-07 14:53:27 DEBUG TypeConfiguration$Scope:209 - Scoping TypeConfiguration [org.hibernate.type.spi.TypeConfiguration@672a1c62] to SessionFactoryImplementor [org.hibernate.internal.SessionFactoryImpl@23321be7]
2026-01-07 14:53:27 DEBUG NamedObjectRepository:324 - Checking 0 named HQL queries
2026-01-07 14:53:27 DEBUG NamedObjectRepository:348 - Checking 0 named SQL queries
2026-01-07 14:53:27 DEBUG SQL:130 - 
    alter table cricket 
       drop 
       foreign key FKljea20yfv3umbuk4fvua6837q
2026-01-07 14:53:27 INFO  access:50 - HHH10001501: Connection obtained from JdbcConnectionAccess [org.hibernate.engine.jdbc.env.internal.JdbcEnvironmentInitiator$ConnectionProviderJdbcConnectionAccess@376498da] for (non-JTA) DDL execution was not in auto-commit mode; the Connection 'local transaction' will be committed and the Connection will be set into auto-commit mode.
2026-01-07 14:53:27 WARN  ExceptionHandlerLoggedImpl:25 - GenerationTarget encountered exception accepting command : Error executing DDL "
    alter table cricket 
       drop 
       foreign key FKljea20yfv3umbuk4fvua6837q" via JDBC [Can't DROP 'FKljea20yfv3umbuk4fvua6837q'; check that column/key exists]
org.hibernate.tool.schema.spi.CommandAcceptanceException: Error executing DDL "
    alter table cricket 
       drop 
       foreign key FKljea20yfv3umbuk4fvua6837q" via JDBC [Can't DROP 'FKljea20yfv3umbuk4fvua6837q'; check that column/key exists]
	at org.hibernate.tool.schema.internal.exec.GenerationTargetToDatabase.accept(GenerationTargetToDatabase.java:93) ~[hibernate-core-7.0.0.Final.jar:7.0.0.Final]
	at org.hibernate.tool.schema.internal.Helper.applySqlString(Helper.java:221) ~[hibernate-core-7.0.0.Final.jar:7.0.0.Final]
	at org.hibernate.tool.schema.internal.Helper.applySqlStrings(Helper.java:207) ~[hibernate-core-7.0.0.Final.jar:7.0.0.Final]
	at org.hibernate.tool.schema.internal.SchemaDropperImpl.applyConstraintDropping(SchemaDropperImpl.java:479) ~[hibernate-core-7.0.0.Final.jar:7.0.0.Final]
	at org.hibernate.tool.schema.internal.SchemaDropperImpl.dropConstraintsTablesSequences(SchemaDropperImpl.java:244) ~[hibernate-core-7.0.0.Final.jar:7.0.0.Final]
	at org.hibernate.tool.schema.internal.SchemaDropperImpl.dropFromMetadata(SchemaDropperImpl.java:217) ~[hibernate-core-7.0.0.Final.jar:7.0.0.Final]
	at org.hibernate.tool.schema.internal.SchemaDropperImpl.performDrop(SchemaDropperImpl.java:185) ~[hibernate-core-7.0.0.Final.jar:7.0.0.Final]
	at org.hibernate.tool.schema.internal.SchemaDropperImpl.doDrop(SchemaDropperImpl.java:155) ~[hibernate-core-7.0.0.Final.jar:7.0.0.Final]
	at org.hibernate.tool.schema.internal.SchemaDropperImpl.doDrop(SchemaDropperImpl.java:115) ~[hibernate-core-7.0.0.Final.jar:7.0.0.Final]
	at org.hibernate.tool.schema.spi.SchemaManagementToolCoordinator.performDatabaseAction(SchemaManagementToolCoordinator.java:225) ~[hibernate-core-7.0.0.Final.jar:7.0.0.Final]
	at org.hibernate.tool.schema.spi.SchemaManagementToolCoordinator.lambda$process$5(SchemaManagementToolCoordinator.java:142) ~[hibernate-core-7.0.0.Final.jar:7.0.0.Final]
	at java.util.HashMap.forEach(HashMap.java:1429) [?:?]
	at org.hibernate.tool.schema.spi.SchemaManagementToolCoordinator.process(SchemaManagementToolCoordinator.java:139) [hibernate-core-7.0.0.Final.jar:7.0.0.Final]
	at org.hibernate.boot.internal.SessionFactoryObserverForSchemaExport.sessionFactoryCreated(SessionFactoryObserverForSchemaExport.java:35) [hibernate-core-7.0.0.Final.jar:7.0.0.Final]
	at org.hibernate.internal.SessionFactoryObserverChain.sessionFactoryCreated(SessionFactoryObserverChain.java:33) [hibernate-core-7.0.0.Final.jar:7.0.0.Final]
	at org.hibernate.internal.SessionFactoryImpl.<init>(SessionFactoryImpl.java:350) [hibernate-core-7.0.0.Final.jar:7.0.0.Final]
	at org.hibernate.boot.internal.SessionFactoryBuilderImpl.build(SessionFactoryBuilderImpl.java:430) [hibernate-core-7.0.0.Final.jar:7.0.0.Final]
	at org.hibernate.cfg.Configuration.buildSessionFactory(Configuration.java:1089) [hibernate-core-7.0.0.Final.jar:7.0.0.Final]
	at org.hibernate.cfg.Configuration.buildSessionFactory(Configuration.java:1108) [hibernate-core-7.0.0.Final.jar:7.0.0.Final]
	at com.test.StoredData.main(StoredData.java:14) [classes/:?]
Caused by: java.sql.SQLSyntaxErrorException: Can't DROP 'FKljea20yfv3umbuk4fvua6837q'; check that column/key exists
	at com.mysql.cj.jdbc.exceptions.SQLError.createSQLException(SQLError.java:121) ~[mysql-connector-j-8.0.33.jar:8.0.33]
	at com.mysql.cj.jdbc.exceptions.SQLExceptionsMapping.translateException(SQLExceptionsMapping.java:122) ~[mysql-connector-j-8.0.33.jar:8.0.33]
	at com.mysql.cj.jdbc.StatementImpl.executeInternal(StatementImpl.java:763) ~[mysql-connector-j-8.0.33.jar:8.0.33]
	at com.mysql.cj.jdbc.StatementImpl.execute(StatementImpl.java:648) ~[mysql-connector-j-8.0.33.jar:8.0.33]
	at org.hibernate.tool.schema.internal.exec.GenerationTargetToDatabase.accept(GenerationTargetToDatabase.java:79) ~[hibernate-core-7.0.0.Final.jar:7.0.0.Final]
	... 19 more
2026-01-07 14:53:27 DEBUG SQL:130 - 
    alter table tennis 
       drop 
       foreign key FKrk5x42o8s4g5vvxqtbg95ddsc
2026-01-07 14:53:27 WARN  ExceptionHandlerLoggedImpl:25 - GenerationTarget encountered exception accepting command : Error executing DDL "
    alter table tennis 
       drop 
       foreign key FKrk5x42o8s4g5vvxqtbg95ddsc" via JDBC [Can't DROP 'FKrk5x42o8s4g5vvxqtbg95ddsc'; check that column/key exists]
org.hibernate.tool.schema.spi.CommandAcceptanceException: Error executing DDL "
    alter table tennis 
       drop 
       foreign key FKrk5x42o8s4g5vvxqtbg95ddsc" via JDBC [Can't DROP 'FKrk5x42o8s4g5vvxqtbg95ddsc'; check that column/key exists]
	at org.hibernate.tool.schema.internal.exec.GenerationTargetToDatabase.accept(GenerationTargetToDatabase.java:93) ~[hibernate-core-7.0.0.Final.jar:7.0.0.Final]
	at org.hibernate.tool.schema.internal.Helper.applySqlString(Helper.java:221) ~[hibernate-core-7.0.0.Final.jar:7.0.0.Final]
	at org.hibernate.tool.schema.internal.Helper.applySqlStrings(Helper.java:207) ~[hibernate-core-7.0.0.Final.jar:7.0.0.Final]
	at org.hibernate.tool.schema.internal.SchemaDropperImpl.applyConstraintDropping(SchemaDropperImpl.java:479) ~[hibernate-core-7.0.0.Final.jar:7.0.0.Final]
	at org.hibernate.tool.schema.internal.SchemaDropperImpl.dropConstraintsTablesSequences(SchemaDropperImpl.java:244) ~[hibernate-core-7.0.0.Final.jar:7.0.0.Final]
	at org.hibernate.tool.schema.internal.SchemaDropperImpl.dropFromMetadata(SchemaDropperImpl.java:217) ~[hibernate-core-7.0.0.Final.jar:7.0.0.Final]
	at org.hibernate.tool.schema.internal.SchemaDropperImpl.performDrop(SchemaDropperImpl.java:185) ~[hibernate-core-7.0.0.Final.jar:7.0.0.Final]
	at org.hibernate.tool.schema.internal.SchemaDropperImpl.doDrop(SchemaDropperImpl.java:155) ~[hibernate-core-7.0.0.Final.jar:7.0.0.Final]
	at org.hibernate.tool.schema.internal.SchemaDropperImpl.doDrop(SchemaDropperImpl.java:115) ~[hibernate-core-7.0.0.Final.jar:7.0.0.Final]
	at org.hibernate.tool.schema.spi.SchemaManagementToolCoordinator.performDatabaseAction(SchemaManagementToolCoordinator.java:225) ~[hibernate-core-7.0.0.Final.jar:7.0.0.Final]
	at org.hibernate.tool.schema.spi.SchemaManagementToolCoordinator.lambda$process$5(SchemaManagementToolCoordinator.java:142) ~[hibernate-core-7.0.0.Final.jar:7.0.0.Final]
	at java.util.HashMap.forEach(HashMap.java:1429) [?:?]
	at org.hibernate.tool.schema.spi.SchemaManagementToolCoordinator.process(SchemaManagementToolCoordinator.java:139) [hibernate-core-7.0.0.Final.jar:7.0.0.Final]
	at org.hibernate.boot.internal.SessionFactoryObserverForSchemaExport.sessionFactoryCreated(SessionFactoryObserverForSchemaExport.java:35) [hibernate-core-7.0.0.Final.jar:7.0.0.Final]
	at org.hibernate.internal.SessionFactoryObserverChain.sessionFactoryCreated(SessionFactoryObserverChain.java:33) [hibernate-core-7.0.0.Final.jar:7.0.0.Final]
	at org.hibernate.internal.SessionFactoryImpl.<init>(SessionFactoryImpl.java:350) [hibernate-core-7.0.0.Final.jar:7.0.0.Final]
	at org.hibernate.boot.internal.SessionFactoryBuilderImpl.build(SessionFactoryBuilderImpl.java:430) [hibernate-core-7.0.0.Final.jar:7.0.0.Final]
	at org.hibernate.cfg.Configuration.buildSessionFactory(Configuration.java:1089) [hibernate-core-7.0.0.Final.jar:7.0.0.Final]
	at org.hibernate.cfg.Configuration.buildSessionFactory(Configuration.java:1108) [hibernate-core-7.0.0.Final.jar:7.0.0.Final]
	at com.test.StoredData.main(StoredData.java:14) [classes/:?]
Caused by: java.sql.SQLSyntaxErrorException: Can't DROP 'FKrk5x42o8s4g5vvxqtbg95ddsc'; check that column/key exists
	at com.mysql.cj.jdbc.exceptions.SQLError.createSQLException(SQLError.java:121) ~[mysql-connector-j-8.0.33.jar:8.0.33]
	at com.mysql.cj.jdbc.exceptions.SQLExceptionsMapping.translateException(SQLExceptionsMapping.java:122) ~[mysql-connector-j-8.0.33.jar:8.0.33]
	at com.mysql.cj.jdbc.StatementImpl.executeInternal(StatementImpl.java:763) ~[mysql-connector-j-8.0.33.jar:8.0.33]
	at com.mysql.cj.jdbc.StatementImpl.execute(StatementImpl.java:648) ~[mysql-connector-j-8.0.33.jar:8.0.33]
	at org.hibernate.tool.schema.internal.exec.GenerationTargetToDatabase.accept(GenerationTargetToDatabase.java:79) ~[hibernate-core-7.0.0.Final.jar:7.0.0.Final]
	... 19 more
2026-01-07 14:53:27 DEBUG SQL:130 - 
    drop table if exists cricket
2026-01-07 14:53:27 DEBUG SQL:130 - 
    drop table if exists player_1
2026-01-07 14:53:27 DEBUG SQL:130 - 
    drop table if exists player_1_SEQ
2026-01-07 14:53:28 DEBUG SQL:130 - 
    drop table if exists tennis
2026-01-07 14:53:28 DEBUG SQL:130 - 
    create table cricket (
        id integer not null,
        jerseyNumber varchar(255),
        type varchar(255),
        primary key (id)
    ) engine=InnoDB
2026-01-07 14:53:28 INFO  access:50 - HHH10001501: Connection obtained from JdbcConnectionAccess [org.hibernate.engine.jdbc.env.internal.JdbcEnvironmentInitiator$ConnectionProviderJdbcConnectionAccess@7ee64b53] for (non-JTA) DDL execution was not in auto-commit mode; the Connection 'local transaction' will be committed and the Connection will be set into auto-commit mode.
2026-01-07 14:53:28 DEBUG SQL:130 - 
    create table player_1 (
        id integer not null,
        name varchar(255),
        primary key (id)
    ) engine=InnoDB
2026-01-07 14:53:29 DEBUG SQL:130 - 
    create table player_1_SEQ (
        next_val bigint
    ) engine=InnoDB
2026-01-07 14:53:29 DEBUG SQL:130 - 
    insert into player_1_SEQ values ( 1 )
2026-01-07 14:53:29 DEBUG SQL:130 - 
    create table tennis (
        id integer not null,
        noOfMatches integer not null,
        wonMatches integer not null,
        primary key (id)
    ) engine=InnoDB
2026-01-07 14:53:29 DEBUG SQL:130 - 
    alter table cricket 
       add constraint FKljea20yfv3umbuk4fvua6837q 
       foreign key (id) 
       references player_1 (id)
2026-01-07 14:53:30 DEBUG SQL:130 - 
    alter table tennis 
       add constraint FKrk5x42o8s4g5vvxqtbg95ddsc 
       foreign key (id) 
       references player_1 (id)
2026-01-07 14:53:31 DEBUG factoryRegistry:51 - Initializing SessionFactoryRegistry : org.hibernate.internal.SessionFactoryRegistry@3a4f8e8a
2026-01-07 14:53:31 DEBUG factoryRegistry:73 - HHH020384: Registering SessionFactory: 04e17c40-35e7-49c7-92ea-f0b7ec8d5548 (<unnamed>)
2026-01-07 14:53:31 DEBUG factoryRegistry:80 - HHH020385: Not binding SessionFactory to JNDI, no JNDI name configured
2026-01-07 14:53:31 DEBUG SessionFactoryImpl:364 - Instantiated factory
2026-01-07 14:53:31 DEBUG StatisticsInitiator:47 - Statistics initialized [enabled=false]
2026-01-07 14:53:31 DEBUG TransactionImpl:75 - begin transaction
2026-01-07 14:53:31 DEBUG SQL:130 - 
    select
        next_val as id_val 
    from
        player_1_SEQ 
    for
        update
2026-01-07 14:53:31 DEBUG SQL:130 - 
    update
        player_1_SEQ 
    set
        next_val= ? 
    where
        next_val=?
2026-01-07 14:53:31 DEBUG AbstractSaveEventListener:163 - Generated identifier [1] using generator 'org.hibernate.id.enhanced.SequenceStyleGenerator'
2026-01-07 14:53:31 DEBUG SQL:130 - 
    select
        next_val as id_val 
    from
        player_1_SEQ 
    for
        update
2026-01-07 14:53:31 DEBUG SQL:130 - 
    update
        player_1_SEQ 
    set
        next_val= ? 
    where
        next_val=?
2026-01-07 14:53:31 DEBUG AbstractSaveEventListener:163 - Generated identifier [2] using generator 'org.hibernate.id.enhanced.SequenceStyleGenerator'
2026-01-07 14:53:31 DEBUG AbstractSaveEventListener:163 - Generated identifier [3] using generator 'org.hibernate.id.enhanced.SequenceStyleGenerator'
2026-01-07 14:53:31 DEBUG TransactionImpl:88 - committing transaction
2026-01-07 14:53:31 DEBUG AbstractFlushingEventListener:130 - Processing flush-time cascades
2026-01-07 14:53:31 DEBUG AbstractFlushingEventListener:188 - Dirty checking collections
2026-01-07 14:53:31 DEBUG AbstractFlushingEventListener:105 - Flushed: 3 insertions, 0 updates, 0 deletions to 3 objects
2026-01-07 14:53:31 DEBUG AbstractFlushingEventListener:112 - Flushed: 0 (re)creations, 0 updates, 0 removals to 0 collections
2026-01-07 14:53:31 DEBUG EntityPrinter:102 - Listing entities:
2026-01-07 14:53:31 DEBUG EntityPrinter:113 - com.test.Cricketer{name=Rohit, jerseyNumber=45, id=2, type=Batsman}
2026-01-07 14:53:31 DEBUG EntityPrinter:113 - com.test.Player{name=Rohit, id=1}
2026-01-07 14:53:31 DEBUG EntityPrinter:113 - com.test.TennisPlayer{noOfMatches=100, wonMatches=90, name=Ayush, id=3}
2026-01-07 14:53:31 DEBUG SQL:130 - 
    insert 
    into
        player_1
        (name, id) 
    values
        (?, ?)
2026-01-07 14:53:31 DEBUG SQL:130 - 
    insert 
    into
        player_1
        (name, id) 
    values
        (?, ?)
2026-01-07 14:53:31 DEBUG SQL:130 - 
    insert 
    into
        cricket
        (jerseyNumber, type, id) 
    values
        (?, ?, ?)
2026-01-07 14:53:31 DEBUG SQL:130 - 
    insert 
    into
        player_1
        (name, id) 
    values
        (?, ?)
2026-01-07 14:53:31 DEBUG SQL:130 - 
    insert 
    into
        tennis
        (noOfMatches, wonMatches, id) 
    values
        (?, ?, ?)
2026-01-07 14:53:31 DEBUG JdbcEventHandler:127 - Aborting batches as part of ResourceRegistryStandardImpl#releaseResources
2026-01-07 14:53:31 DEBUG LogicalConnectionManagedImpl:182 - Initiating JDBC connection release from afterTransaction
2026-01-07 14:53:31 DEBUG JdbcEventHandler:127 - Aborting batches as part of ResourceRegistryStandardImpl#releaseResources
2026-01-07 14:53:31 DEBUG JdbcEventHandler:127 - Aborting batches as part of ResourceRegistryStandardImpl#releaseResources
2026-01-07 14:53:31 DEBUG LogicalConnectionManagedImpl:182 - Initiating JDBC connection release from afterTransaction
2026-01-07 14:53:31 DEBUG metrics:279 - HHH000401: Logging session metrics:
	20272700 ns acquiring 3 JDBC connections
	1550600 ns releasing 3 JDBC connections
	7101600 ns preparing 9 JDBC statements
	43728700 ns executing 9 JDBC statements
	0 ns executing 0 JDBC batches
	0 ns performing 0 second-level cache puts
	0 ns performing 0 second-level cache hits
	0 ns performing 0 second-level cache misses
	64414600 ns executing 1 flushes (flushing a total of 3 entities and 0 collections)
	0 ns executing 0 pre-partial-flushes
	0 ns executing 0 partial-flushes (flushing a total of 0 entities and 0 collections)

2026-01-07 14:53:31 DEBUG JdbcEventHandler:127 - Aborting batches as part of ResourceRegistryStandardImpl#releaseResources
